ISO-10303-21;
HEADER;
FILE_DESCRIPTION(('Open CASCADE Model'),'2;1');
FILE_NAME('Open CASCADE Shape Model','2026-08-03T06:57:32',('Author'),(
    'Open CASCADE'),'Open CASCADE STEP processor 7.9','Open CASCADE 7.9'
  ,'Unknown');
FILE_SCHEMA(('AUTOMOTIVE_DESIGN { 1 0 10303 214 1 1 1 1 }'));
ENDSEC;
DATA;
#1 = APPLICATION_PROTOCOL_DEFINITION('international standard',
  'automotive_design',2000,#2);
#2 = APPLICATION_CONTEXT(
  'core data for automotive mechanical design processes');
#3 = SHAPE_DEFINITION_REPRESENTATION(#4,#10);
#4 = PRODUCT_DEFINITION_SHAPE('','',#5);
#5 = PRODUCT_DEFINITION('design','',#6,#9);
#6 = PRODUCT_DEFINITION_FORMATION('','',#7);
#7 = PRODUCT('Open CASCADE STEP translator 7.9 1',
  'Open CASCADE STEP translator 7.9 1','',(#8));
#8 = PRODUCT_CONTEXT('',#2,'mechanical');
#9 = PRODUCT_DEFINITION_CONTEXT('part definition',#2,'design');
#10 = SHAPE_REPRESENTATION('',(#11,#15,#19),#23);
#11 = AXIS2_PLACEMENT_3D('',#12,#13,#14);
#12 = CARTESIAN_POINT('',(0.,0.,0.));
#13 = DIRECTION('',(0.,0.,1.));
#14 = DIRECTION('',(1.,0.,-0.));
#15 = AXIS2_PLACEMENT_3D('',#16,#17,#18);
#16 = CARTESIAN_POINT('',(0.,0.,0.));
#17 = DIRECTION('',(0.,0.,1.));
#18 = DIRECTION('',(1.,0.,-0.));
#19 = AXIS2_PLACEMENT_3D('',#20,#21,#22);
#20 = CARTESIAN_POINT('',(0.,0.,0.));
#21 = DIRECTION('',(0.,0.,1.));
#22 = DIRECTION('',(1.,0.,-0.));
#23 = ( GEOMETRIC_REPRESENTATION_CONTEXT(3) 
GLOBAL_UNCERTAINTY_ASSIGNED_CONTEXT((#27)) GLOBAL_UNIT_ASSIGNED_CONTEXT(
(#24,#25,#26)) REPRESENTATION_CONTEXT('Context #1',
  '3D Context with UNIT and UNCERTAINTY') );
#24 = ( LENGTH_UNIT() NAMED_UNIT(*) SI_UNIT(.MILLI.,.METRE.) );
#25 = ( NAMED_UNIT(*) PLANE_ANGLE_UNIT() SI_UNIT($,.RADIAN.) );
#26 = ( NAMED_UNIT(*) SI_UNIT($,.STERADIAN.) SOLID_ANGLE_UNIT() );
#27 = UNCERTAINTY_MEASURE_WITH_UNIT(LENGTH_MEASURE(1.E-07),#24,
  'distance_accuracy_value','confusion accuracy');
#28 = PRODUCT_RELATED_PRODUCT_CATEGORY('part',$,(#7));
#29 = SHAPE_DEFINITION_REPRESENTATION(#30,#36);
#30 = PRODUCT_DEFINITION_SHAPE('','',#31);
#31 = PRODUCT_DEFINITION('design','',#32,#35);
#32 = PRODUCT_DEFINITION_FORMATION('','',#33);
#33 = PRODUCT('Open CASCADE STEP translator 7.9 1.1',
  'Open CASCADE STEP translator 7.9 1.1','',(#34));
#34 = PRODUCT_CONTEXT('',#2,'mechanical');
#35 = PRODUCT_DEFINITION_CONTEXT('part definition',#2,'design');
#36 = ADVANCED_BREP_SHAPE_REPRESENTATION('',(#11,#37),#229);
#37 = MANIFOLD_SOLID_BREP('',#38);
#38 = CLOSED_SHELL('',(#39,#127,#166,#170,#225));
#39 = ADVANCED_FACE('',(#40),#54,.T.);
#40 = FACE_BOUND('',#41,.F.);
#41 = EDGE_LOOP('',(#42,#72,#99,#100));
#42 = ORIENTED_EDGE('',*,*,#43,.T.);
#43 = EDGE_CURVE('',#44,#46,#48,.T.);
#44 = VERTEX_POINT('',#45);
#45 = CARTESIAN_POINT('',(19.79,1.97,4.62));
#46 = VERTEX_POINT('',#47);
#47 = CARTESIAN_POINT('',(22.44,1.97,4.62));
#48 = SEAM_CURVE('',#49,(#53,#65),.PCURVE_S1.);
#49 = LINE('',#50,#51);
#50 = CARTESIAN_POINT('',(19.79,1.97,4.62));
#51 = VECTOR('',#52,1.);
#52 = DIRECTION('',(1.,0.,0.));
#53 = PCURVE('',#54,#59);
#54 = CYLINDRICAL_SURFACE('',#55,1.97);
#55 = AXIS2_PLACEMENT_3D('',#56,#57,#58);
#56 = CARTESIAN_POINT('',(19.79,0.,4.62));
#57 = DIRECTION('',(-1.,-0.,-0.));
#58 = DIRECTION('',(0.,1.,0.));
#59 = DEFINITIONAL_REPRESENTATION('',(#60),#64);
#60 = LINE('',#61,#62);
#61 = CARTESIAN_POINT('',(-0.,0.));
#62 = VECTOR('',#63,1.);
#63 = DIRECTION('',(-0.,-1.));
#64 = ( GEOMETRIC_REPRESENTATION_CONTEXT(2) 
PARAMETRIC_REPRESENTATION_CONTEXT() REPRESENTATION_CONTEXT('2D SPACE',''
  ) );
#65 = PCURVE('',#54,#66);
#66 = DEFINITIONAL_REPRESENTATION('',(#67),#71);
#67 = LINE('',#68,#69);
#68 = CARTESIAN_POINT('',(-6.28318530718,0.));
#69 = VECTOR('',#70,1.);
#70 = DIRECTION('',(-0.,-1.));
#71 = ( GEOMETRIC_REPRESENTATION_CONTEXT(2) 
PARAMETRIC_REPRESENTATION_CONTEXT() REPRESENTATION_CONTEXT('2D SPACE',''
  ) );
#72 = ORIENTED_EDGE('',*,*,#73,.T.);
#73 = EDGE_CURVE('',#46,#46,#74,.T.);
#74 = SURFACE_CURVE('',#75,(#80,#87),.PCURVE_S1.);
#75 = CIRCLE('',#76,1.97);
#76 = AXIS2_PLACEMENT_3D('',#77,#78,#79);
#77 = CARTESIAN_POINT('',(22.44,0.,4.62));
#78 = DIRECTION('',(1.,0.,0.));
#79 = DIRECTION('',(0.,1.,0.));
#80 = PCURVE('',#54,#81);
#81 = DEFINITIONAL_REPRESENTATION('',(#82),#86);
#82 = LINE('',#83,#84);
#83 = CARTESIAN_POINT('',(-0.,-2.65));
#84 = VECTOR('',#85,1.);
#85 = DIRECTION('',(-1.,0.));
#86 = ( GEOMETRIC_REPRESENTATION_CONTEXT(2) 
PARAMETRIC_REPRESENTATION_CONTEXT() REPRESENTATION_CONTEXT('2D SPACE',''
  ) );
#87 = PCURVE('',#88,#93);
#88 = PLANE('',#89);
#89 = AXIS2_PLACEMENT_3D('',#90,#91,#92);
#90 = CARTESIAN_POINT('',(22.44,-8.676650587179E-17,4.62));
#91 = DIRECTION('',(1.,0.,0.));
#92 = DIRECTION('',(-0.,0.,1.));
#93 = DEFINITIONAL_REPRESENTATION('',(#94),#98);
#94 = CIRCLE('',#95,1.97);
#95 = AXIS2_PLACEMENT_2D('',#96,#97);
#96 = CARTESIAN_POINT('',(0.,-8.676650587179E-17));
#97 = DIRECTION('',(0.,-1.));
#98 = ( GEOMETRIC_REPRESENTATION_CONTEXT(2) 
PARAMETRIC_REPRESENTATION_CONTEXT() REPRESENTATION_CONTEXT('2D SPACE',''
  ) );
#99 = ORIENTED_EDGE('',*,*,#43,.F.);
#100 = ORIENTED_EDGE('',*,*,#101,.F.);
#101 = EDGE_CURVE('',#44,#44,#102,.T.);
#102 = SURFACE_CURVE('',#103,(#108,#115),.PCURVE_S1.);
#103 = CIRCLE('',#104,1.97);
#104 = AXIS2_PLACEMENT_3D('',#105,#106,#107);
#105 = CARTESIAN_POINT('',(19.79,0.,4.62));
#106 = DIRECTION('',(1.,0.,0.));
#107 = DIRECTION('',(0.,1.,0.));
#108 = PCURVE('',#54,#109);
#109 = DEFINITIONAL_REPRESENTATION('',(#110),#114);
#110 = LINE('',#111,#112);
#111 = CARTESIAN_POINT('',(-0.,0.));
#112 = VECTOR('',#113,1.);
#113 = DIRECTION('',(-1.,0.));
#114 = ( GEOMETRIC_REPRESENTATION_CONTEXT(2) 
PARAMETRIC_REPRESENTATION_CONTEXT() REPRESENTATION_CONTEXT('2D SPACE',''
  ) );
#115 = PCURVE('',#116,#121);
#116 = PLANE('',#117);
#117 = AXIS2_PLACEMENT_3D('',#118,#119,#120);
#118 = CARTESIAN_POINT('',(19.79,-8.676650587179E-17,4.62));
#119 = DIRECTION('',(1.,0.,0.));
#120 = DIRECTION('',(-0.,0.,1.));
#121 = DEFINITIONAL_REPRESENTATION('',(#122),#126);
#122 = CIRCLE('',#123,1.97);
#123 = AXIS2_PLACEMENT_2D('',#124,#125);
#124 = CARTESIAN_POINT('',(0.,-8.676650587179E-17));
#125 = DIRECTION('',(0.,-1.));
#126 = ( GEOMETRIC_REPRESENTATION_CONTEXT(2) 
PARAMETRIC_REPRESENTATION_CONTEXT() REPRESENTATION_CONTEXT('2D SPACE',''
  ) );
#127 = ADVANCED_FACE('',(#128,#131),#116,.F.);
#128 = FACE_BOUND('',#129,.F.);
#129 = EDGE_LOOP('',(#130));
#130 = ORIENTED_EDGE('',*,*,#101,.T.);
#131 = FACE_BOUND('',#132,.F.);
#132 = EDGE_LOOP('',(#133));
#133 = ORIENTED_EDGE('',*,*,#134,.T.);
#134 = EDGE_CURVE('',#135,#135,#137,.T.);
#135 = VERTEX_POINT('',#136);
#136 = CARTESIAN_POINT('',(19.79,1.22,4.62));
#137 = SURFACE_CURVE('',#138,(#143,#154),.PCURVE_S1.);
#138 = CIRCLE('',#139,1.22);
#139 = AXIS2_PLACEMENT_3D('',#140,#141,#142);
#140 = CARTESIAN_POINT('',(19.79,0.,4.62));
#141 = DIRECTION('',(-1.,0.,0.));
#142 = DIRECTION('',(0.,1.,0.));
#143 = PCURVE('',#116,#144);
#144 = DEFINITIONAL_REPRESENTATION('',(#145),#153);
#145 = ( BOUNDED_CURVE() B_SPLINE_CURVE(2,(#146,#147,#148,#149,#150,#151
,#152),.UNSPECIFIED.,.T.,.F.) B_SPLINE_CURVE_WITH_KNOTS((1,2,2,2,2,1),(
    -2.094395102393,0.,2.094395102393,4.188790204786,6.28318530718,
8.377580409573),.UNSPECIFIED.) CURVE() GEOMETRIC_REPRESENTATION_ITEM() 
RATIONAL_B_SPLINE_CURVE((1.,0.5,1.,0.5,1.,0.5,1.)) REPRESENTATION_ITEM(
  '') );
#146 = CARTESIAN_POINT('',(0.,-1.22));
#147 = CARTESIAN_POINT('',(-2.113101985234,-1.22));
#148 = CARTESIAN_POINT('',(-1.056550992617,0.61));
#149 = CARTESIAN_POINT('',(-2.98813818992E-16,2.44));
#150 = CARTESIAN_POINT('',(1.056550992617,0.61));
#151 = CARTESIAN_POINT('',(2.113101985234,-1.22));
#152 = CARTESIAN_POINT('',(0.,-1.22));
#153 = ( GEOMETRIC_REPRESENTATION_CONTEXT(2) 
PARAMETRIC_REPRESENTATION_CONTEXT() REPRESENTATION_CONTEXT('2D SPACE',''
  ) );
#154 = PCURVE('',#155,#160);
#155 = CYLINDRICAL_SURFACE('',#156,1.22);
#156 = AXIS2_PLACEMENT_3D('',#157,#158,#159);
#157 = CARTESIAN_POINT('',(14.6,0.,4.62));
#158 = DIRECTION('',(-1.,-0.,-0.));
#159 = DIRECTION('',(0.,1.,0.));
#160 = DEFINITIONAL_REPRESENTATION('',(#161),#165);
#161 = LINE('',#162,#163);
#162 = CARTESIAN_POINT('',(-6.28318530718,-5.19));
#163 = VECTOR('',#164,1.);
#164 = DIRECTION('',(1.,-0.));
#165 = ( GEOMETRIC_REPRESENTATION_CONTEXT(2) 
PARAMETRIC_REPRESENTATION_CONTEXT() REPRESENTATION_CONTEXT('2D SPACE',''
  ) );
#166 = ADVANCED_FACE('',(#167),#88,.T.);
#167 = FACE_BOUND('',#168,.T.);
#168 = EDGE_LOOP('',(#169));
#169 = ORIENTED_EDGE('',*,*,#73,.T.);
#170 = ADVANCED_FACE('',(#171),#155,.T.);
#171 = FACE_BOUND('',#172,.F.);
#172 = EDGE_LOOP('',(#173,#202,#223,#224));
#173 = ORIENTED_EDGE('',*,*,#174,.F.);
#174 = EDGE_CURVE('',#175,#175,#177,.T.);
#175 = VERTEX_POINT('',#176);
#176 = CARTESIAN_POINT('',(14.6,1.22,4.62));
#177 = SURFACE_CURVE('',#178,(#183,#190),.PCURVE_S1.);
#178 = CIRCLE('',#179,1.22);
#179 = AXIS2_PLACEMENT_3D('',#180,#181,#182);
#180 = CARTESIAN_POINT('',(14.6,0.,4.62));
#181 = DIRECTION('',(1.,0.,0.));
#182 = DIRECTION('',(0.,1.,0.));
#183 = PCURVE('',#155,#184);
#184 = DEFINITIONAL_REPRESENTATION('',(#185),#189);
#185 = LINE('',#186,#187);
#186 = CARTESIAN_POINT('',(-0.,0.));
#187 = VECTOR('',#188,1.);
#188 = DIRECTION('',(-1.,0.));
#189 = ( GEOMETRIC_REPRESENTATION_CONTEXT(2) 
PARAMETRIC_REPRESENTATION_CONTEXT() REPRESENTATION_CONTEXT('2D SPACE',''
  ) );
#190 = PCURVE('',#191,#196);
#191 = PLANE('',#192);
#192 = AXIS2_PLACEMENT_3D('',#193,#194,#195);
#193 = CARTESIAN_POINT('',(14.6,-7.005328547845E-17,4.62));
#194 = DIRECTION('',(1.,0.,0.));
#195 = DIRECTION('',(-0.,0.,1.));
#196 = DEFINITIONAL_REPRESENTATION('',(#197),#201);
#197 = CIRCLE('',#198,1.22);
#198 = AXIS2_PLACEMENT_2D('',#199,#200);
#199 = CARTESIAN_POINT('',(8.881784197001E-16,-7.005328547845E-17));
#200 = DIRECTION('',(0.,-1.));
#201 = ( GEOMETRIC_REPRESENTATION_CONTEXT(2) 
PARAMETRIC_REPRESENTATION_CONTEXT() REPRESENTATION_CONTEXT('2D SPACE',''
  ) );
#202 = ORIENTED_EDGE('',*,*,#203,.T.);
#203 = EDGE_CURVE('',#175,#135,#204,.T.);
#204 = SEAM_CURVE('',#205,(#209,#216),.PCURVE_S1.);
#205 = LINE('',#206,#207);
#206 = CARTESIAN_POINT('',(14.6,1.22,4.62));
#207 = VECTOR('',#208,1.);
#208 = DIRECTION('',(1.,0.,0.));
#209 = PCURVE('',#155,#210);
#210 = DEFINITIONAL_REPRESENTATION('',(#211),#215);
#211 = LINE('',#212,#213);
#212 = CARTESIAN_POINT('',(-6.28318530718,0.));
#213 = VECTOR('',#214,1.);
#214 = DIRECTION('',(-0.,-1.));
#215 = ( GEOMETRIC_REPRESENTATION_CONTEXT(2) 
PARAMETRIC_REPRESENTATION_CONTEXT() REPRESENTATION_CONTEXT('2D SPACE',''
  ) );
#216 = PCURVE('',#155,#217);
#217 = DEFINITIONAL_REPRESENTATION('',(#218),#222);
#218 = LINE('',#219,#220);
#219 = CARTESIAN_POINT('',(-0.,0.));
#220 = VECTOR('',#221,1.);
#221 = DIRECTION('',(-0.,-1.));
#222 = ( GEOMETRIC_REPRESENTATION_CONTEXT(2) 
PARAMETRIC_REPRESENTATION_CONTEXT() REPRESENTATION_CONTEXT('2D SPACE',''
  ) );
#223 = ORIENTED_EDGE('',*,*,#134,.F.);
#224 = ORIENTED_EDGE('',*,*,#203,.F.);
#225 = ADVANCED_FACE('',(#226),#191,.F.);
#226 = FACE_BOUND('',#227,.F.);
#227 = EDGE_LOOP('',(#228));
#228 = ORIENTED_EDGE('',*,*,#174,.T.);
#229 = ( GEOMETRIC_REPRESENTATION_CONTEXT(3) 
GLOBAL_UNCERTAINTY_ASSIGNED_CONTEXT((#233)) GLOBAL_UNIT_ASSIGNED_CONTEXT
((#230,#231,#232)) REPRESENTATION_CONTEXT('Context #1',
  '3D Context with UNIT and UNCERTAINTY') );
#230 = ( LENGTH_UNIT() NAMED_UNIT(*) SI_UNIT(.MILLI.,.METRE.) );
#231 = ( NAMED_UNIT(*) PLANE_ANGLE_UNIT() SI_UNIT($,.RADIAN.) );
#232 = ( NAMED_UNIT(*) SI_UNIT($,.STERADIAN.) SOLID_ANGLE_UNIT() );
#233 = UNCERTAINTY_MEASURE_WITH_UNIT(LENGTH_MEASURE(1.E-07),#230,
  'distance_accuracy_value','confusion accuracy');
#234 = CONTEXT_DEPENDENT_SHAPE_REPRESENTATION(#235,#237);
#235 = ( REPRESENTATION_RELATIONSHIP('','',#36,#10) 
REPRESENTATION_RELATIONSHIP_WITH_TRANSFORMATION(#236) 
SHAPE_REPRESENTATION_RELATIONSHIP() );
#236 = ITEM_DEFINED_TRANSFORMATION('','',#11,#15);
#237 = PRODUCT_DEFINITION_SHAPE('Placement','Placement of an item',#238
  );
#238 = NEXT_ASSEMBLY_USAGE_OCCURRENCE('1','','',#5,#31,$);
#239 = PRODUCT_RELATED_PRODUCT_CATEGORY('part',$,(#33));
#240 = SHAPE_DEFINITION_REPRESENTATION(#241,#247);
#241 = PRODUCT_DEFINITION_SHAPE('','',#242);
#242 = PRODUCT_DEFINITION('design','',#243,#246);
#243 = PRODUCT_DEFINITION_FORMATION('','',#244);
#244 = PRODUCT('Open CASCADE STEP translator 7.9 1.2',
  'Open CASCADE STEP translator 7.9 1.2','',(#245));
#245 = PRODUCT_CONTEXT('',#2,'mechanical');
#246 = PRODUCT_DEFINITION_CONTEXT('part definition',#2,'design');
#247 = ADVANCED_BREP_SHAPE_REPRESENTATION('',(#11,#248),#5818);
#248 = MANIFOLD_SOLID_BREP('',#249);
#249 = CLOSED_SHELL('',(#250,#3254,#3281,#3309,#3970,#3998,#4003,#4031,
    #4036,#4064,#4069,#4097,#4102,#4130,#4135,#4163,#4168,#4196,#4201,
    #4229,#4234,#4262,#4267,#4295,#4300,#4328,#4333,#4361,#4366,#4394,
    #4399,#4427,#4432,#4460,#4465,#4493,#4498,#4526,#4531,#4559,#4564,
    #4592,#4597,#4625,#4630,#4658,#4663,#4691,#4696,#4724,#4729,#4757,
    #4762,#4790,#4795,#4823,#4828,#4856,#4861,#5149,#5204,#5280,#5329,
    #5378,#5427,#5476,#5503,#5579,#5628,#5677,#5704,#5743,#5752,#5759,
    #5814));
#250 = ADVANCED_FACE('',(#251),#265,.T.);
#251 = FACE_BOUND('',#252,.T.);
#252 = EDGE_LOOP('',(#253,#286,#315,#341,#374,#395,#419,#445,#478,#499,
    #523,#549,#582,#603,#627,#653,#686,#707,#731,#757,#790,#811,#835,
    #861,#894,#915,#939,#965,#998,#1019,#1043,#1069,#1102,#1123,#1147,
    #1173,#1206,#1227,#1251,#1277,#1310,#1331,#1355,#1381,#1414,#1435,
    #1459,#1485,#1518,#1539,#1563,#1589,#1622,#1643,#1667,#1693,#1726,
    #1747,#1771,#1797,#1830,#1851,#1875,#1901,#1934,#1955,#1979,#2005,
    #2038,#2059,#2083,#2109,#2142,#2163,#2187,#2213,#2246,#2267,#2291,
    #2317,#2350,#2371,#2395,#2421,#2454,#2475,#2499,#2525,#2558,#2579,
    #2603,#2629,#2662,#2683,#2707,#2733,#2766,#2787,#2811,#2837,#2870,
    #2891,#2915,#2941,#2974,#2995,#3019,#3045,#3078,#3099,#3123,#3144,
    #3177,#3200,#3227,#3228));
#253 = ORIENTED_EDGE('',*,*,#254,.T.);
#254 = EDGE_CURVE('',#255,#257,#259,.T.);
#255 = VERTEX_POINT('',#256);
#256 = CARTESIAN_POINT('',(22.45,3.114184,4.879774929783));
#257 = VERTEX_POINT('',#258);
#258 = CARTESIAN_POINT('',(19.8,3.114184,4.879774929783));
#259 = SURFACE_CURVE('',#260,(#264,#275),.PCURVE_S1.);
#260 = LINE('',#261,#262);
#261 = CARTESIAN_POINT('',(19.8,3.114184,4.879774929783));
#262 = VECTOR('',#263,1.);
#263 = DIRECTION('',(-1.,-0.,-0.));
#264 = PCURVE('',#265,#270);
#265 = CYLINDRICAL_SURFACE('',#266,3.125);
#266 = AXIS2_PLACEMENT_3D('',#267,#268,#269);
#267 = CARTESIAN_POINT('',(19.8,0.,4.62));
#268 = DIRECTION('',(-1.,-0.,-0.));
#269 = DIRECTION('',(0.,1.,0.));
#270 = DEFINITIONAL_REPRESENTATION('',(#271),#274);
#271 = B_SPLINE_CURVE_WITH_KNOTS('',1,(#272,#273),.UNSPECIFIED.,.F.,.F.,
  (2,2),(-2.6500006,5.999999999062E-07),.PIECEWISE_BEZIER_KNOTS.);
#272 = CARTESIAN_POINT('',(6.199961291374,-2.6500006));
#273 = CARTESIAN_POINT('',(6.199961291374,5.999999999062E-07));
#274 = ( GEOMETRIC_REPRESENTATION_CONTEXT(2) 
PARAMETRIC_REPRESENTATION_CONTEXT() REPRESENTATION_CONTEXT('2D SPACE',''
  ) );
#275 = PCURVE('',#276,#281);
#276 = CYLINDRICAL_SURFACE('',#277,0.26);
#277 = AXIS2_PLACEMENT_3D('',#278,#279,#280);
#278 = CARTESIAN_POINT('',(19.8,3.125,4.62));
#279 = DIRECTION('',(-1.,-0.,-0.));
#280 = DIRECTION('',(0.,1.,0.));
#281 = DEFINITIONAL_REPRESENTATION('',(#282),#285);
#282 = B_SPLINE_CURVE_WITH_KNOTS('',1,(#283,#284),.UNSPECIFIED.,.F.,.F.,
  (2,2),(-2.6500006,5.999999999062E-07),.PIECEWISE_BEZIER_KNOTS.);
#283 = CARTESIAN_POINT('',(4.670776972482,-2.6500006));
#284 = CARTESIAN_POINT('',(4.670776972482,5.999999999062E-07));
#285 = ( GEOMETRIC_REPRESENTATION_CONTEXT(2) 
PARAMETRIC_REPRESENTATION_CONTEXT() REPRESENTATION_CONTEXT('2D SPACE',''
  ) );
#286 = ORIENTED_EDGE('',*,*,#287,.T.);
#287 = EDGE_CURVE('',#257,#288,#290,.T.);
#288 = VERTEX_POINT('',#289);
#289 = CARTESIAN_POINT('',(19.8,3.093910265264,5.059709302261));
#290 = SURFACE_CURVE('',#291,(#296,#303),.PCURVE_S1.);
#291 = CIRCLE('',#292,3.125);
#292 = AXIS2_PLACEMENT_3D('',#293,#294,#295);
#293 = CARTESIAN_POINT('',(19.8,0.,4.62));
#294 = DIRECTION('',(1.,0.,0.));
#295 = DIRECTION('',(-0.,1.,0.));
#296 = PCURVE('',#265,#297);
#297 = DEFINITIONAL_REPRESENTATION('',(#298),#302);
#298 = LINE('',#299,#300);
#299 = CARTESIAN_POINT('',(6.28318530718,0.));
#300 = VECTOR('',#301,1.);
#301 = DIRECTION('',(-1.,0.));
#302 = ( GEOMETRIC_REPRESENTATION_CONTEXT(2) 
PARAMETRIC_REPRESENTATION_CONTEXT() REPRESENTATION_CONTEXT('2D SPACE',''
  ) );
#303 = PCURVE('',#304,#309);
#304 = PLANE('',#305);
#305 = AXIS2_PLACEMENT_3D('',#306,#307,#308);
#306 = CARTESIAN_POINT('',(19.8,-1.093952106032E-16,4.62));
#307 = DIRECTION('',(1.,0.,0.));
#308 = DIRECTION('',(-0.,0.,1.));
#309 = DEFINITIONAL_REPRESENTATION('',(#310),#314);
#310 = CIRCLE('',#311,3.125);
#311 = AXIS2_PLACEMENT_2D('',#312,#313);
#312 = CARTESIAN_POINT('',(0.,-1.093952106032E-16));
#313 = DIRECTION('',(0.,-1.));
#314 = ( GEOMETRIC_REPRESENTATION_CONTEXT(2) 
PARAMETRIC_REPRESENTATION_CONTEXT() REPRESENTATION_CONTEXT('2D SPACE',''
  ) );
#315 = ORIENTED_EDGE('',*,*,#316,.F.);
#316 = EDGE_CURVE('',#317,#288,#319,.T.);
#317 = VERTEX_POINT('',#318);
#318 = CARTESIAN_POINT('',(22.45,3.093910265264,5.059709302261));
#319 = SURFACE_CURVE('',#320,(#324,#330),.PCURVE_S1.);
#320 = LINE('',#321,#322);
#321 = CARTESIAN_POINT('',(19.8,3.093910265264,5.059709302261));
#322 = VECTOR('',#323,1.);
#323 = DIRECTION('',(-1.,-0.,-0.));
#324 = PCURVE('',#265,#325);
#325 = DEFINITIONAL_REPRESENTATION('',(#326),#329);
#326 = B_SPLINE_CURVE_WITH_KNOTS('',1,(#327,#328),.UNSPECIFIED.,.F.,.F.,
  (2,2),(-2.6500006,5.999999999062E-07),.PIECEWISE_BEZIER_KNOTS.);
#327 = CARTESIAN_POINT('',(6.142009847729,-2.6500006));
#328 = CARTESIAN_POINT('',(6.142009847729,5.999999999062E-07));
#329 = ( GEOMETRIC_REPRESENTATION_CONTEXT(2) 
PARAMETRIC_REPRESENTATION_CONTEXT() REPRESENTATION_CONTEXT('2D SPACE',''
  ) );
#330 = PCURVE('',#331,#336);
#331 = CYLINDRICAL_SURFACE('',#332,0.26);
#332 = AXIS2_PLACEMENT_3D('',#333,#334,#335);
#333 = CARTESIAN_POINT('',(19.8,3.046649725568,5.315377918613));
#334 = DIRECTION('',(-1.,0.,-0.));
#335 = DIRECTION('',(0.,0.974927912182,0.222520933956));
#336 = DEFINITIONAL_REPRESENTATION('',(#337),#340);
#337 = B_SPLINE_CURVE_WITH_KNOTS('',1,(#338,#339),.UNSPECIFIED.,.F.,.F.,
  (2,2),(-2.6500006,5.999999999062E-07),.PIECEWISE_BEZIER_KNOTS.);
#338 = CARTESIAN_POINT('',(1.612408334698,-2.6500006));
#339 = CARTESIAN_POINT('',(1.612408334698,5.999999999062E-07));
#340 = ( GEOMETRIC_REPRESENTATION_CONTEXT(2) 
PARAMETRIC_REPRESENTATION_CONTEXT() REPRESENTATION_CONTEXT('2D SPACE',''
  ) );
#341 = ORIENTED_EDGE('',*,*,#342,.F.);
#342 = EDGE_CURVE('',#343,#317,#345,.T.);
#343 = VERTEX_POINT('',#344);
#344 = CARTESIAN_POINT('',(22.45,2.978299545276,5.566232962123));
#345 = SURFACE_CURVE('',#346,(#351,#358),.PCURVE_S1.);
#346 = CIRCLE('',#347,3.125);
#347 = AXIS2_PLACEMENT_3D('',#348,#349,#350);
#348 = CARTESIAN_POINT('',(22.45,0.,4.62));
#349 = DIRECTION('',(-1.,0.,0.));
#350 = DIRECTION('',(0.,1.,0.));
#351 = PCURVE('',#265,#352);
#352 = DEFINITIONAL_REPRESENTATION('',(#353),#357);
#353 = LINE('',#354,#355);
#354 = CARTESIAN_POINT('',(-4.138911435803E-13,-2.65));
#355 = VECTOR('',#356,1.);
#356 = DIRECTION('',(1.,-0.));
#357 = ( GEOMETRIC_REPRESENTATION_CONTEXT(2) 
PARAMETRIC_REPRESENTATION_CONTEXT() REPRESENTATION_CONTEXT('2D SPACE',''
  ) );
#358 = PCURVE('',#359,#364);
#359 = PLANE('',#360);
#360 = AXIS2_PLACEMENT_3D('',#361,#362,#363);
#361 = CARTESIAN_POINT('',(22.45,3.046649725568,5.315377918613));
#362 = DIRECTION('',(1.,0.,0.));
#363 = DIRECTION('',(0.,-0.222520933956,0.974927912182));
#364 = DEFINITIONAL_REPRESENTATION('',(#365),#373);
#365 = ( BOUNDED_CURVE() B_SPLINE_CURVE(2,(#366,#367,#368,#369,#370,#371
,#372),.UNSPECIFIED.,.T.,.F.) B_SPLINE_CURVE_WITH_KNOTS((1,2,2,2,2,1),(
    -2.094395102393,0.,2.094395102393,4.188790204786,6.28318530718,
8.377580409573),.UNSPECIFIED.) CURVE() GEOMETRIC_REPRESENTATION_ITEM() 
RATIONAL_B_SPLINE_CURVE((1.,0.5,1.,0.5,1.,0.5,1.)) REPRESENTATION_ITEM(
  '') );
#366 = CARTESIAN_POINT('',(-0.695377918613,7.835027443126E-02));
#367 = CARTESIAN_POINT('',(-5.972330036163,1.282780159929));
#368 = CARTESIAN_POINT('',(-2.29078709947,5.250539805533));
#369 = CARTESIAN_POINT('',(1.390755837224,9.218299451137));
#370 = CARTESIAN_POINT('',(2.986165018081,4.046109920035));
#371 = CARTESIAN_POINT('',(4.581574198937,-1.126079611067));
#372 = CARTESIAN_POINT('',(-0.695377918613,7.835027443126E-02));
#373 = ( GEOMETRIC_REPRESENTATION_CONTEXT(2) 
PARAMETRIC_REPRESENTATION_CONTEXT() REPRESENTATION_CONTEXT('2D SPACE',''
  ) );
#374 = ORIENTED_EDGE('',*,*,#375,.T.);
#375 = EDGE_CURVE('',#343,#376,#378,.T.);
#376 = VERTEX_POINT('',#377);
#377 = CARTESIAN_POINT('',(19.8,2.978299545276,5.566232962123));
#378 = SURFACE_CURVE('',#379,(#383,#389),.PCURVE_S1.);
#379 = LINE('',#380,#381);
#380 = CARTESIAN_POINT('',(19.8,2.978299545276,5.566232962123));
#381 = VECTOR('',#382,1.);
#382 = DIRECTION('',(-1.,-0.,-0.));
#383 = PCURVE('',#265,#384);
#384 = DEFINITIONAL_REPRESENTATION('',(#385),#388);
#385 = B_SPLINE_CURVE_WITH_KNOTS('',1,(#386,#387),.UNSPECIFIED.,.F.,.F.,
  (2,2),(-2.6500006,5.999999999062E-07),.PIECEWISE_BEZIER_KNOTS.);
#386 = CARTESIAN_POINT('',(5.975561816118,-2.6500006));
#387 = CARTESIAN_POINT('',(5.975561816118,5.999999999062E-07));
#388 = ( GEOMETRIC_REPRESENTATION_CONTEXT(2) 
PARAMETRIC_REPRESENTATION_CONTEXT() REPRESENTATION_CONTEXT('2D SPACE',''
  ) );
#389 = PCURVE('',#331,#390);
#390 = DEFINITIONAL_REPRESENTATION('',(#391),#394);
#391 = B_SPLINE_CURVE_WITH_KNOTS('',1,(#392,#393),.UNSPECIFIED.,.F.,.F.,
  (2,2),(-2.6500006,5.999999999062E-07),.PIECEWISE_BEZIER_KNOTS.);
#392 = CARTESIAN_POINT('',(4.670776972482,-2.6500006));
#393 = CARTESIAN_POINT('',(4.670776972482,5.999999999062E-07));
#394 = ( GEOMETRIC_REPRESENTATION_CONTEXT(2) 
PARAMETRIC_REPRESENTATION_CONTEXT() REPRESENTATION_CONTEXT('2D SPACE',''
  ) );
#395 = ORIENTED_EDGE('',*,*,#396,.T.);
#396 = EDGE_CURVE('',#376,#397,#399,.T.);
#397 = VERTEX_POINT('',#398);
#398 = CARTESIAN_POINT('',(19.8,2.918494950783,5.737144673824));
#399 = SURFACE_CURVE('',#400,(#405,#412),.PCURVE_S1.);
#400 = CIRCLE('',#401,3.125);
#401 = AXIS2_PLACEMENT_3D('',#402,#403,#404);
#402 = CARTESIAN_POINT('',(19.8,0.,4.62));
#403 = DIRECTION('',(1.,0.,0.));
#404 = DIRECTION('',(-0.,1.,0.));
#405 = PCURVE('',#265,#406);
#406 = DEFINITIONAL_REPRESENTATION('',(#407),#411);
#407 = LINE('',#408,#409);
#408 = CARTESIAN_POINT('',(6.28318530718,0.));
#409 = VECTOR('',#410,1.);
#410 = DIRECTION('',(-1.,0.));
#411 = ( GEOMETRIC_REPRESENTATION_CONTEXT(2) 
PARAMETRIC_REPRESENTATION_CONTEXT() REPRESENTATION_CONTEXT('2D SPACE',''
  ) );
#412 = PCURVE('',#304,#413);
#413 = DEFINITIONAL_REPRESENTATION('',(#414),#418);
#414 = CIRCLE('',#415,3.125);
#415 = AXIS2_PLACEMENT_2D('',#416,#417);
#416 = CARTESIAN_POINT('',(0.,-1.093952106032E-16));
#417 = DIRECTION('',(0.,-1.));
#418 = ( GEOMETRIC_REPRESENTATION_CONTEXT(2) 
PARAMETRIC_REPRESENTATION_CONTEXT() REPRESENTATION_CONTEXT('2D SPACE',''
  ) );
#419 = ORIENTED_EDGE('',*,*,#420,.F.);
#420 = EDGE_CURVE('',#421,#397,#423,.T.);
#421 = VERTEX_POINT('',#422);
#422 = CARTESIAN_POINT('',(22.45,2.918494950783,5.737144673824));
#423 = SURFACE_CURVE('',#424,(#428,#434),.PCURVE_S1.);
#424 = LINE('',#425,#426);
#425 = CARTESIAN_POINT('',(19.8,2.918494950783,5.737144673824));
#426 = VECTOR('',#427,1.);
#427 = DIRECTION('',(-1.,-0.,-0.));
#428 = PCURVE('',#265,#429);
#429 = DEFINITIONAL_REPRESENTATION('',(#430),#433);
#430 = B_SPLINE_CURVE_WITH_KNOTS('',1,(#431,#432),.UNSPECIFIED.,.F.,.F.,
  (2,2),(-2.6500006,5.999999999062E-07),.PIECEWISE_BEZIER_KNOTS.);
#431 = CARTESIAN_POINT('',(5.917610372473,-2.6500006));
#432 = CARTESIAN_POINT('',(5.917610372473,5.999999999062E-07));
#433 = ( GEOMETRIC_REPRESENTATION_CONTEXT(2) 
PARAMETRIC_REPRESENTATION_CONTEXT() REPRESENTATION_CONTEXT('2D SPACE',''
  ) );
#434 = PCURVE('',#435,#440);
#435 = CYLINDRICAL_SURFACE('',#436,0.26);
#436 = AXIS2_PLACEMENT_3D('',#437,#438,#439);
#437 = CARTESIAN_POINT('',(19.8,2.815527712195,5.975886684742));
#438 = DIRECTION('',(-1.,0.,-0.));
#439 = DIRECTION('',(0.,0.900968867902,0.433883739118));
#440 = DEFINITIONAL_REPRESENTATION('',(#441),#444);
#441 = B_SPLINE_CURVE_WITH_KNOTS('',1,(#442,#443),.UNSPECIFIED.,.F.,.F.,
  (2,2),(-2.6500006,5.999999999062E-07),.PIECEWISE_BEZIER_KNOTS.);
#442 = CARTESIAN_POINT('',(1.612408334698,-2.6500006));
#443 = CARTESIAN_POINT('',(1.612408334698,5.999999999062E-07));
#444 = ( GEOMETRIC_REPRESENTATION_CONTEXT(2) 
PARAMETRIC_REPRESENTATION_CONTEXT() REPRESENTATION_CONTEXT('2D SPACE',''
  ) );
#445 = ORIENTED_EDGE('',*,*,#446,.F.);
#446 = EDGE_CURVE('',#447,#421,#449,.T.);
#447 = VERTEX_POINT('',#448);
#448 = CARTESIAN_POINT('',(22.45,2.693070715056,6.205242922617));
#449 = SURFACE_CURVE('',#450,(#455,#462),.PCURVE_S1.);
#450 = CIRCLE('',#451,3.125);
#451 = AXIS2_PLACEMENT_3D('',#452,#453,#454);
#452 = CARTESIAN_POINT('',(22.45,0.,4.62));
#453 = DIRECTION('',(-1.,0.,0.));
#454 = DIRECTION('',(0.,1.,0.));
#455 = PCURVE('',#265,#456);
#456 = DEFINITIONAL_REPRESENTATION('',(#457),#461);
#457 = LINE('',#458,#459);
#458 = CARTESIAN_POINT('',(-4.138911435803E-13,-2.65));
#459 = VECTOR('',#460,1.);
#460 = DIRECTION('',(1.,-0.));
#461 = ( GEOMETRIC_REPRESENTATION_CONTEXT(2) 
PARAMETRIC_REPRESENTATION_CONTEXT() REPRESENTATION_CONTEXT('2D SPACE',''
  ) );
#462 = PCURVE('',#463,#468);
#463 = PLANE('',#464);
#464 = AXIS2_PLACEMENT_3D('',#465,#466,#467);
#465 = CARTESIAN_POINT('',(22.45,2.815527712195,5.975886684742));
#466 = DIRECTION('',(1.,0.,0.));
#467 = DIRECTION('',(0.,-0.433883739118,0.900968867902));
#468 = DEFINITIONAL_REPRESENTATION('',(#469),#477);
#469 = ( BOUNDED_CURVE() B_SPLINE_CURVE(2,(#470,#471,#472,#473,#474,#475
,#476),.UNSPECIFIED.,.T.,.F.) B_SPLINE_CURVE_WITH_KNOTS((1,2,2,2,2,1),(
    -2.094395102393,0.,2.094395102393,4.188790204786,6.28318530718,
8.377580409573),.UNSPECIFIED.) CURVE() GEOMETRIC_REPRESENTATION_ITEM() 
RATIONAL_B_SPLINE_CURVE((1.,0.5,1.,0.5,1.,0.5,1.)) REPRESENTATION_ITEM(
  '') );
#470 = CARTESIAN_POINT('',(-1.355886684742,0.309472287806));
#471 = CARTESIAN_POINT('',(-6.232523732381,2.657936915088));
#472 = CARTESIAN_POINT('',(-1.760375181445,5.706996169738));
#473 = CARTESIAN_POINT('',(2.71177336949,8.756055424388));
#474 = CARTESIAN_POINT('',(3.116261866193,3.358531542456));
#475 = CARTESIAN_POINT('',(3.520750362897,-2.038992339477));
#476 = CARTESIAN_POINT('',(-1.355886684742,0.309472287806));
#477 = ( GEOMETRIC_REPRESENTATION_CONTEXT(2) 
PARAMETRIC_REPRESENTATION_CONTEXT() REPRESENTATION_CONTEXT('2D SPACE',''
  ) );
#478 = ORIENTED_EDGE('',*,*,#479,.T.);
#479 = EDGE_CURVE('',#447,#480,#482,.T.);
#480 = VERTEX_POINT('',#481);
#481 = CARTESIAN_POINT('',(19.8,2.693070715056,6.205242922616));
#482 = SURFACE_CURVE('',#483,(#487,#493),.PCURVE_S1.);
#483 = LINE('',#484,#485);
#484 = CARTESIAN_POINT('',(19.8,2.693070715056,6.205242922617));
#485 = VECTOR('',#486,1.);
#486 = DIRECTION('',(-1.,-0.,-0.));
#487 = PCURVE('',#265,#488);
#488 = DEFINITIONAL_REPRESENTATION('',(#489),#492);
#489 = B_SPLINE_CURVE_WITH_KNOTS('',1,(#490,#491),.UNSPECIFIED.,.F.,.F.,
  (2,2),(-2.6500006,5.999999999062E-07),.PIECEWISE_BEZIER_KNOTS.);
#490 = CARTESIAN_POINT('',(5.751162340861,-2.6500006));
#491 = CARTESIAN_POINT('',(5.751162340861,5.999999999062E-07));
#492 = ( GEOMETRIC_REPRESENTATION_CONTEXT(2) 
PARAMETRIC_REPRESENTATION_CONTEXT() REPRESENTATION_CONTEXT('2D SPACE',''
  ) );
#493 = PCURVE('',#435,#494);
#494 = DEFINITIONAL_REPRESENTATION('',(#495),#498);
#495 = B_SPLINE_CURVE_WITH_KNOTS('',1,(#496,#497),.UNSPECIFIED.,.F.,.F.,
  (2,2),(-2.6500006,5.999999999062E-07),.PIECEWISE_BEZIER_KNOTS.);
#496 = CARTESIAN_POINT('',(4.670776972482,-2.6500006));
#497 = CARTESIAN_POINT('',(4.670776972482,5.999999999062E-07));
#498 = ( GEOMETRIC_REPRESENTATION_CONTEXT(2) 
PARAMETRIC_REPRESENTATION_CONTEXT() REPRESENTATION_CONTEXT('2D SPACE',''
  ) );
#499 = ORIENTED_EDGE('',*,*,#500,.T.);
#500 = EDGE_CURVE('',#480,#501,#503,.T.);
#501 = VERTEX_POINT('',#502);
#502 = CARTESIAN_POINT('',(19.8,2.596734112897,6.358561746651));
#503 = SURFACE_CURVE('',#504,(#509,#516),.PCURVE_S1.);
#504 = CIRCLE('',#505,3.125);
#505 = AXIS2_PLACEMENT_3D('',#506,#507,#508);
#506 = CARTESIAN_POINT('',(19.8,0.,4.62));
#507 = DIRECTION('',(1.,0.,0.));
#508 = DIRECTION('',(-0.,1.,0.));
#509 = PCURVE('',#265,#510);
#510 = DEFINITIONAL_REPRESENTATION('',(#511),#515);
#511 = LINE('',#512,#513);
#512 = CARTESIAN_POINT('',(6.28318530718,0.));
#513 = VECTOR('',#514,1.);
#514 = DIRECTION('',(-1.,0.));
#515 = ( GEOMETRIC_REPRESENTATION_CONTEXT(2) 
PARAMETRIC_REPRESENTATION_CONTEXT() REPRESENTATION_CONTEXT('2D SPACE',''
  ) );
#516 = PCURVE('',#304,#517);
#517 = DEFINITIONAL_REPRESENTATION('',(#518),#522);
#518 = CIRCLE('',#519,3.125);
#519 = AXIS2_PLACEMENT_2D('',#520,#521);
#520 = CARTESIAN_POINT('',(0.,-1.093952106032E-16));
#521 = DIRECTION('',(0.,-1.));
#522 = ( GEOMETRIC_REPRESENTATION_CONTEXT(2) 
PARAMETRIC_REPRESENTATION_CONTEXT() REPRESENTATION_CONTEXT('2D SPACE',''
  ) );
#523 = ORIENTED_EDGE('',*,*,#524,.F.);
#524 = EDGE_CURVE('',#525,#501,#527,.T.);
#525 = VERTEX_POINT('',#526);
#526 = CARTESIAN_POINT('',(22.45,2.596734112897,6.358561746651));
#527 = SURFACE_CURVE('',#528,(#532,#538),.PCURVE_S1.);
#528 = LINE('',#529,#530);
#529 = CARTESIAN_POINT('',(19.8,2.596734112897,6.358561746651));
#530 = VECTOR('',#531,1.);
#531 = DIRECTION('',(-1.,-0.,-0.));
#532 = PCURVE('',#265,#533);
#533 = DEFINITIONAL_REPRESENTATION('',(#534),#537);
#534 = B_SPLINE_CURVE_WITH_KNOTS('',1,(#535,#536),.UNSPECIFIED.,.F.,.F.,
  (2,2),(-2.6500006,5.999999999062E-07),.PIECEWISE_BEZIER_KNOTS.);
#535 = CARTESIAN_POINT('',(5.693210897216,-2.6500006));
#536 = CARTESIAN_POINT('',(5.693210897216,5.999999999062E-07));
#537 = ( GEOMETRIC_REPRESENTATION_CONTEXT(2) 
PARAMETRIC_REPRESENTATION_CONTEXT() REPRESENTATION_CONTEXT('2D SPACE',''
  ) );
#538 = PCURVE('',#539,#544);
#539 = CYLINDRICAL_SURFACE('',#540,0.26);
#540 = AXIS2_PLACEMENT_3D('',#541,#542,#543);
#541 = CARTESIAN_POINT('',(19.8,2.443223382713,6.568405630809));
#542 = DIRECTION('',(-1.,0.,-0.));
#543 = DIRECTION('',(0.,0.781831482468,0.623489801859));
#544 = DEFINITIONAL_REPRESENTATION('',(#545),#548);
#545 = B_SPLINE_CURVE_WITH_KNOTS('',1,(#546,#547),.UNSPECIFIED.,.F.,.F.,
  (2,2),(-2.6500006,5.999999999062E-07),.PIECEWISE_BEZIER_KNOTS.);
#546 = CARTESIAN_POINT('',(1.612408334698,-2.6500006));
#547 = CARTESIAN_POINT('',(1.612408334698,5.999999999062E-07));
#548 = ( GEOMETRIC_REPRESENTATION_CONTEXT(2) 
PARAMETRIC_REPRESENTATION_CONTEXT() REPRESENTATION_CONTEXT('2D SPACE',''
  ) );
#549 = ORIENTED_EDGE('',*,*,#550,.F.);
#550 = EDGE_CURVE('',#551,#525,#553,.T.);
#551 = VERTEX_POINT('',#552);
#552 = CARTESIAN_POINT('',(22.45,2.2728000739,6.764762183572));
#553 = SURFACE_CURVE('',#554,(#559,#566),.PCURVE_S1.);
#554 = CIRCLE('',#555,3.125);
#555 = AXIS2_PLACEMENT_3D('',#556,#557,#558);
#556 = CARTESIAN_POINT('',(22.45,0.,4.62));
#557 = DIRECTION('',(-1.,0.,0.));
#558 = DIRECTION('',(0.,1.,0.));
#559 = PCURVE('',#265,#560);
#560 = DEFINITIONAL_REPRESENTATION('',(#561),#565);
#561 = LINE('',#562,#563);
#562 = CARTESIAN_POINT('',(-4.138911435803E-13,-2.65));
#563 = VECTOR('',#564,1.);
#564 = DIRECTION('',(1.,-0.));
#565 = ( GEOMETRIC_REPRESENTATION_CONTEXT(2) 
PARAMETRIC_REPRESENTATION_CONTEXT() REPRESENTATION_CONTEXT('2D SPACE',''
  ) );
#566 = PCURVE('',#567,#572);
#567 = PLANE('',#568);
#568 = AXIS2_PLACEMENT_3D('',#569,#570,#571);
#569 = CARTESIAN_POINT('',(22.45,2.443223382713,6.568405630809));
#570 = DIRECTION('',(1.,0.,0.));
#571 = DIRECTION('',(0.,-0.623489801859,0.781831482468));
#572 = DEFINITIONAL_REPRESENTATION('',(#573),#581);
#573 = ( BOUNDED_CURVE() B_SPLINE_CURVE(2,(#574,#575,#576,#577,#578,#579
,#580),.UNSPECIFIED.,.T.,.F.) B_SPLINE_CURVE_WITH_KNOTS((1,2,2,2,2,1),(
    -2.094395102393,0.,2.094395102393,4.188790204786,6.28318530718,
8.377580409573),.UNSPECIFIED.) CURVE() GEOMETRIC_REPRESENTATION_ITEM() 
RATIONAL_B_SPLINE_CURVE((1.,0.5,1.,0.5,1.,0.5,1.)) REPRESENTATION_ITEM(
  '') );
#574 = CARTESIAN_POINT('',(-1.948405630808,0.681776617288));
#575 = CARTESIAN_POINT('',(-6.180192663906,4.056514163603));
#576 = CARTESIAN_POINT('',(-1.141690701144,6.033980464514));
#577 = CARTESIAN_POINT('',(3.896811261619,8.011446765425));
#578 = CARTESIAN_POINT('',(3.090096331954,2.659242918199));
#579 = CARTESIAN_POINT('',(2.283381402289,-2.692960929026));
#580 = CARTESIAN_POINT('',(-1.948405630808,0.681776617288));
#581 = ( GEOMETRIC_REPRESENTATION_CONTEXT(2) 
PARAMETRIC_REPRESENTATION_CONTEXT() REPRESENTATION_CONTEXT('2D SPACE',''
  ) );
#582 = ORIENTED_EDGE('',*,*,#583,.T.);
#583 = EDGE_CURVE('',#551,#584,#586,.T.);
#584 = VERTEX_POINT('',#585);
#585 = CARTESIAN_POINT('',(19.8,2.2728000739,6.764762183572));
#586 = SURFACE_CURVE('',#587,(#591,#597),.PCURVE_S1.);
#587 = LINE('',#588,#589);
#588 = CARTESIAN_POINT('',(19.8,2.2728000739,6.764762183572));
#589 = VECTOR('',#590,1.);
#590 = DIRECTION('',(-1.,-0.,-0.));
#591 = PCURVE('',#265,#592);
#592 = DEFINITIONAL_REPRESENTATION('',(#593),#596);
#593 = B_SPLINE_CURVE_WITH_KNOTS('',1,(#594,#595),.UNSPECIFIED.,.F.,.F.,
  (2,2),(-2.6500006,5.999999999062E-07),.PIECEWISE_BEZIER_KNOTS.);
#594 = CARTESIAN_POINT('',(5.526762865605,-2.6500006));
#595 = CARTESIAN_POINT('',(5.526762865605,5.999999999062E-07));
#596 = ( GEOMETRIC_REPRESENTATION_CONTEXT(2) 
PARAMETRIC_REPRESENTATION_CONTEXT() REPRESENTATION_CONTEXT('2D SPACE',''
  ) );
#597 = PCURVE('',#539,#598);
#598 = DEFINITIONAL_REPRESENTATION('',(#599),#602);
#599 = B_SPLINE_CURVE_WITH_KNOTS('',1,(#600,#601),.UNSPECIFIED.,.F.,.F.,
  (2,2),(-2.6500006,5.999999999062E-07),.PIECEWISE_BEZIER_KNOTS.);
#600 = CARTESIAN_POINT('',(4.670776972482,-2.6500006));
#601 = CARTESIAN_POINT('',(4.670776972482,5.999999999062E-07));
#602 = ( GEOMETRIC_REPRESENTATION_CONTEXT(2) 
PARAMETRIC_REPRESENTATION_CONTEXT() REPRESENTATION_CONTEXT('2D SPACE',''
  ) );
#603 = ORIENTED_EDGE('',*,*,#604,.T.);
#604 = EDGE_CURVE('',#584,#605,#607,.T.);
#605 = VERTEX_POINT('',#606);
#606 = CARTESIAN_POINT('',(19.8,2.144762183572,6.8928000739));
#607 = SURFACE_CURVE('',#608,(#613,#620),.PCURVE_S1.);
#608 = CIRCLE('',#609,3.125);
#609 = AXIS2_PLACEMENT_3D('',#610,#611,#612);
#610 = CARTESIAN_POINT('',(19.8,0.,4.62));
#611 = DIRECTION('',(1.,0.,0.));
#612 = DIRECTION('',(-0.,1.,0.));
#613 = PCURVE('',#265,#614);
#614 = DEFINITIONAL_REPRESENTATION('',(#615),#619);
#615 = LINE('',#616,#617);
#616 = CARTESIAN_POINT('',(6.28318530718,0.));
#617 = VECTOR('',#618,1.);
#618 = DIRECTION('',(-1.,0.));
#619 = ( GEOMETRIC_REPRESENTATION_CONTEXT(2) 
PARAMETRIC_REPRESENTATION_CONTEXT() REPRESENTATION_CONTEXT('2D SPACE',''
  ) );
#620 = PCURVE('',#304,#621);
#621 = DEFINITIONAL_REPRESENTATION('',(#622),#626);
#622 = CIRCLE('',#623,3.125);
#623 = AXIS2_PLACEMENT_2D('',#624,#625);
#624 = CARTESIAN_POINT('',(0.,-1.093952106032E-16));
#625 = DIRECTION('',(0.,-1.));
#626 = ( GEOMETRIC_REPRESENTATION_CONTEXT(2) 
PARAMETRIC_REPRESENTATION_CONTEXT() REPRESENTATION_CONTEXT('2D SPACE',''
  ) );
#627 = ORIENTED_EDGE('',*,*,#628,.F.);
#628 = EDGE_CURVE('',#629,#605,#631,.T.);
#629 = VERTEX_POINT('',#630);
#630 = CARTESIAN_POINT('',(22.45,2.144762183572,6.8928000739));
#631 = SURFACE_CURVE('',#632,(#636,#642),.PCURVE_S1.);
#632 = LINE('',#633,#634);
#633 = CARTESIAN_POINT('',(19.8,2.144762183572,6.8928000739));
#634 = VECTOR('',#635,1.);
#635 = DIRECTION('',(-1.,-0.,-0.));
#636 = PCURVE('',#265,#637);
#637 = DEFINITIONAL_REPRESENTATION('',(#638),#641);
#638 = B_SPLINE_CURVE_WITH_KNOTS('',1,(#639,#640),.UNSPECIFIED.,.F.,.F.,
  (2,2),(-2.6500006,5.999999999062E-07),.PIECEWISE_BEZIER_KNOTS.);
#639 = CARTESIAN_POINT('',(5.46881142196,-2.6500006));
#640 = CARTESIAN_POINT('',(5.46881142196,5.999999999062E-07));
#641 = ( GEOMETRIC_REPRESENTATION_CONTEXT(2) 
PARAMETRIC_REPRESENTATION_CONTEXT() REPRESENTATION_CONTEXT('2D SPACE',''
  ) );
#642 = PCURVE('',#643,#648);
#643 = CYLINDRICAL_SURFACE('',#644,0.26);
#644 = AXIS2_PLACEMENT_3D('',#645,#646,#647);
#645 = CARTESIAN_POINT('',(19.8,1.948405630809,7.063223382713));
#646 = DIRECTION('',(-1.,0.,-0.));
#647 = DIRECTION('',(0.,0.623489801859,0.781831482468));
#648 = DEFINITIONAL_REPRESENTATION('',(#649),#652);
#649 = B_SPLINE_CURVE_WITH_KNOTS('',1,(#650,#651),.UNSPECIFIED.,.F.,.F.,
  (2,2),(-2.6500006,5.999999999062E-07),.PIECEWISE_BEZIER_KNOTS.);
#650 = CARTESIAN_POINT('',(1.612408334698,-2.6500006));
#651 = CARTESIAN_POINT('',(1.612408334698,5.999999999062E-07));
#652 = ( GEOMETRIC_REPRESENTATION_CONTEXT(2) 
PARAMETRIC_REPRESENTATION_CONTEXT() REPRESENTATION_CONTEXT('2D SPACE',''
  ) );
#653 = ORIENTED_EDGE('',*,*,#654,.F.);
#654 = EDGE_CURVE('',#655,#629,#657,.T.);
#655 = VERTEX_POINT('',#656);
#656 = CARTESIAN_POINT('',(22.45,1.738561746651,7.216734112897));
#657 = SURFACE_CURVE('',#658,(#663,#670),.PCURVE_S1.);
#658 = CIRCLE('',#659,3.125);
#659 = AXIS2_PLACEMENT_3D('',#660,#661,#662);
#660 = CARTESIAN_POINT('',(22.45,0.,4.62));
#661 = DIRECTION('',(-1.,0.,0.));
#662 = DIRECTION('',(0.,1.,0.));
#663 = PCURVE('',#265,#664);
#664 = DEFINITIONAL_REPRESENTATION('',(#665),#669);
#665 = LINE('',#666,#667);
#666 = CARTESIAN_POINT('',(-4.138911435803E-13,-2.65));
#667 = VECTOR('',#668,1.);
#668 = DIRECTION('',(1.,-0.));
#669 = ( GEOMETRIC_REPRESENTATION_CONTEXT(2) 
PARAMETRIC_REPRESENTATION_CONTEXT() REPRESENTATION_CONTEXT('2D SPACE',''
  ) );
#670 = PCURVE('',#671,#676);
#671 = PLANE('',#672);
#672 = AXIS2_PLACEMENT_3D('',#673,#674,#675);
#673 = CARTESIAN_POINT('',(22.45,1.948405630809,7.063223382713));
#674 = DIRECTION('',(1.,0.,0.));
#675 = DIRECTION('',(0.,-0.781831482468,0.623489801859));
#676 = DEFINITIONAL_REPRESENTATION('',(#677),#685);
#677 = ( BOUNDED_CURVE() B_SPLINE_CURVE(2,(#678,#679,#680,#681,#682,#683
,#684),.UNSPECIFIED.,.T.,.F.) B_SPLINE_CURVE_WITH_KNOTS((1,2,2,2,2,1),(
    -2.094395102393,0.,2.094395102393,4.188790204786,6.28318530718,
8.377580409573),.UNSPECIFIED.) CURVE() GEOMETRIC_REPRESENTATION_ITEM() 
RATIONAL_B_SPLINE_CURVE((1.,0.5,1.,0.5,1.,0.5,1.)) REPRESENTATION_ITEM(
  '') );
#678 = CARTESIAN_POINT('',(-2.443223382713,1.176594369192));
#679 = CARTESIAN_POINT('',(-5.817960929027,5.408381402289));
#680 = CARTESIAN_POINT('',(-0.465757081802,6.215096331954));
#681 = CARTESIAN_POINT('',(4.886446765424,7.021811261619));
#682 = CARTESIAN_POINT('',(2.908980464513,1.983309298856));
#683 = CARTESIAN_POINT('',(0.931514163602,-3.055192663906));
#684 = CARTESIAN_POINT('',(-2.443223382713,1.176594369192));
#685 = ( GEOMETRIC_REPRESENTATION_CONTEXT(2) 
PARAMETRIC_REPRESENTATION_CONTEXT() REPRESENTATION_CONTEXT('2D SPACE',''
  ) );
#686 = ORIENTED_EDGE('',*,*,#687,.T.);
#687 = EDGE_CURVE('',#655,#688,#690,.T.);
#688 = VERTEX_POINT('',#689);
#689 = CARTESIAN_POINT('',(19.8,1.738561746651,7.216734112897));
#690 = SURFACE_CURVE('',#691,(#695,#701),.PCURVE_S1.);
#691 = LINE('',#692,#693);
#692 = CARTESIAN_POINT('',(19.8,1.738561746651,7.216734112897));
#693 = VECTOR('',#694,1.);
#694 = DIRECTION('',(-1.,-0.,-0.));
#695 = PCURVE('',#265,#696);
#696 = DEFINITIONAL_REPRESENTATION('',(#697),#700);
#697 = B_SPLINE_CURVE_WITH_KNOTS('',1,(#698,#699),.UNSPECIFIED.,.F.,.F.,
  (2,2),(-2.6500006,5.999999999062E-07),.PIECEWISE_BEZIER_KNOTS.);
#698 = CARTESIAN_POINT('',(5.302363390349,-2.6500006));
#699 = CARTESIAN_POINT('',(5.302363390349,5.999999999062E-07));
#700 = ( GEOMETRIC_REPRESENTATION_CONTEXT(2) 
PARAMETRIC_REPRESENTATION_CONTEXT() REPRESENTATION_CONTEXT('2D SPACE',''
  ) );
#701 = PCURVE('',#643,#702);
#702 = DEFINITIONAL_REPRESENTATION('',(#703),#706);
#703 = B_SPLINE_CURVE_WITH_KNOTS('',1,(#704,#705),.UNSPECIFIED.,.F.,.F.,
  (2,2),(-2.6500006,5.999999999062E-07),.PIECEWISE_BEZIER_KNOTS.);
#704 = CARTESIAN_POINT('',(4.670776972482,-2.6500006));
#705 = CARTESIAN_POINT('',(4.670776972482,5.999999999062E-07));
#706 = ( GEOMETRIC_REPRESENTATION_CONTEXT(2) 
PARAMETRIC_REPRESENTATION_CONTEXT() REPRESENTATION_CONTEXT('2D SPACE',''
  ) );
#707 = ORIENTED_EDGE('',*,*,#708,.T.);
#708 = EDGE_CURVE('',#688,#709,#711,.T.);
#709 = VERTEX_POINT('',#710);
#710 = CARTESIAN_POINT('',(19.8,1.585242922616,7.313070715056));
#711 = SURFACE_CURVE('',#712,(#717,#724),.PCURVE_S1.);
#712 = CIRCLE('',#713,3.125);
#713 = AXIS2_PLACEMENT_3D('',#714,#715,#716);
#714 = CARTESIAN_POINT('',(19.8,0.,4.62));
#715 = DIRECTION('',(1.,0.,0.));
#716 = DIRECTION('',(-0.,1.,0.));
#717 = PCURVE('',#265,#718);
#718 = DEFINITIONAL_REPRESENTATION('',(#719),#723);
#719 = LINE('',#720,#721);
#720 = CARTESIAN_POINT('',(6.28318530718,0.));
#721 = VECTOR('',#722,1.);
#722 = DIRECTION('',(-1.,0.));
#723 = ( GEOMETRIC_REPRESENTATION_CONTEXT(2) 
PARAMETRIC_REPRESENTATION_CONTEXT() REPRESENTATION_CONTEXT('2D SPACE',''
  ) );
#724 = PCURVE('',#304,#725);
#725 = DEFINITIONAL_REPRESENTATION('',(#726),#730);
#726 = CIRCLE('',#727,3.125);
#727 = AXIS2_PLACEMENT_2D('',#728,#729);
#728 = CARTESIAN_POINT('',(0.,-1.093952106032E-16));
#729 = DIRECTION('',(0.,-1.));
#730 = ( GEOMETRIC_REPRESENTATION_CONTEXT(2) 
PARAMETRIC_REPRESENTATION_CONTEXT() REPRESENTATION_CONTEXT('2D SPACE',''
  ) );
#731 = ORIENTED_EDGE('',*,*,#732,.F.);
#732 = EDGE_CURVE('',#733,#709,#735,.T.);
#733 = VERTEX_POINT('',#734);
#734 = CARTESIAN_POINT('',(22.45,1.585242922617,7.313070715056));
#735 = SURFACE_CURVE('',#736,(#740,#746),.PCURVE_S1.);
#736 = LINE('',#737,#738);
#737 = CARTESIAN_POINT('',(19.8,1.585242922617,7.313070715056));
#738 = VECTOR('',#739,1.);
#739 = DIRECTION('',(-1.,-0.,-0.));
#740 = PCURVE('',#265,#741);
#741 = DEFINITIONAL_REPRESENTATION('',(#742),#745);
#742 = B_SPLINE_CURVE_WITH_KNOTS('',1,(#743,#744),.UNSPECIFIED.,.F.,.F.,
  (2,2),(-2.6500006,5.999999999062E-07),.PIECEWISE_BEZIER_KNOTS.);
#743 = CARTESIAN_POINT('',(5.244411946704,-2.6500006));
#744 = CARTESIAN_POINT('',(5.244411946704,5.999999999062E-07));
#745 = ( GEOMETRIC_REPRESENTATION_CONTEXT(2) 
PARAMETRIC_REPRESENTATION_CONTEXT() REPRESENTATION_CONTEXT('2D SPACE',''
  ) );
#746 = PCURVE('',#747,#752);
#747 = CYLINDRICAL_SURFACE('',#748,0.26);
#748 = AXIS2_PLACEMENT_3D('',#749,#750,#751);
#749 = CARTESIAN_POINT('',(19.8,1.355886684742,7.435527712195));
#750 = DIRECTION('',(-1.,0.,-0.));
#751 = DIRECTION('',(0.,0.433883739118,0.900968867902));
#752 = DEFINITIONAL_REPRESENTATION('',(#753),#756);
#753 = B_SPLINE_CURVE_WITH_KNOTS('',1,(#754,#755),.UNSPECIFIED.,.F.,.F.,
  (2,2),(-2.6500006,5.999999999062E-07),.PIECEWISE_BEZIER_KNOTS.);
#754 = CARTESIAN_POINT('',(1.612408334698,-2.6500006));
#755 = CARTESIAN_POINT('',(1.612408334698,5.999999999062E-07));
#756 = ( GEOMETRIC_REPRESENTATION_CONTEXT(2) 
PARAMETRIC_REPRESENTATION_CONTEXT() REPRESENTATION_CONTEXT('2D SPACE',''
  ) );
#757 = ORIENTED_EDGE('',*,*,#758,.F.);
#758 = EDGE_CURVE('',#759,#733,#761,.T.);
#759 = VERTEX_POINT('',#760);
#760 = CARTESIAN_POINT('',(22.45,1.117144673824,7.538494950783));
#761 = SURFACE_CURVE('',#762,(#767,#774),.PCURVE_S1.);
#762 = CIRCLE('',#763,3.125);
#763 = AXIS2_PLACEMENT_3D('',#764,#765,#766);
#764 = CARTESIAN_POINT('',(22.45,0.,4.62));
#765 = DIRECTION('',(-1.,0.,0.));
#766 = DIRECTION('',(0.,1.,0.));
#767 = PCURVE('',#265,#768);
#768 = DEFINITIONAL_REPRESENTATION('',(#769),#773);
#769 = LINE('',#770,#771);
#770 = CARTESIAN_POINT('',(-4.138911435803E-13,-2.65));
#771 = VECTOR('',#772,1.);
#772 = DIRECTION('',(1.,-0.));
#773 = ( GEOMETRIC_REPRESENTATION_CONTEXT(2) 
PARAMETRIC_REPRESENTATION_CONTEXT() REPRESENTATION_CONTEXT('2D SPACE',''
  ) );
#774 = PCURVE('',#775,#780);
#775 = PLANE('',#776);
#776 = AXIS2_PLACEMENT_3D('',#777,#778,#779);
#777 = CARTESIAN_POINT('',(22.45,1.355886684742,7.435527712195));
#778 = DIRECTION('',(1.,0.,0.));
#779 = DIRECTION('',(0.,-0.900968867902,0.433883739118));
#780 = DEFINITIONAL_REPRESENTATION('',(#781),#789);
#781 = ( BOUNDED_CURVE() B_SPLINE_CURVE(2,(#782,#783,#784,#785,#786,#787
,#788),.UNSPECIFIED.,.T.,.F.) B_SPLINE_CURVE_WITH_KNOTS((1,2,2,2,2,1),(
    -2.094395102393,0.,2.094395102393,4.188790204786,6.28318530718,
8.377580409573),.UNSPECIFIED.) CURVE() GEOMETRIC_REPRESENTATION_ITEM() 
RATIONAL_B_SPLINE_CURVE((1.,0.5,1.,0.5,1.,0.5,1.)) REPRESENTATION_ITEM(
  '') );
#782 = CARTESIAN_POINT('',(-2.815527712196,1.769113315256));
#783 = CARTESIAN_POINT('',(-5.163992339479,6.645750362894));
#784 = CARTESIAN_POINT('',(0.233531542454,6.241261866191));
#785 = CARTESIAN_POINT('',(5.631055424386,5.836773369488));
#786 = CARTESIAN_POINT('',(2.581996169736,1.364624818552));
#787 = CARTESIAN_POINT('',(-0.467063084914,-3.107523732383));
#788 = CARTESIAN_POINT('',(-2.815527712196,1.769113315256));
#789 = ( GEOMETRIC_REPRESENTATION_CONTEXT(2) 
PARAMETRIC_REPRESENTATION_CONTEXT() REPRESENTATION_CONTEXT('2D SPACE',''
  ) );
#790 = ORIENTED_EDGE('',*,*,#791,.T.);
#791 = EDGE_CURVE('',#759,#792,#794,.T.);
#792 = VERTEX_POINT('',#793);
#793 = CARTESIAN_POINT('',(19.8,1.117144673824,7.538494950783));
#794 = SURFACE_CURVE('',#795,(#799,#805),.PCURVE_S1.);
#795 = LINE('',#796,#797);
#796 = CARTESIAN_POINT('',(19.8,1.117144673824,7.538494950783));
#797 = VECTOR('',#798,1.);
#798 = DIRECTION('',(-1.,-0.,-0.));
#799 = PCURVE('',#265,#800);
#800 = DEFINITIONAL_REPRESENTATION('',(#801),#804);
#801 = B_SPLINE_CURVE_WITH_KNOTS('',1,(#802,#803),.UNSPECIFIED.,.F.,.F.,
  (2,2),(-2.6500006,5.999999999062E-07),.PIECEWISE_BEZIER_KNOTS.);
#802 = CARTESIAN_POINT('',(5.077963915092,-2.6500006));
#803 = CARTESIAN_POINT('',(5.077963915092,5.999999999062E-07));
#804 = ( GEOMETRIC_REPRESENTATION_CONTEXT(2) 
PARAMETRIC_REPRESENTATION_CONTEXT() REPRESENTATION_CONTEXT('2D SPACE',''
  ) );
#805 = PCURVE('',#747,#806);
#806 = DEFINITIONAL_REPRESENTATION('',(#807),#810);
#807 = B_SPLINE_CURVE_WITH_KNOTS('',1,(#808,#809),.UNSPECIFIED.,.F.,.F.,
  (2,2),(-2.6500006,5.999999999062E-07),.PIECEWISE_BEZIER_KNOTS.);
#808 = CARTESIAN_POINT('',(4.670776972482,-2.6500006));
#809 = CARTESIAN_POINT('',(4.670776972482,5.999999999062E-07));
#810 = ( GEOMETRIC_REPRESENTATION_CONTEXT(2) 
PARAMETRIC_REPRESENTATION_CONTEXT() REPRESENTATION_CONTEXT('2D SPACE',''
  ) );
#811 = ORIENTED_EDGE('',*,*,#812,.T.);
#812 = EDGE_CURVE('',#792,#813,#815,.T.);
#813 = VERTEX_POINT('',#814);
#814 = CARTESIAN_POINT('',(19.8,0.946232962123,7.598299545276));
#815 = SURFACE_CURVE('',#816,(#821,#828),.PCURVE_S1.);
#816 = CIRCLE('',#817,3.125);
#817 = AXIS2_PLACEMENT_3D('',#818,#819,#820);
#818 = CARTESIAN_POINT('',(19.8,0.,4.62));
#819 = DIRECTION('',(1.,0.,0.));
#820 = DIRECTION('',(-0.,1.,0.));
#821 = PCURVE('',#265,#822);
#822 = DEFINITIONAL_REPRESENTATION('',(#823),#827);
#823 = LINE('',#824,#825);
#824 = CARTESIAN_POINT('',(6.28318530718,0.));
#825 = VECTOR('',#826,1.);
#826 = DIRECTION('',(-1.,0.));
#827 = ( GEOMETRIC_REPRESENTATION_CONTEXT(2) 
PARAMETRIC_REPRESENTATION_CONTEXT() REPRESENTATION_CONTEXT('2D SPACE',''
  ) );
#828 = PCURVE('',#304,#829);
#829 = DEFINITIONAL_REPRESENTATION('',(#830),#834);
#830 = CIRCLE('',#831,3.125);
#831 = AXIS2_PLACEMENT_2D('',#832,#833);
#832 = CARTESIAN_POINT('',(0.,-1.093952106032E-16));
#833 = DIRECTION('',(0.,-1.));
#834 = ( GEOMETRIC_REPRESENTATION_CONTEXT(2) 
PARAMETRIC_REPRESENTATION_CONTEXT() REPRESENTATION_CONTEXT('2D SPACE',''
  ) );
#835 = ORIENTED_EDGE('',*,*,#836,.F.);
#836 = EDGE_CURVE('',#837,#813,#839,.T.);
#837 = VERTEX_POINT('',#838);
#838 = CARTESIAN_POINT('',(22.45,0.946232962123,7.598299545276));
#839 = SURFACE_CURVE('',#840,(#844,#850),.PCURVE_S1.);
#840 = LINE('',#841,#842);
#841 = CARTESIAN_POINT('',(19.8,0.946232962123,7.598299545276));
#842 = VECTOR('',#843,1.);
#843 = DIRECTION('',(-1.,-0.,-0.));
#844 = PCURVE('',#265,#845);
#845 = DEFINITIONAL_REPRESENTATION('',(#846),#849);
#846 = B_SPLINE_CURVE_WITH_KNOTS('',1,(#847,#848),.UNSPECIFIED.,.F.,.F.,
  (2,2),(-2.6500006,5.999999999062E-07),.PIECEWISE_BEZIER_KNOTS.);
#847 = CARTESIAN_POINT('',(5.020012471447,-2.6500006));
#848 = CARTESIAN_POINT('',(5.020012471447,5.999999999062E-07));
#849 = ( GEOMETRIC_REPRESENTATION_CONTEXT(2) 
PARAMETRIC_REPRESENTATION_CONTEXT() REPRESENTATION_CONTEXT('2D SPACE',''
  ) );
#850 = PCURVE('',#851,#856);
#851 = CYLINDRICAL_SURFACE('',#852,0.26);
#852 = AXIS2_PLACEMENT_3D('',#853,#854,#855);
#853 = CARTESIAN_POINT('',(19.8,0.695377918613,7.666649725568));
#854 = DIRECTION('',(-1.,0.,-0.));
#855 = DIRECTION('',(0.,0.222520933956,0.974927912182));
#856 = DEFINITIONAL_REPRESENTATION('',(#857),#860);
#857 = B_SPLINE_CURVE_WITH_KNOTS('',1,(#858,#859),.UNSPECIFIED.,.F.,.F.,
  (2,2),(-2.6500006,5.999999999062E-07),.PIECEWISE_BEZIER_KNOTS.);
#858 = CARTESIAN_POINT('',(1.612408334698,-2.6500006));
#859 = CARTESIAN_POINT('',(1.612408334698,5.999999999062E-07));
#860 = ( GEOMETRIC_REPRESENTATION_CONTEXT(2) 
PARAMETRIC_REPRESENTATION_CONTEXT() REPRESENTATION_CONTEXT('2D SPACE',''
  ) );
#861 = ORIENTED_EDGE('',*,*,#862,.F.);
#862 = EDGE_CURVE('',#863,#837,#865,.T.);
#863 = VERTEX_POINT('',#864);
#864 = CARTESIAN_POINT('',(22.45,0.439709302261,7.713910265264));
#865 = SURFACE_CURVE('',#866,(#871,#878),.PCURVE_S1.);
#866 = CIRCLE('',#867,3.125);
#867 = AXIS2_PLACEMENT_3D('',#868,#869,#870);
#868 = CARTESIAN_POINT('',(22.45,0.,4.62));
#869 = DIRECTION('',(-1.,0.,0.));
#870 = DIRECTION('',(0.,1.,0.));
#871 = PCURVE('',#265,#872);
#872 = DEFINITIONAL_REPRESENTATION('',(#873),#877);
#873 = LINE('',#874,#875);
#874 = CARTESIAN_POINT('',(-4.138911435803E-13,-2.65));
#875 = VECTOR('',#876,1.);
#876 = DIRECTION('',(1.,-0.));
#877 = ( GEOMETRIC_REPRESENTATION_CONTEXT(2) 
PARAMETRIC_REPRESENTATION_CONTEXT() REPRESENTATION_CONTEXT('2D SPACE',''
  ) );
#878 = PCURVE('',#879,#884);
#879 = PLANE('',#880);
#880 = AXIS2_PLACEMENT_3D('',#881,#882,#883);
#881 = CARTESIAN_POINT('',(22.45,0.695377918613,7.666649725568));
#882 = DIRECTION('',(1.,0.,0.));
#883 = DIRECTION('',(0.,-0.974927912182,0.222520933956));
#884 = DEFINITIONAL_REPRESENTATION('',(#885),#893);
#885 = ( BOUNDED_CURVE() B_SPLINE_CURVE(2,(#886,#887,#888,#889,#890,#891
,#892),.UNSPECIFIED.,.T.,.F.) B_SPLINE_CURVE_WITH_KNOTS((1,2,2,2,2,1),(
    -2.094395102393,0.,2.094395102393,4.188790204786,6.28318530718,
8.377580409573),.UNSPECIFIED.) CURVE() GEOMETRIC_REPRESENTATION_ITEM() 
RATIONAL_B_SPLINE_CURVE((1.,0.5,1.,0.5,1.,0.5,1.)) REPRESENTATION_ITEM(
  '') );
#886 = CARTESIAN_POINT('',(-3.046649725568,2.429622081387));
#887 = CARTESIAN_POINT('',(-4.251079611066,7.706574198938));
#888 = CARTESIAN_POINT('',(0.921109920036,6.111165018081));
#889 = CARTESIAN_POINT('',(6.093299451138,4.515755837225));
#890 = CARTESIAN_POINT('',(2.125539805534,0.834212900531));
#891 = CARTESIAN_POINT('',(-1.84221984007,-2.847330036163));
#892 = CARTESIAN_POINT('',(-3.046649725568,2.429622081387));
#893 = ( GEOMETRIC_REPRESENTATION_CONTEXT(2) 
PARAMETRIC_REPRESENTATION_CONTEXT() REPRESENTATION_CONTEXT('2D SPACE',''
  ) );
#894 = ORIENTED_EDGE('',*,*,#895,.T.);
#895 = EDGE_CURVE('',#863,#896,#898,.T.);
#896 = VERTEX_POINT('',#897);
#897 = CARTESIAN_POINT('',(19.8,0.439709302261,7.713910265264));
#898 = SURFACE_CURVE('',#899,(#903,#909),.PCURVE_S1.);
#899 = LINE('',#900,#901);
#900 = CARTESIAN_POINT('',(19.8,0.439709302261,7.713910265264));
#901 = VECTOR('',#902,1.);
#902 = DIRECTION('',(-1.,-0.,-0.));
#903 = PCURVE('',#265,#904);
#904 = DEFINITIONAL_REPRESENTATION('',(#905),#908);
#905 = B_SPLINE_CURVE_WITH_KNOTS('',1,(#906,#907),.UNSPECIFIED.,.F.,.F.,
  (2,2),(-2.6500006,5.999999999062E-07),.PIECEWISE_BEZIER_KNOTS.);
#906 = CARTESIAN_POINT('',(4.853564439836,-2.6500006));
#907 = CARTESIAN_POINT('',(4.853564439836,5.999999999062E-07));
#908 = ( GEOMETRIC_REPRESENTATION_CONTEXT(2) 
PARAMETRIC_REPRESENTATION_CONTEXT() REPRESENTATION_CONTEXT('2D SPACE',''
  ) );
#909 = PCURVE('',#851,#910);
#910 = DEFINITIONAL_REPRESENTATION('',(#911),#914);
#911 = B_SPLINE_CURVE_WITH_KNOTS('',1,(#912,#913),.UNSPECIFIED.,.F.,.F.,
  (2,2),(-2.6500006,5.999999999062E-07),.PIECEWISE_BEZIER_KNOTS.);
#912 = CARTESIAN_POINT('',(4.670776972482,-2.6500006));
#913 = CARTESIAN_POINT('',(4.670776972482,5.999999999062E-07));
#914 = ( GEOMETRIC_REPRESENTATION_CONTEXT(2) 
PARAMETRIC_REPRESENTATION_CONTEXT() REPRESENTATION_CONTEXT('2D SPACE',''
  ) );
#915 = ORIENTED_EDGE('',*,*,#916,.T.);
#916 = EDGE_CURVE('',#896,#917,#919,.T.);
#917 = VERTEX_POINT('',#918);
#918 = CARTESIAN_POINT('',(19.8,0.259774929783,7.734184));
#919 = SURFACE_CURVE('',#920,(#925,#932),.PCURVE_S1.);
#920 = CIRCLE('',#921,3.125);
#921 = AXIS2_PLACEMENT_3D('',#922,#923,#924);
#922 = CARTESIAN_POINT('',(19.8,0.,4.62));
#923 = DIRECTION('',(1.,0.,0.));
#924 = DIRECTION('',(-0.,1.,0.));
#925 = PCURVE('',#265,#926);
#926 = DEFINITIONAL_REPRESENTATION('',(#927),#931);
#927 = LINE('',#928,#929);
#928 = CARTESIAN_POINT('',(6.28318530718,0.));
#929 = VECTOR('',#930,1.);
#930 = DIRECTION('',(-1.,0.));
#931 = ( GEOMETRIC_REPRESENTATION_CONTEXT(2) 
PARAMETRIC_REPRESENTATION_CONTEXT() REPRESENTATION_CONTEXT('2D SPACE',''
  ) );
#932 = PCURVE('',#304,#933);
#933 = DEFINITIONAL_REPRESENTATION('',(#934),#938);
#934 = CIRCLE('',#935,3.125);
#935 = AXIS2_PLACEMENT_2D('',#936,#937);
#936 = CARTESIAN_POINT('',(0.,-1.093952106032E-16));
#937 = DIRECTION('',(0.,-1.));
#938 = ( GEOMETRIC_REPRESENTATION_CONTEXT(2) 
PARAMETRIC_REPRESENTATION_CONTEXT() REPRESENTATION_CONTEXT('2D SPACE',''
  ) );
#939 = ORIENTED_EDGE('',*,*,#940,.F.);
#940 = EDGE_CURVE('',#941,#917,#943,.T.);
#941 = VERTEX_POINT('',#942);
#942 = CARTESIAN_POINT('',(22.45,0.259774929783,7.734184));
#943 = SURFACE_CURVE('',#944,(#948,#954),.PCURVE_S1.);
#944 = LINE('',#945,#946);
#945 = CARTESIAN_POINT('',(19.8,0.259774929783,7.734184));
#946 = VECTOR('',#947,1.);
#947 = DIRECTION('',(-1.,-0.,-0.));
#948 = PCURVE('',#265,#949);
#949 = DEFINITIONAL_REPRESENTATION('',(#950),#953);
#950 = B_SPLINE_CURVE_WITH_KNOTS('',1,(#951,#952),.UNSPECIFIED.,.F.,.F.,
  (2,2),(-2.6500006,5.999999999062E-07),.PIECEWISE_BEZIER_KNOTS.);
#951 = CARTESIAN_POINT('',(4.795612996191,-2.6500006));
#952 = CARTESIAN_POINT('',(4.795612996191,5.999999999062E-07));
#953 = ( GEOMETRIC_REPRESENTATION_CONTEXT(2) 
PARAMETRIC_REPRESENTATION_CONTEXT() REPRESENTATION_CONTEXT('2D SPACE',''
  ) );
#954 = PCURVE('',#955,#960);
#955 = CYLINDRICAL_SURFACE('',#956,0.26);
#956 = AXIS2_PLACEMENT_3D('',#957,#958,#959);
#957 = CARTESIAN_POINT('',(19.8,0.,7.745));
#958 = DIRECTION('',(-1.,0.,-0.));
#959 = DIRECTION('',(0.,1.110223024625E-16,1.));
#960 = DEFINITIONAL_REPRESENTATION('',(#961),#964);
#961 = B_SPLINE_CURVE_WITH_KNOTS('',1,(#962,#963),.UNSPECIFIED.,.F.,.F.,
  (2,2),(-2.6500006,5.999999999062E-07),.PIECEWISE_BEZIER_KNOTS.);
#962 = CARTESIAN_POINT('',(1.612408334698,-2.6500006));
#963 = CARTESIAN_POINT('',(1.612408334698,5.999999999062E-07));
#964 = ( GEOMETRIC_REPRESENTATION_CONTEXT(2) 
PARAMETRIC_REPRESENTATION_CONTEXT() REPRESENTATION_CONTEXT('2D SPACE',''
  ) );
#965 = ORIENTED_EDGE('',*,*,#966,.F.);
#966 = EDGE_CURVE('',#967,#941,#969,.T.);
#967 = VERTEX_POINT('',#968);
#968 = CARTESIAN_POINT('',(22.45,-0.259774929783,7.734184));
#969 = SURFACE_CURVE('',#970,(#975,#982),.PCURVE_S1.);
#970 = CIRCLE('',#971,3.125);
#971 = AXIS2_PLACEMENT_3D('',#972,#973,#974);
#972 = CARTESIAN_POINT('',(22.45,0.,4.62));
#973 = DIRECTION('',(-1.,0.,0.));
#974 = DIRECTION('',(0.,1.,0.));
#975 = PCURVE('',#265,#976);
#976 = DEFINITIONAL_REPRESENTATION('',(#977),#981);
#977 = LINE('',#978,#979);
#978 = CARTESIAN_POINT('',(-4.138911435803E-13,-2.65));
#979 = VECTOR('',#980,1.);
#980 = DIRECTION('',(1.,-0.));
#981 = ( GEOMETRIC_REPRESENTATION_CONTEXT(2) 
PARAMETRIC_REPRESENTATION_CONTEXT() REPRESENTATION_CONTEXT('2D SPACE',''
  ) );
#982 = PCURVE('',#983,#988);
#983 = PLANE('',#984);
#984 = AXIS2_PLACEMENT_3D('',#985,#986,#987);
#985 = CARTESIAN_POINT('',(22.45,0.,7.745));
#986 = DIRECTION('',(1.,0.,0.));
#987 = DIRECTION('',(0.,-1.,1.110223024625E-16));
#988 = DEFINITIONAL_REPRESENTATION('',(#989),#997);
#989 = ( BOUNDED_CURVE() B_SPLINE_CURVE(2,(#990,#991,#992,#993,#994,#995
,#996),.UNSPECIFIED.,.T.,.F.) B_SPLINE_CURVE_WITH_KNOTS((1,2,2,2,2,1),(
    -2.094395102393,0.,2.094395102393,4.188790204786,6.28318530718,
8.377580409573),.UNSPECIFIED.) CURVE() GEOMETRIC_REPRESENTATION_ITEM() 
RATIONAL_B_SPLINE_CURVE((1.,0.5,1.,0.5,1.,0.5,1.)) REPRESENTATION_ITEM(
  '') );
#990 = CARTESIAN_POINT('',(-3.125,3.125));
#991 = CARTESIAN_POINT('',(-3.125,8.537658773653));
#992 = CARTESIAN_POINT('',(1.5625,5.831329386826));
#993 = CARTESIAN_POINT('',(6.25,3.125));
#994 = CARTESIAN_POINT('',(1.5625,0.418670613174));
#995 = CARTESIAN_POINT('',(-3.125,-2.287658773653));
#996 = CARTESIAN_POINT('',(-3.125,3.125));
#997 = ( GEOMETRIC_REPRESENTATION_CONTEXT(2) 
PARAMETRIC_REPRESENTATION_CONTEXT() REPRESENTATION_CONTEXT('2D SPACE',''
  ) );
#998 = ORIENTED_EDGE('',*,*,#999,.T.);
#999 = EDGE_CURVE('',#967,#1000,#1002,.T.);
#1000 = VERTEX_POINT('',#1001);
#1001 = CARTESIAN_POINT('',(19.8,-0.259774929783,7.734184));
#1002 = SURFACE_CURVE('',#1003,(#1007,#1013),.PCURVE_S1.);
#1003 = LINE('',#1004,#1005);
#1004 = CARTESIAN_POINT('',(19.8,-0.259774929783,7.734184));
#1005 = VECTOR('',#1006,1.);
#1006 = DIRECTION('',(-1.,-0.,-0.));
#1007 = PCURVE('',#265,#1008);
#1008 = DEFINITIONAL_REPRESENTATION('',(#1009),#1012);
#1009 = B_SPLINE_CURVE_WITH_KNOTS('',1,(#1010,#1011),.UNSPECIFIED.,.F.,
  .F.,(2,2),(-2.6500006,5.999999999062E-07),.PIECEWISE_BEZIER_KNOTS.);
#1010 = CARTESIAN_POINT('',(4.629164964579,-2.6500006));
#1011 = CARTESIAN_POINT('',(4.629164964579,5.999999999062E-07));
#1012 = ( GEOMETRIC_REPRESENTATION_CONTEXT(2) 
PARAMETRIC_REPRESENTATION_CONTEXT() REPRESENTATION_CONTEXT('2D SPACE',''
  ) );
#1013 = PCURVE('',#955,#1014);
#1014 = DEFINITIONAL_REPRESENTATION('',(#1015),#1018);
#1015 = B_SPLINE_CURVE_WITH_KNOTS('',1,(#1016,#1017),.UNSPECIFIED.,.F.,
  .F.,(2,2),(-2.6500006,5.999999999062E-07),.PIECEWISE_BEZIER_KNOTS.);
#1016 = CARTESIAN_POINT('',(4.670776972482,-2.6500006));
#1017 = CARTESIAN_POINT('',(4.670776972482,5.999999999062E-07));
#1018 = ( GEOMETRIC_REPRESENTATION_CONTEXT(2) 
PARAMETRIC_REPRESENTATION_CONTEXT() REPRESENTATION_CONTEXT('2D SPACE',''
  ) );
#1019 = ORIENTED_EDGE('',*,*,#1020,.T.);
#1020 = EDGE_CURVE('',#1000,#1021,#1023,.T.);
#1021 = VERTEX_POINT('',#1022);
#1022 = CARTESIAN_POINT('',(19.8,-0.439709302261,7.713910265264));
#1023 = SURFACE_CURVE('',#1024,(#1029,#1036),.PCURVE_S1.);
#1024 = CIRCLE('',#1025,3.125);
#1025 = AXIS2_PLACEMENT_3D('',#1026,#1027,#1028);
#1026 = CARTESIAN_POINT('',(19.8,0.,4.62));
#1027 = DIRECTION('',(1.,0.,0.));
#1028 = DIRECTION('',(-0.,1.,0.));
#1029 = PCURVE('',#265,#1030);
#1030 = DEFINITIONAL_REPRESENTATION('',(#1031),#1035);
#1031 = LINE('',#1032,#1033);
#1032 = CARTESIAN_POINT('',(6.28318530718,0.));
#1033 = VECTOR('',#1034,1.);
#1034 = DIRECTION('',(-1.,0.));
#1035 = ( GEOMETRIC_REPRESENTATION_CONTEXT(2) 
PARAMETRIC_REPRESENTATION_CONTEXT() REPRESENTATION_CONTEXT('2D SPACE',''
  ) );
#1036 = PCURVE('',#304,#1037);
#1037 = DEFINITIONAL_REPRESENTATION('',(#1038),#1042);
#1038 = CIRCLE('',#1039,3.125);
#1039 = AXIS2_PLACEMENT_2D('',#1040,#1041);
#1040 = CARTESIAN_POINT('',(0.,-1.093952106032E-16));
#1041 = DIRECTION('',(0.,-1.));
#1042 = ( GEOMETRIC_REPRESENTATION_CONTEXT(2) 
PARAMETRIC_REPRESENTATION_CONTEXT() REPRESENTATION_CONTEXT('2D SPACE',''
  ) );
#1043 = ORIENTED_EDGE('',*,*,#1044,.F.);
#1044 = EDGE_CURVE('',#1045,#1021,#1047,.T.);
#1045 = VERTEX_POINT('',#1046);
#1046 = CARTESIAN_POINT('',(22.45,-0.439709302261,7.713910265264));
#1047 = SURFACE_CURVE('',#1048,(#1052,#1058),.PCURVE_S1.);
#1048 = LINE('',#1049,#1050);
#1049 = CARTESIAN_POINT('',(19.8,-0.439709302261,7.713910265264));
#1050 = VECTOR('',#1051,1.);
#1051 = DIRECTION('',(-1.,-0.,-0.));
#1052 = PCURVE('',#265,#1053);
#1053 = DEFINITIONAL_REPRESENTATION('',(#1054),#1057);
#1054 = B_SPLINE_CURVE_WITH_KNOTS('',1,(#1055,#1056),.UNSPECIFIED.,.F.,
  .F.,(2,2),(-2.6500006,5.999999999062E-07),.PIECEWISE_BEZIER_KNOTS.);
#1055 = CARTESIAN_POINT('',(4.571213520934,-2.6500006));
#1056 = CARTESIAN_POINT('',(4.571213520934,5.999999999062E-07));
#1057 = ( GEOMETRIC_REPRESENTATION_CONTEXT(2) 
PARAMETRIC_REPRESENTATION_CONTEXT() REPRESENTATION_CONTEXT('2D SPACE',''
  ) );
#1058 = PCURVE('',#1059,#1064);
#1059 = CYLINDRICAL_SURFACE('',#1060,0.26);
#1060 = AXIS2_PLACEMENT_3D('',#1061,#1062,#1063);
#1061 = CARTESIAN_POINT('',(19.8,-0.695377918613,7.666649725568));
#1062 = DIRECTION('',(-1.,0.,0.));
#1063 = DIRECTION('',(0.,-0.222520933956,0.974927912182));
#1064 = DEFINITIONAL_REPRESENTATION('',(#1065),#1068);
#1065 = B_SPLINE_CURVE_WITH_KNOTS('',1,(#1066,#1067),.UNSPECIFIED.,.F.,
  .F.,(2,2),(-2.6500006,5.999999999062E-07),.PIECEWISE_BEZIER_KNOTS.);
#1066 = CARTESIAN_POINT('',(1.612408334698,-2.6500006));
#1067 = CARTESIAN_POINT('',(1.612408334698,5.999999999062E-07));
#1068 = ( GEOMETRIC_REPRESENTATION_CONTEXT(2) 
PARAMETRIC_REPRESENTATION_CONTEXT() REPRESENTATION_CONTEXT('2D SPACE',''
  ) );
#1069 = ORIENTED_EDGE('',*,*,#1070,.F.);
#1070 = EDGE_CURVE('',#1071,#1045,#1073,.T.);
#1071 = VERTEX_POINT('',#1072);
#1072 = CARTESIAN_POINT('',(22.45,-0.946232962123,7.598299545276));
#1073 = SURFACE_CURVE('',#1074,(#1079,#1086),.PCURVE_S1.);
#1074 = CIRCLE('',#1075,3.125);
#1075 = AXIS2_PLACEMENT_3D('',#1076,#1077,#1078);
#1076 = CARTESIAN_POINT('',(22.45,0.,4.62));
#1077 = DIRECTION('',(-1.,0.,0.));
#1078 = DIRECTION('',(0.,1.,0.));
#1079 = PCURVE('',#265,#1080);
#1080 = DEFINITIONAL_REPRESENTATION('',(#1081),#1085);
#1081 = LINE('',#1082,#1083);
#1082 = CARTESIAN_POINT('',(-4.138911435803E-13,-2.65));
#1083 = VECTOR('',#1084,1.);
#1084 = DIRECTION('',(1.,-0.));
#1085 = ( GEOMETRIC_REPRESENTATION_CONTEXT(2) 
PARAMETRIC_REPRESENTATION_CONTEXT() REPRESENTATION_CONTEXT('2D SPACE',''
  ) );
#1086 = PCURVE('',#1087,#1092);
#1087 = PLANE('',#1088);
#1088 = AXIS2_PLACEMENT_3D('',#1089,#1090,#1091);
#1089 = CARTESIAN_POINT('',(22.45,-0.695377918613,7.666649725568));
#1090 = DIRECTION('',(1.,0.,0.));
#1091 = DIRECTION('',(0.,-0.974927912182,-0.222520933956));
#1092 = DEFINITIONAL_REPRESENTATION('',(#1093),#1101);
#1093 = ( BOUNDED_CURVE() B_SPLINE_CURVE(2,(#1094,#1095,#1096,#1097,
#1098,#1099,#1100),.UNSPECIFIED.,.T.,.F.) B_SPLINE_CURVE_WITH_KNOTS((1,2
    ,2,2,2,1),(-2.094395102393,0.,2.094395102393,4.188790204786,
6.28318530718,8.377580409573),.UNSPECIFIED.) CURVE() 
GEOMETRIC_REPRESENTATION_ITEM() RATIONAL_B_SPLINE_CURVE((1.,0.5,1.,0.5,
1.,0.5,1.)) REPRESENTATION_ITEM('') );
#1094 = CARTESIAN_POINT('',(-3.046649725569,3.820377918612));
#1095 = CARTESIAN_POINT('',(-1.842219840071,9.097330036162));
#1096 = CARTESIAN_POINT('',(2.125539805533,5.415787099469));
#1097 = CARTESIAN_POINT('',(6.093299451136,1.734244162775));
#1098 = CARTESIAN_POINT('',(0.921109920034,0.138834981918));
#1099 = CARTESIAN_POINT('',(-4.251079611067,-1.456574198938));
#1100 = CARTESIAN_POINT('',(-3.046649725569,3.820377918612));
#1101 = ( GEOMETRIC_REPRESENTATION_CONTEXT(2) 
PARAMETRIC_REPRESENTATION_CONTEXT() REPRESENTATION_CONTEXT('2D SPACE',''
  ) );
#1102 = ORIENTED_EDGE('',*,*,#1103,.T.);
#1103 = EDGE_CURVE('',#1071,#1104,#1106,.T.);
#1104 = VERTEX_POINT('',#1105);
#1105 = CARTESIAN_POINT('',(19.8,-0.946232962123,7.598299545276));
#1106 = SURFACE_CURVE('',#1107,(#1111,#1117),.PCURVE_S1.);
#1107 = LINE('',#1108,#1109);
#1108 = CARTESIAN_POINT('',(19.8,-0.946232962123,7.598299545276));
#1109 = VECTOR('',#1110,1.);
#1110 = DIRECTION('',(-1.,-0.,-0.));
#1111 = PCURVE('',#265,#1112);
#1112 = DEFINITIONAL_REPRESENTATION('',(#1113),#1116);
#1113 = B_SPLINE_CURVE_WITH_KNOTS('',1,(#1114,#1115),.UNSPECIFIED.,.F.,
  .F.,(2,2),(-2.6500006,5.999999999062E-07),.PIECEWISE_BEZIER_KNOTS.);
#1114 = CARTESIAN_POINT('',(4.404765489323,-2.6500006));
#1115 = CARTESIAN_POINT('',(4.404765489323,5.999999999062E-07));
#1116 = ( GEOMETRIC_REPRESENTATION_CONTEXT(2) 
PARAMETRIC_REPRESENTATION_CONTEXT() REPRESENTATION_CONTEXT('2D SPACE',''
  ) );
#1117 = PCURVE('',#1059,#1118);
#1118 = DEFINITIONAL_REPRESENTATION('',(#1119),#1122);
#1119 = B_SPLINE_CURVE_WITH_KNOTS('',1,(#1120,#1121),.UNSPECIFIED.,.F.,
  .F.,(2,2),(-2.6500006,5.999999999062E-07),.PIECEWISE_BEZIER_KNOTS.);
#1120 = CARTESIAN_POINT('',(4.670776972482,-2.6500006));
#1121 = CARTESIAN_POINT('',(4.670776972482,5.999999999062E-07));
#1122 = ( GEOMETRIC_REPRESENTATION_CONTEXT(2) 
PARAMETRIC_REPRESENTATION_CONTEXT() REPRESENTATION_CONTEXT('2D SPACE',''
  ) );
#1123 = ORIENTED_EDGE('',*,*,#1124,.T.);
#1124 = EDGE_CURVE('',#1104,#1125,#1127,.T.);
#1125 = VERTEX_POINT('',#1126);
#1126 = CARTESIAN_POINT('',(19.8,-1.117144673824,7.538494950783));
#1127 = SURFACE_CURVE('',#1128,(#1133,#1140),.PCURVE_S1.);
#1128 = CIRCLE('',#1129,3.125);
#1129 = AXIS2_PLACEMENT_3D('',#1130,#1131,#1132);
#1130 = CARTESIAN_POINT('',(19.8,0.,4.62));
#1131 = DIRECTION('',(1.,0.,0.));
#1132 = DIRECTION('',(-0.,1.,0.));
#1133 = PCURVE('',#265,#1134);
#1134 = DEFINITIONAL_REPRESENTATION('',(#1135),#1139);
#1135 = LINE('',#1136,#1137);
#1136 = CARTESIAN_POINT('',(6.28318530718,0.));
#1137 = VECTOR('',#1138,1.);
#1138 = DIRECTION('',(-1.,0.));
#1139 = ( GEOMETRIC_REPRESENTATION_CONTEXT(2) 
PARAMETRIC_REPRESENTATION_CONTEXT() REPRESENTATION_CONTEXT('2D SPACE',''
  ) );
#1140 = PCURVE('',#304,#1141);
#1141 = DEFINITIONAL_REPRESENTATION('',(#1142),#1146);
#1142 = CIRCLE('',#1143,3.125);
#1143 = AXIS2_PLACEMENT_2D('',#1144,#1145);
#1144 = CARTESIAN_POINT('',(0.,-1.093952106032E-16));
#1145 = DIRECTION('',(0.,-1.));
#1146 = ( GEOMETRIC_REPRESENTATION_CONTEXT(2) 
PARAMETRIC_REPRESENTATION_CONTEXT() REPRESENTATION_CONTEXT('2D SPACE',''
  ) );
#1147 = ORIENTED_EDGE('',*,*,#1148,.F.);
#1148 = EDGE_CURVE('',#1149,#1125,#1151,.T.);
#1149 = VERTEX_POINT('',#1150);
#1150 = CARTESIAN_POINT('',(22.45,-1.117144673824,7.538494950783));
#1151 = SURFACE_CURVE('',#1152,(#1156,#1162),.PCURVE_S1.);
#1152 = LINE('',#1153,#1154);
#1153 = CARTESIAN_POINT('',(19.8,-1.117144673824,7.538494950783));
#1154 = VECTOR('',#1155,1.);
#1155 = DIRECTION('',(-1.,-0.,-0.));
#1156 = PCURVE('',#265,#1157);
#1157 = DEFINITIONAL_REPRESENTATION('',(#1158),#1161);
#1158 = B_SPLINE_CURVE_WITH_KNOTS('',1,(#1159,#1160),.UNSPECIFIED.,.F.,
  .F.,(2,2),(-2.6500006,5.999999999062E-07),.PIECEWISE_BEZIER_KNOTS.);
#1159 = CARTESIAN_POINT('',(4.346814045678,-2.6500006));
#1160 = CARTESIAN_POINT('',(4.346814045678,5.999999999062E-07));
#1161 = ( GEOMETRIC_REPRESENTATION_CONTEXT(2) 
PARAMETRIC_REPRESENTATION_CONTEXT() REPRESENTATION_CONTEXT('2D SPACE',''
  ) );
#1162 = PCURVE('',#1163,#1168);
#1163 = CYLINDRICAL_SURFACE('',#1164,0.26);
#1164 = AXIS2_PLACEMENT_3D('',#1165,#1166,#1167);
#1165 = CARTESIAN_POINT('',(19.8,-1.355886684742,7.435527712195));
#1166 = DIRECTION('',(-1.,0.,0.));
#1167 = DIRECTION('',(0.,-0.433883739118,0.900968867902));
#1168 = DEFINITIONAL_REPRESENTATION('',(#1169),#1172);
#1169 = B_SPLINE_CURVE_WITH_KNOTS('',1,(#1170,#1171),.UNSPECIFIED.,.F.,
  .F.,(2,2),(-2.6500006,5.999999999062E-07),.PIECEWISE_BEZIER_KNOTS.);
#1170 = CARTESIAN_POINT('',(1.612408334698,-2.6500006));
#1171 = CARTESIAN_POINT('',(1.612408334698,5.999999999062E-07));
#1172 = ( GEOMETRIC_REPRESENTATION_CONTEXT(2) 
PARAMETRIC_REPRESENTATION_CONTEXT() REPRESENTATION_CONTEXT('2D SPACE',''
  ) );
#1173 = ORIENTED_EDGE('',*,*,#1174,.F.);
#1174 = EDGE_CURVE('',#1175,#1149,#1177,.T.);
#1175 = VERTEX_POINT('',#1176);
#1176 = CARTESIAN_POINT('',(22.45,-1.585242922617,7.313070715056));
#1177 = SURFACE_CURVE('',#1178,(#1183,#1190),.PCURVE_S1.);
#1178 = CIRCLE('',#1179,3.125);
#1179 = AXIS2_PLACEMENT_3D('',#1180,#1181,#1182);
#1180 = CARTESIAN_POINT('',(22.45,0.,4.62));
#1181 = DIRECTION('',(-1.,0.,0.));
#1182 = DIRECTION('',(0.,1.,0.));
#1183 = PCURVE('',#265,#1184);
#1184 = DEFINITIONAL_REPRESENTATION('',(#1185),#1189);
#1185 = LINE('',#1186,#1187);
#1186 = CARTESIAN_POINT('',(-4.138911435803E-13,-2.65));
#1187 = VECTOR('',#1188,1.);
#1188 = DIRECTION('',(1.,-0.));
#1189 = ( GEOMETRIC_REPRESENTATION_CONTEXT(2) 
PARAMETRIC_REPRESENTATION_CONTEXT() REPRESENTATION_CONTEXT('2D SPACE',''
  ) );
#1190 = PCURVE('',#1191,#1196);
#1191 = PLANE('',#1192);
#1192 = AXIS2_PLACEMENT_3D('',#1193,#1194,#1195);
#1193 = CARTESIAN_POINT('',(22.45,-1.355886684742,7.435527712195));
#1194 = DIRECTION('',(1.,0.,0.));
#1195 = DIRECTION('',(0.,-0.900968867902,-0.433883739118));
#1196 = DEFINITIONAL_REPRESENTATION('',(#1197),#1205);
#1197 = ( BOUNDED_CURVE() B_SPLINE_CURVE(2,(#1198,#1199,#1200,#1201,
#1202,#1203,#1204),.UNSPECIFIED.,.T.,.F.) B_SPLINE_CURVE_WITH_KNOTS((1,2
    ,2,2,2,1),(-2.094395102393,0.,2.094395102393,4.188790204786,
6.28318530718,8.377580409573),.UNSPECIFIED.) CURVE() 
GEOMETRIC_REPRESENTATION_ITEM() RATIONAL_B_SPLINE_CURVE((1.,0.5,1.,0.5,
1.,0.5,1.)) REPRESENTATION_ITEM('') );
#1198 = CARTESIAN_POINT('',(-2.815527712192,4.480886684744));
#1199 = CARTESIAN_POINT('',(-0.467063084909,9.357523732382));
#1200 = CARTESIAN_POINT('',(2.581996169741,4.885375181447));
#1201 = CARTESIAN_POINT('',(5.631055424391,0.413226630512));
#1202 = CARTESIAN_POINT('',(0.233531542458,8.738133808463E-03));
#1203 = CARTESIAN_POINT('',(-5.163992339475,-0.395750362895));
#1204 = CARTESIAN_POINT('',(-2.815527712192,4.480886684744));
#1205 = ( GEOMETRIC_REPRESENTATION_CONTEXT(2) 
PARAMETRIC_REPRESENTATION_CONTEXT() REPRESENTATION_CONTEXT('2D SPACE',''
  ) );
#1206 = ORIENTED_EDGE('',*,*,#1207,.T.);
#1207 = EDGE_CURVE('',#1175,#1208,#1210,.T.);
#1208 = VERTEX_POINT('',#1209);
#1209 = CARTESIAN_POINT('',(19.8,-1.585242922616,7.313070715056));
#1210 = SURFACE_CURVE('',#1211,(#1215,#1221),.PCURVE_S1.);
#1211 = LINE('',#1212,#1213);
#1212 = CARTESIAN_POINT('',(19.8,-1.585242922617,7.313070715056));
#1213 = VECTOR('',#1214,1.);
#1214 = DIRECTION('',(-1.,-0.,-0.));
#1215 = PCURVE('',#265,#1216);
#1216 = DEFINITIONAL_REPRESENTATION('',(#1217),#1220);
#1217 = B_SPLINE_CURVE_WITH_KNOTS('',1,(#1218,#1219),.UNSPECIFIED.,.F.,
  .F.,(2,2),(-2.6500006,5.999999999062E-07),.PIECEWISE_BEZIER_KNOTS.);
#1218 = CARTESIAN_POINT('',(4.180366014067,-2.6500006));
#1219 = CARTESIAN_POINT('',(4.180366014067,5.999999999062E-07));
#1220 = ( GEOMETRIC_REPRESENTATION_CONTEXT(2) 
PARAMETRIC_REPRESENTATION_CONTEXT() REPRESENTATION_CONTEXT('2D SPACE',''
  ) );
#1221 = PCURVE('',#1163,#1222);
#1222 = DEFINITIONAL_REPRESENTATION('',(#1223),#1226);
#1223 = B_SPLINE_CURVE_WITH_KNOTS('',1,(#1224,#1225),.UNSPECIFIED.,.F.,
  .F.,(2,2),(-2.6500006,5.999999999062E-07),.PIECEWISE_BEZIER_KNOTS.);
#1224 = CARTESIAN_POINT('',(4.670776972482,-2.6500006));
#1225 = CARTESIAN_POINT('',(4.670776972482,5.999999999062E-07));
#1226 = ( GEOMETRIC_REPRESENTATION_CONTEXT(2) 
PARAMETRIC_REPRESENTATION_CONTEXT() REPRESENTATION_CONTEXT('2D SPACE',''
  ) );
#1227 = ORIENTED_EDGE('',*,*,#1228,.T.);
#1228 = EDGE_CURVE('',#1208,#1229,#1231,.T.);
#1229 = VERTEX_POINT('',#1230);
#1230 = CARTESIAN_POINT('',(19.8,-1.738561746651,7.216734112897));
#1231 = SURFACE_CURVE('',#1232,(#1237,#1244),.PCURVE_S1.);
#1232 = CIRCLE('',#1233,3.125);
#1233 = AXIS2_PLACEMENT_3D('',#1234,#1235,#1236);
#1234 = CARTESIAN_POINT('',(19.8,0.,4.62));
#1235 = DIRECTION('',(1.,0.,0.));
#1236 = DIRECTION('',(-0.,1.,0.));
#1237 = PCURVE('',#265,#1238);
#1238 = DEFINITIONAL_REPRESENTATION('',(#1239),#1243);
#1239 = LINE('',#1240,#1241);
#1240 = CARTESIAN_POINT('',(6.28318530718,0.));
#1241 = VECTOR('',#1242,1.);
#1242 = DIRECTION('',(-1.,0.));
#1243 = ( GEOMETRIC_REPRESENTATION_CONTEXT(2) 
PARAMETRIC_REPRESENTATION_CONTEXT() REPRESENTATION_CONTEXT('2D SPACE',''
  ) );
#1244 = PCURVE('',#304,#1245);
#1245 = DEFINITIONAL_REPRESENTATION('',(#1246),#1250);
#1246 = CIRCLE('',#1247,3.125);
#1247 = AXIS2_PLACEMENT_2D('',#1248,#1249);
#1248 = CARTESIAN_POINT('',(0.,-1.093952106032E-16));
#1249 = DIRECTION('',(0.,-1.));
#1250 = ( GEOMETRIC_REPRESENTATION_CONTEXT(2) 
PARAMETRIC_REPRESENTATION_CONTEXT() REPRESENTATION_CONTEXT('2D SPACE',''
  ) );
#1251 = ORIENTED_EDGE('',*,*,#1252,.F.);
#1252 = EDGE_CURVE('',#1253,#1229,#1255,.T.);
#1253 = VERTEX_POINT('',#1254);
#1254 = CARTESIAN_POINT('',(22.45,-1.738561746651,7.216734112897));
#1255 = SURFACE_CURVE('',#1256,(#1260,#1266),.PCURVE_S1.);
#1256 = LINE('',#1257,#1258);
#1257 = CARTESIAN_POINT('',(19.8,-1.738561746651,7.216734112897));
#1258 = VECTOR('',#1259,1.);
#1259 = DIRECTION('',(-1.,-0.,-0.));
#1260 = PCURVE('',#265,#1261);
#1261 = DEFINITIONAL_REPRESENTATION('',(#1262),#1265);
#1262 = B_SPLINE_CURVE_WITH_KNOTS('',1,(#1263,#1264),.UNSPECIFIED.,.F.,
  .F.,(2,2),(-2.6500006,5.999999999062E-07),.PIECEWISE_BEZIER_KNOTS.);
#1263 = CARTESIAN_POINT('',(4.122414570422,-2.6500006));
#1264 = CARTESIAN_POINT('',(4.122414570422,5.999999999062E-07));
#1265 = ( GEOMETRIC_REPRESENTATION_CONTEXT(2) 
PARAMETRIC_REPRESENTATION_CONTEXT() REPRESENTATION_CONTEXT('2D SPACE',''
  ) );
#1266 = PCURVE('',#1267,#1272);
#1267 = CYLINDRICAL_SURFACE('',#1268,0.26);
#1268 = AXIS2_PLACEMENT_3D('',#1269,#1270,#1271);
#1269 = CARTESIAN_POINT('',(19.8,-1.948405630809,7.063223382713));
#1270 = DIRECTION('',(-1.,0.,0.));
#1271 = DIRECTION('',(0.,-0.623489801859,0.781831482468));
#1272 = DEFINITIONAL_REPRESENTATION('',(#1273),#1276);
#1273 = B_SPLINE_CURVE_WITH_KNOTS('',1,(#1274,#1275),.UNSPECIFIED.,.F.,
  .F.,(2,2),(-2.6500006,5.999999999062E-07),.PIECEWISE_BEZIER_KNOTS.);
#1274 = CARTESIAN_POINT('',(1.612408334698,-2.6500006));
#1275 = CARTESIAN_POINT('',(1.612408334698,5.999999999062E-07));
#1276 = ( GEOMETRIC_REPRESENTATION_CONTEXT(2) 
PARAMETRIC_REPRESENTATION_CONTEXT() REPRESENTATION_CONTEXT('2D SPACE',''
  ) );
#1277 = ORIENTED_EDGE('',*,*,#1278,.F.);
#1278 = EDGE_CURVE('',#1279,#1253,#1281,.T.);
#1279 = VERTEX_POINT('',#1280);
#1280 = CARTESIAN_POINT('',(22.45,-2.144762183572,6.8928000739));
#1281 = SURFACE_CURVE('',#1282,(#1287,#1294),.PCURVE_S1.);
#1282 = CIRCLE('',#1283,3.125);
#1283 = AXIS2_PLACEMENT_3D('',#1284,#1285,#1286);
#1284 = CARTESIAN_POINT('',(22.45,0.,4.62));
#1285 = DIRECTION('',(-1.,0.,0.));
#1286 = DIRECTION('',(0.,1.,0.));
#1287 = PCURVE('',#265,#1288);
#1288 = DEFINITIONAL_REPRESENTATION('',(#1289),#1293);
#1289 = LINE('',#1290,#1291);
#1290 = CARTESIAN_POINT('',(-4.138911435803E-13,-2.65));
#1291 = VECTOR('',#1292,1.);
#1292 = DIRECTION('',(1.,-0.));
#1293 = ( GEOMETRIC_REPRESENTATION_CONTEXT(2) 
PARAMETRIC_REPRESENTATION_CONTEXT() REPRESENTATION_CONTEXT('2D SPACE',''
  ) );
#1294 = PCURVE('',#1295,#1300);
#1295 = PLANE('',#1296);
#1296 = AXIS2_PLACEMENT_3D('',#1297,#1298,#1299);
#1297 = CARTESIAN_POINT('',(22.45,-1.948405630809,7.063223382713));
#1298 = DIRECTION('',(1.,0.,0.));
#1299 = DIRECTION('',(0.,-0.781831482468,-0.623489801859));
#1300 = DEFINITIONAL_REPRESENTATION('',(#1301),#1309);
#1301 = ( BOUNDED_CURVE() B_SPLINE_CURVE(2,(#1302,#1303,#1304,#1305,
#1306,#1307,#1308),.UNSPECIFIED.,.T.,.F.) B_SPLINE_CURVE_WITH_KNOTS((1,2
    ,2,2,2,1),(-2.094395102393,0.,2.094395102393,4.188790204786,
6.28318530718,8.377580409573),.UNSPECIFIED.) CURVE() 
GEOMETRIC_REPRESENTATION_ITEM() RATIONAL_B_SPLINE_CURVE((1.,0.5,1.,0.5,
1.,0.5,1.)) REPRESENTATION_ITEM('') );
#1302 = CARTESIAN_POINT('',(-2.443223382712,5.07340563081));
#1303 = CARTESIAN_POINT('',(0.931514163603,9.305192663907));
#1304 = CARTESIAN_POINT('',(2.908980464514,4.266690701145));
#1305 = CARTESIAN_POINT('',(4.886446765425,-0.771811261618));
#1306 = CARTESIAN_POINT('',(-0.465757081801,3.490366804718E-02));
#1307 = CARTESIAN_POINT('',(-5.817960929026,0.841618597712));
#1308 = CARTESIAN_POINT('',(-2.443223382712,5.07340563081));
#1309 = ( GEOMETRIC_REPRESENTATION_CONTEXT(2) 
PARAMETRIC_REPRESENTATION_CONTEXT() REPRESENTATION_CONTEXT('2D SPACE',''
  ) );
#1310 = ORIENTED_EDGE('',*,*,#1311,.T.);
#1311 = EDGE_CURVE('',#1279,#1312,#1314,.T.);
#1312 = VERTEX_POINT('',#1313);
#1313 = CARTESIAN_POINT('',(19.8,-2.144762183572,6.8928000739));
#1314 = SURFACE_CURVE('',#1315,(#1319,#1325),.PCURVE_S1.);
#1315 = LINE('',#1316,#1317);
#1316 = CARTESIAN_POINT('',(19.8,-2.144762183572,6.8928000739));
#1317 = VECTOR('',#1318,1.);
#1318 = DIRECTION('',(-1.,-0.,-0.));
#1319 = PCURVE('',#265,#1320);
#1320 = DEFINITIONAL_REPRESENTATION('',(#1321),#1324);
#1321 = B_SPLINE_CURVE_WITH_KNOTS('',1,(#1322,#1323),.UNSPECIFIED.,.F.,
  .F.,(2,2),(-2.6500006,5.999999999062E-07),.PIECEWISE_BEZIER_KNOTS.);
#1322 = CARTESIAN_POINT('',(3.95596653881,-2.6500006));
#1323 = CARTESIAN_POINT('',(3.95596653881,5.999999999062E-07));
#1324 = ( GEOMETRIC_REPRESENTATION_CONTEXT(2) 
PARAMETRIC_REPRESENTATION_CONTEXT() REPRESENTATION_CONTEXT('2D SPACE',''
  ) );
#1325 = PCURVE('',#1267,#1326);
#1326 = DEFINITIONAL_REPRESENTATION('',(#1327),#1330);
#1327 = B_SPLINE_CURVE_WITH_KNOTS('',1,(#1328,#1329),.UNSPECIFIED.,.F.,
  .F.,(2,2),(-2.6500006,5.999999999062E-07),.PIECEWISE_BEZIER_KNOTS.);
#1328 = CARTESIAN_POINT('',(4.670776972482,-2.6500006));
#1329 = CARTESIAN_POINT('',(4.670776972482,5.999999999062E-07));
#1330 = ( GEOMETRIC_REPRESENTATION_CONTEXT(2) 
PARAMETRIC_REPRESENTATION_CONTEXT() REPRESENTATION_CONTEXT('2D SPACE',''
  ) );
#1331 = ORIENTED_EDGE('',*,*,#1332,.T.);
#1332 = EDGE_CURVE('',#1312,#1333,#1335,.T.);
#1333 = VERTEX_POINT('',#1334);
#1334 = CARTESIAN_POINT('',(19.8,-2.2728000739,6.764762183572));
#1335 = SURFACE_CURVE('',#1336,(#1341,#1348),.PCURVE_S1.);
#1336 = CIRCLE('',#1337,3.125);
#1337 = AXIS2_PLACEMENT_3D('',#1338,#1339,#1340);
#1338 = CARTESIAN_POINT('',(19.8,0.,4.62));
#1339 = DIRECTION('',(1.,0.,0.));
#1340 = DIRECTION('',(-0.,1.,0.));
#1341 = PCURVE('',#265,#1342);
#1342 = DEFINITIONAL_REPRESENTATION('',(#1343),#1347);
#1343 = LINE('',#1344,#1345);
#1344 = CARTESIAN_POINT('',(6.28318530718,0.));
#1345 = VECTOR('',#1346,1.);
#1346 = DIRECTION('',(-1.,0.));
#1347 = ( GEOMETRIC_REPRESENTATION_CONTEXT(2) 
PARAMETRIC_REPRESENTATION_CONTEXT() REPRESENTATION_CONTEXT('2D SPACE',''
  ) );
#1348 = PCURVE('',#304,#1349);
#1349 = DEFINITIONAL_REPRESENTATION('',(#1350),#1354);
#1350 = CIRCLE('',#1351,3.125);
#1351 = AXIS2_PLACEMENT_2D('',#1352,#1353);
#1352 = CARTESIAN_POINT('',(0.,-1.093952106032E-16));
#1353 = DIRECTION('',(0.,-1.));
#1354 = ( GEOMETRIC_REPRESENTATION_CONTEXT(2) 
PARAMETRIC_REPRESENTATION_CONTEXT() REPRESENTATION_CONTEXT('2D SPACE',''
  ) );
#1355 = ORIENTED_EDGE('',*,*,#1356,.F.);
#1356 = EDGE_CURVE('',#1357,#1333,#1359,.T.);
#1357 = VERTEX_POINT('',#1358);
#1358 = CARTESIAN_POINT('',(22.45,-2.2728000739,6.764762183572));
#1359 = SURFACE_CURVE('',#1360,(#1364,#1370),.PCURVE_S1.);
#1360 = LINE('',#1361,#1362);
#1361 = CARTESIAN_POINT('',(19.8,-2.2728000739,6.764762183572));
#1362 = VECTOR('',#1363,1.);
#1363 = DIRECTION('',(-1.,-0.,-0.));
#1364 = PCURVE('',#265,#1365);
#1365 = DEFINITIONAL_REPRESENTATION('',(#1366),#1369);
#1366 = B_SPLINE_CURVE_WITH_KNOTS('',1,(#1367,#1368),.UNSPECIFIED.,.F.,
  .F.,(2,2),(-2.6500006,5.999999999062E-07),.PIECEWISE_BEZIER_KNOTS.);
#1367 = CARTESIAN_POINT('',(3.898015095165,-2.6500006));
#1368 = CARTESIAN_POINT('',(3.898015095165,5.999999999062E-07));
#1369 = ( GEOMETRIC_REPRESENTATION_CONTEXT(2) 
PARAMETRIC_REPRESENTATION_CONTEXT() REPRESENTATION_CONTEXT('2D SPACE',''
  ) );
#1370 = PCURVE('',#1371,#1376);
#1371 = CYLINDRICAL_SURFACE('',#1372,0.26);
#1372 = AXIS2_PLACEMENT_3D('',#1373,#1374,#1375);
#1373 = CARTESIAN_POINT('',(19.8,-2.443223382713,6.568405630809));
#1374 = DIRECTION('',(-1.,0.,0.));
#1375 = DIRECTION('',(0.,-0.781831482468,0.623489801859));
#1376 = DEFINITIONAL_REPRESENTATION('',(#1377),#1380);
#1377 = B_SPLINE_CURVE_WITH_KNOTS('',1,(#1378,#1379),.UNSPECIFIED.,.F.,
  .F.,(2,2),(-2.6500006,5.999999999062E-07),.PIECEWISE_BEZIER_KNOTS.);
#1378 = CARTESIAN_POINT('',(1.612408334698,-2.6500006));
#1379 = CARTESIAN_POINT('',(1.612408334698,5.999999999062E-07));
#1380 = ( GEOMETRIC_REPRESENTATION_CONTEXT(2) 
PARAMETRIC_REPRESENTATION_CONTEXT() REPRESENTATION_CONTEXT('2D SPACE',''
  ) );
#1381 = ORIENTED_EDGE('',*,*,#1382,.F.);
#1382 = EDGE_CURVE('',#1383,#1357,#1385,.T.);
#1383 = VERTEX_POINT('',#1384);
#1384 = CARTESIAN_POINT('',(22.45,-2.596734112897,6.358561746651));
#1385 = SURFACE_CURVE('',#1386,(#1391,#1398),.PCURVE_S1.);
#1386 = CIRCLE('',#1387,3.125);
#1387 = AXIS2_PLACEMENT_3D('',#1388,#1389,#1390);
#1388 = CARTESIAN_POINT('',(22.45,0.,4.62));
#1389 = DIRECTION('',(-1.,0.,0.));
#1390 = DIRECTION('',(0.,1.,0.));
#1391 = PCURVE('',#265,#1392);
#1392 = DEFINITIONAL_REPRESENTATION('',(#1393),#1397);
#1393 = LINE('',#1394,#1395);
#1394 = CARTESIAN_POINT('',(-4.138911435803E-13,-2.65));
#1395 = VECTOR('',#1396,1.);
#1396 = DIRECTION('',(1.,-0.));
#1397 = ( GEOMETRIC_REPRESENTATION_CONTEXT(2) 
PARAMETRIC_REPRESENTATION_CONTEXT() REPRESENTATION_CONTEXT('2D SPACE',''
  ) );
#1398 = PCURVE('',#1399,#1404);
#1399 = PLANE('',#1400);
#1400 = AXIS2_PLACEMENT_3D('',#1401,#1402,#1403);
#1401 = CARTESIAN_POINT('',(22.45,-2.443223382713,6.568405630809));
#1402 = DIRECTION('',(1.,0.,0.));
#1403 = DIRECTION('',(0.,-0.623489801859,-0.781831482468));
#1404 = DEFINITIONAL_REPRESENTATION('',(#1405),#1413);
#1405 = ( BOUNDED_CURVE() B_SPLINE_CURVE(2,(#1406,#1407,#1408,#1409,
#1410,#1411,#1412),.UNSPECIFIED.,.T.,.F.) B_SPLINE_CURVE_WITH_KNOTS((1,2
    ,2,2,2,1),(-2.094395102393,0.,2.094395102393,4.188790204786,
6.28318530718,8.377580409573),.UNSPECIFIED.) CURVE() 
GEOMETRIC_REPRESENTATION_ITEM() RATIONAL_B_SPLINE_CURVE((1.,0.5,1.,0.5,
1.,0.5,1.)) REPRESENTATION_ITEM('') );
#1406 = CARTESIAN_POINT('',(-1.94840563081,5.568223382713));
#1407 = CARTESIAN_POINT('',(2.283381402288,8.942960929027));
#1408 = CARTESIAN_POINT('',(3.090096331953,3.590757081802));
#1409 = CARTESIAN_POINT('',(3.896811261618,-1.761446765424));
#1410 = CARTESIAN_POINT('',(-1.141690701145,0.216019535487));
#1411 = CARTESIAN_POINT('',(-6.180192663907,2.193485836398));
#1412 = CARTESIAN_POINT('',(-1.94840563081,5.568223382713));
#1413 = ( GEOMETRIC_REPRESENTATION_CONTEXT(2) 
PARAMETRIC_REPRESENTATION_CONTEXT() REPRESENTATION_CONTEXT('2D SPACE',''
  ) );
#1414 = ORIENTED_EDGE('',*,*,#1415,.T.);
#1415 = EDGE_CURVE('',#1383,#1416,#1418,.T.);
#1416 = VERTEX_POINT('',#1417);
#1417 = CARTESIAN_POINT('',(19.8,-2.596734112897,6.358561746651));
#1418 = SURFACE_CURVE('',#1419,(#1423,#1429),.PCURVE_S1.);
#1419 = LINE('',#1420,#1421);
#1420 = CARTESIAN_POINT('',(19.8,-2.596734112897,6.358561746651));
#1421 = VECTOR('',#1422,1.);
#1422 = DIRECTION('',(-1.,-0.,-0.));
#1423 = PCURVE('',#265,#1424);
#1424 = DEFINITIONAL_REPRESENTATION('',(#1425),#1428);
#1425 = B_SPLINE_CURVE_WITH_KNOTS('',1,(#1426,#1427),.UNSPECIFIED.,.F.,
  .F.,(2,2),(-2.6500006,5.999999999062E-07),.PIECEWISE_BEZIER_KNOTS.);
#1426 = CARTESIAN_POINT('',(3.731567063554,-2.6500006));
#1427 = CARTESIAN_POINT('',(3.731567063554,5.999999999062E-07));
#1428 = ( GEOMETRIC_REPRESENTATION_CONTEXT(2) 
PARAMETRIC_REPRESENTATION_CONTEXT() REPRESENTATION_CONTEXT('2D SPACE',''
  ) );
#1429 = PCURVE('',#1371,#1430);
#1430 = DEFINITIONAL_REPRESENTATION('',(#1431),#1434);
#1431 = B_SPLINE_CURVE_WITH_KNOTS('',1,(#1432,#1433),.UNSPECIFIED.,.F.,
  .F.,(2,2),(-2.6500006,5.999999999062E-07),.PIECEWISE_BEZIER_KNOTS.);
#1432 = CARTESIAN_POINT('',(4.670776972482,-2.6500006));
#1433 = CARTESIAN_POINT('',(4.670776972482,5.999999999062E-07));
#1434 = ( GEOMETRIC_REPRESENTATION_CONTEXT(2) 
PARAMETRIC_REPRESENTATION_CONTEXT() REPRESENTATION_CONTEXT('2D SPACE',''
  ) );
#1435 = ORIENTED_EDGE('',*,*,#1436,.T.);
#1436 = EDGE_CURVE('',#1416,#1437,#1439,.T.);
#1437 = VERTEX_POINT('',#1438);
#1438 = CARTESIAN_POINT('',(19.8,-2.693070715056,6.205242922616));
#1439 = SURFACE_CURVE('',#1440,(#1445,#1452),.PCURVE_S1.);
#1440 = CIRCLE('',#1441,3.125);
#1441 = AXIS2_PLACEMENT_3D('',#1442,#1443,#1444);
#1442 = CARTESIAN_POINT('',(19.8,0.,4.62));
#1443 = DIRECTION('',(1.,0.,0.));
#1444 = DIRECTION('',(-0.,1.,0.));
#1445 = PCURVE('',#265,#1446);
#1446 = DEFINITIONAL_REPRESENTATION('',(#1447),#1451);
#1447 = LINE('',#1448,#1449);
#1448 = CARTESIAN_POINT('',(6.28318530718,0.));
#1449 = VECTOR('',#1450,1.);
#1450 = DIRECTION('',(-1.,0.));
#1451 = ( GEOMETRIC_REPRESENTATION_CONTEXT(2) 
PARAMETRIC_REPRESENTATION_CONTEXT() REPRESENTATION_CONTEXT('2D SPACE',''
  ) );
#1452 = PCURVE('',#304,#1453);
#1453 = DEFINITIONAL_REPRESENTATION('',(#1454),#1458);
#1454 = CIRCLE('',#1455,3.125);
#1455 = AXIS2_PLACEMENT_2D('',#1456,#1457);
#1456 = CARTESIAN_POINT('',(0.,-1.093952106032E-16));
#1457 = DIRECTION('',(0.,-1.));
#1458 = ( GEOMETRIC_REPRESENTATION_CONTEXT(2) 
PARAMETRIC_REPRESENTATION_CONTEXT() REPRESENTATION_CONTEXT('2D SPACE',''
  ) );
#1459 = ORIENTED_EDGE('',*,*,#1460,.F.);
#1460 = EDGE_CURVE('',#1461,#1437,#1463,.T.);
#1461 = VERTEX_POINT('',#1462);
#1462 = CARTESIAN_POINT('',(22.45,-2.693070715056,6.205242922617));
#1463 = SURFACE_CURVE('',#1464,(#1468,#1474),.PCURVE_S1.);
#1464 = LINE('',#1465,#1466);
#1465 = CARTESIAN_POINT('',(19.8,-2.693070715056,6.205242922617));
#1466 = VECTOR('',#1467,1.);
#1467 = DIRECTION('',(-1.,-0.,-0.));
#1468 = PCURVE('',#265,#1469);
#1469 = DEFINITIONAL_REPRESENTATION('',(#1470),#1473);
#1470 = B_SPLINE_CURVE_WITH_KNOTS('',1,(#1471,#1472),.UNSPECIFIED.,.F.,
  .F.,(2,2),(-2.6500006,5.999999999062E-07),.PIECEWISE_BEZIER_KNOTS.);
#1471 = CARTESIAN_POINT('',(3.673615619909,-2.6500006));
#1472 = CARTESIAN_POINT('',(3.673615619909,5.999999999062E-07));
#1473 = ( GEOMETRIC_REPRESENTATION_CONTEXT(2) 
PARAMETRIC_REPRESENTATION_CONTEXT() REPRESENTATION_CONTEXT('2D SPACE',''
  ) );
#1474 = PCURVE('',#1475,#1480);
#1475 = CYLINDRICAL_SURFACE('',#1476,0.26);
#1476 = AXIS2_PLACEMENT_3D('',#1477,#1478,#1479);
#1477 = CARTESIAN_POINT('',(19.8,-2.815527712195,5.975886684742));
#1478 = DIRECTION('',(-1.,0.,0.));
#1479 = DIRECTION('',(0.,-0.900968867902,0.433883739118));
#1480 = DEFINITIONAL_REPRESENTATION('',(#1481),#1484);
#1481 = B_SPLINE_CURVE_WITH_KNOTS('',1,(#1482,#1483),.UNSPECIFIED.,.F.,
  .F.,(2,2),(-2.6500006,5.999999999062E-07),.PIECEWISE_BEZIER_KNOTS.);
#1482 = CARTESIAN_POINT('',(1.612408334698,-2.6500006));
#1483 = CARTESIAN_POINT('',(1.612408334698,5.999999999062E-07));
#1484 = ( GEOMETRIC_REPRESENTATION_CONTEXT(2) 
PARAMETRIC_REPRESENTATION_CONTEXT() REPRESENTATION_CONTEXT('2D SPACE',''
  ) );
#1485 = ORIENTED_EDGE('',*,*,#1486,.F.);
#1486 = EDGE_CURVE('',#1487,#1461,#1489,.T.);
#1487 = VERTEX_POINT('',#1488);
#1488 = CARTESIAN_POINT('',(22.45,-2.918494950783,5.737144673824));
#1489 = SURFACE_CURVE('',#1490,(#1495,#1502),.PCURVE_S1.);
#1490 = CIRCLE('',#1491,3.125);
#1491 = AXIS2_PLACEMENT_3D('',#1492,#1493,#1494);
#1492 = CARTESIAN_POINT('',(22.45,0.,4.62));
#1493 = DIRECTION('',(-1.,0.,0.));
#1494 = DIRECTION('',(0.,1.,0.));
#1495 = PCURVE('',#265,#1496);
#1496 = DEFINITIONAL_REPRESENTATION('',(#1497),#1501);
#1497 = LINE('',#1498,#1499);
#1498 = CARTESIAN_POINT('',(-4.138911435803E-13,-2.65));
#1499 = VECTOR('',#1500,1.);
#1500 = DIRECTION('',(1.,-0.));
#1501 = ( GEOMETRIC_REPRESENTATION_CONTEXT(2) 
PARAMETRIC_REPRESENTATION_CONTEXT() REPRESENTATION_CONTEXT('2D SPACE',''
  ) );
#1502 = PCURVE('',#1503,#1508);
#1503 = PLANE('',#1504);
#1504 = AXIS2_PLACEMENT_3D('',#1505,#1506,#1507);
#1505 = CARTESIAN_POINT('',(22.45,-2.815527712195,5.975886684742));
#1506 = DIRECTION('',(1.,0.,0.));
#1507 = DIRECTION('',(0.,-0.433883739118,-0.900968867902));
#1508 = DEFINITIONAL_REPRESENTATION('',(#1509),#1517);
#1509 = ( BOUNDED_CURVE() B_SPLINE_CURVE(2,(#1510,#1511,#1512,#1513,
#1514,#1515,#1516),.UNSPECIFIED.,.T.,.F.) B_SPLINE_CURVE_WITH_KNOTS((1,2
    ,2,2,2,1),(-2.094395102393,0.,2.094395102393,4.188790204786,
6.28318530718,8.377580409573),.UNSPECIFIED.) CURVE() 
GEOMETRIC_REPRESENTATION_ITEM() RATIONAL_B_SPLINE_CURVE((1.,0.5,1.,0.5,
1.,0.5,1.)) REPRESENTATION_ITEM('') );
#1510 = CARTESIAN_POINT('',(-1.355886684746,5.940527712194));
#1511 = CARTESIAN_POINT('',(3.520750362893,8.288992339477));
#1512 = CARTESIAN_POINT('',(3.116261866189,2.891468457544));
#1513 = CARTESIAN_POINT('',(2.711773369486,-2.506055424389));
#1514 = CARTESIAN_POINT('',(-1.760375181449,0.543003830261));
#1515 = CARTESIAN_POINT('',(-6.232523732385,3.592063084911));
#1516 = CARTESIAN_POINT('',(-1.355886684746,5.940527712194));
#1517 = ( GEOMETRIC_REPRESENTATION_CONTEXT(2) 
PARAMETRIC_REPRESENTATION_CONTEXT() REPRESENTATION_CONTEXT('2D SPACE',''
  ) );
#1518 = ORIENTED_EDGE('',*,*,#1519,.T.);
#1519 = EDGE_CURVE('',#1487,#1520,#1522,.T.);
#1520 = VERTEX_POINT('',#1521);
#1521 = CARTESIAN_POINT('',(19.8,-2.918494950783,5.737144673824));
#1522 = SURFACE_CURVE('',#1523,(#1527,#1533),.PCURVE_S1.);
#1523 = LINE('',#1524,#1525);
#1524 = CARTESIAN_POINT('',(19.8,-2.918494950783,5.737144673824));
#1525 = VECTOR('',#1526,1.);
#1526 = DIRECTION('',(-1.,-0.,-0.));
#1527 = PCURVE('',#265,#1528);
#1528 = DEFINITIONAL_REPRESENTATION('',(#1529),#1532);
#1529 = B_SPLINE_CURVE_WITH_KNOTS('',1,(#1530,#1531),.UNSPECIFIED.,.F.,
  .F.,(2,2),(-2.6500006,5.999999999062E-07),.PIECEWISE_BEZIER_KNOTS.);
#1530 = CARTESIAN_POINT('',(3.507167588297,-2.6500006));
#1531 = CARTESIAN_POINT('',(3.507167588297,5.999999999062E-07));
#1532 = ( GEOMETRIC_REPRESENTATION_CONTEXT(2) 
PARAMETRIC_REPRESENTATION_CONTEXT() REPRESENTATION_CONTEXT('2D SPACE',''
  ) );
#1533 = PCURVE('',#1475,#1534);
#1534 = DEFINITIONAL_REPRESENTATION('',(#1535),#1538);
#1535 = B_SPLINE_CURVE_WITH_KNOTS('',1,(#1536,#1537),.UNSPECIFIED.,.F.,
  .F.,(2,2),(-2.6500006,5.999999999062E-07),.PIECEWISE_BEZIER_KNOTS.);
#1536 = CARTESIAN_POINT('',(4.670776972482,-2.6500006));
#1537 = CARTESIAN_POINT('',(4.670776972482,5.999999999062E-07));
#1538 = ( GEOMETRIC_REPRESENTATION_CONTEXT(2) 
PARAMETRIC_REPRESENTATION_CONTEXT() REPRESENTATION_CONTEXT('2D SPACE',''
  ) );
#1539 = ORIENTED_EDGE('',*,*,#1540,.T.);
#1540 = EDGE_CURVE('',#1520,#1541,#1543,.T.);
#1541 = VERTEX_POINT('',#1542);
#1542 = CARTESIAN_POINT('',(19.8,-2.978299545276,5.566232962123));
#1543 = SURFACE_CURVE('',#1544,(#1549,#1556),.PCURVE_S1.);
#1544 = CIRCLE('',#1545,3.125);
#1545 = AXIS2_PLACEMENT_3D('',#1546,#1547,#1548);
#1546 = CARTESIAN_POINT('',(19.8,0.,4.62));
#1547 = DIRECTION('',(1.,0.,0.));
#1548 = DIRECTION('',(-0.,1.,0.));
#1549 = PCURVE('',#265,#1550);
#1550 = DEFINITIONAL_REPRESENTATION('',(#1551),#1555);
#1551 = LINE('',#1552,#1553);
#1552 = CARTESIAN_POINT('',(6.28318530718,0.));
#1553 = VECTOR('',#1554,1.);
#1554 = DIRECTION('',(-1.,0.));
#1555 = ( GEOMETRIC_REPRESENTATION_CONTEXT(2) 
PARAMETRIC_REPRESENTATION_CONTEXT() REPRESENTATION_CONTEXT('2D SPACE',''
  ) );
#1556 = PCURVE('',#304,#1557);
#1557 = DEFINITIONAL_REPRESENTATION('',(#1558),#1562);
#1558 = CIRCLE('',#1559,3.125);
#1559 = AXIS2_PLACEMENT_2D('',#1560,#1561);
#1560 = CARTESIAN_POINT('',(0.,-1.093952106032E-16));
#1561 = DIRECTION('',(0.,-1.));
#1562 = ( GEOMETRIC_REPRESENTATION_CONTEXT(2) 
PARAMETRIC_REPRESENTATION_CONTEXT() REPRESENTATION_CONTEXT('2D SPACE',''
  ) );
#1563 = ORIENTED_EDGE('',*,*,#1564,.F.);
#1564 = EDGE_CURVE('',#1565,#1541,#1567,.T.);
#1565 = VERTEX_POINT('',#1566);
#1566 = CARTESIAN_POINT('',(22.45,-2.978299545276,5.566232962123));
#1567 = SURFACE_CURVE('',#1568,(#1572,#1578),.PCURVE_S1.);
#1568 = LINE('',#1569,#1570);
#1569 = CARTESIAN_POINT('',(19.8,-2.978299545276,5.566232962123));
#1570 = VECTOR('',#1571,1.);
#1571 = DIRECTION('',(-1.,-0.,-0.));
#1572 = PCURVE('',#265,#1573);
#1573 = DEFINITIONAL_REPRESENTATION('',(#1574),#1577);
#1574 = B_SPLINE_CURVE_WITH_KNOTS('',1,(#1575,#1576),.UNSPECIFIED.,.F.,
  .F.,(2,2),(-2.6500006,5.999999999062E-07),.PIECEWISE_BEZIER_KNOTS.);
#1575 = CARTESIAN_POINT('',(3.449216144652,-2.6500006));
#1576 = CARTESIAN_POINT('',(3.449216144652,5.999999999062E-07));
#1577 = ( GEOMETRIC_REPRESENTATION_CONTEXT(2) 
PARAMETRIC_REPRESENTATION_CONTEXT() REPRESENTATION_CONTEXT('2D SPACE',''
  ) );
#1578 = PCURVE('',#1579,#1584);
#1579 = CYLINDRICAL_SURFACE('',#1580,0.26);
#1580 = AXIS2_PLACEMENT_3D('',#1581,#1582,#1583);
#1581 = CARTESIAN_POINT('',(19.8,-3.046649725568,5.315377918613));
#1582 = DIRECTION('',(-1.,0.,0.));
#1583 = DIRECTION('',(0.,-0.974927912182,0.222520933956));
#1584 = DEFINITIONAL_REPRESENTATION('',(#1585),#1588);
#1585 = B_SPLINE_CURVE_WITH_KNOTS('',1,(#1586,#1587),.UNSPECIFIED.,.F.,
  .F.,(2,2),(-2.6500006,5.999999999062E-07),.PIECEWISE_BEZIER_KNOTS.);
#1586 = CARTESIAN_POINT('',(1.612408334698,-2.6500006));
#1587 = CARTESIAN_POINT('',(1.612408334698,5.999999999062E-07));
#1588 = ( GEOMETRIC_REPRESENTATION_CONTEXT(2) 
PARAMETRIC_REPRESENTATION_CONTEXT() REPRESENTATION_CONTEXT('2D SPACE',''
  ) );
#1589 = ORIENTED_EDGE('',*,*,#1590,.F.);
#1590 = EDGE_CURVE('',#1591,#1565,#1593,.T.);
#1591 = VERTEX_POINT('',#1592);
#1592 = CARTESIAN_POINT('',(22.45,-3.093910265264,5.059709302261));
#1593 = SURFACE_CURVE('',#1594,(#1599,#1606),.PCURVE_S1.);
#1594 = CIRCLE('',#1595,3.125);
#1595 = AXIS2_PLACEMENT_3D('',#1596,#1597,#1598);
#1596 = CARTESIAN_POINT('',(22.45,0.,4.62));
#1597 = DIRECTION('',(-1.,0.,0.));
#1598 = DIRECTION('',(0.,1.,0.));
#1599 = PCURVE('',#265,#1600);
#1600 = DEFINITIONAL_REPRESENTATION('',(#1601),#1605);
#1601 = LINE('',#1602,#1603);
#1602 = CARTESIAN_POINT('',(-4.138911435803E-13,-2.65));
#1603 = VECTOR('',#1604,1.);
#1604 = DIRECTION('',(1.,-0.));
#1605 = ( GEOMETRIC_REPRESENTATION_CONTEXT(2) 
PARAMETRIC_REPRESENTATION_CONTEXT() REPRESENTATION_CONTEXT('2D SPACE',''
  ) );
#1606 = PCURVE('',#1607,#1612);
#1607 = PLANE('',#1608);
#1608 = AXIS2_PLACEMENT_3D('',#1609,#1610,#1611);
#1609 = CARTESIAN_POINT('',(22.45,-3.046649725568,5.315377918613));
#1610 = DIRECTION('',(1.,0.,0.));
#1611 = DIRECTION('',(0.,-0.222520933956,-0.974927912182));
#1612 = DEFINITIONAL_REPRESENTATION('',(#1613),#1621);
#1613 = ( BOUNDED_CURVE() B_SPLINE_CURVE(2,(#1614,#1615,#1616,#1617,
#1618,#1619,#1620),.UNSPECIFIED.,.T.,.F.) B_SPLINE_CURVE_WITH_KNOTS((1,2
    ,2,2,2,1),(-2.094395102393,0.,2.094395102393,4.188790204786,
6.28318530718,8.377580409573),.UNSPECIFIED.) CURVE() 
GEOMETRIC_REPRESENTATION_ITEM() RATIONAL_B_SPLINE_CURVE((1.,0.5,1.,0.5,
1.,0.5,1.)) REPRESENTATION_ITEM('') );
#1614 = CARTESIAN_POINT('',(-0.695377918612,6.171649725568));
#1615 = CARTESIAN_POINT('',(4.581574198939,7.376079611066));
#1616 = CARTESIAN_POINT('',(2.986165018082,2.203890079965));
#1617 = CARTESIAN_POINT('',(1.390755837226,-2.968299451137));
#1618 = CARTESIAN_POINT('',(-2.290787099468,0.999460194466));
#1619 = CARTESIAN_POINT('',(-5.972330036162,4.96721984007));
#1620 = CARTESIAN_POINT('',(-0.695377918612,6.171649725568));
#1621 = ( GEOMETRIC_REPRESENTATION_CONTEXT(2) 
PARAMETRIC_REPRESENTATION_CONTEXT() REPRESENTATION_CONTEXT('2D SPACE',''
  ) );
#1622 = ORIENTED_EDGE('',*,*,#1623,.T.);
#1623 = EDGE_CURVE('',#1591,#1624,#1626,.T.);
#1624 = VERTEX_POINT('',#1625);
#1625 = CARTESIAN_POINT('',(19.8,-3.093910265264,5.059709302261));
#1626 = SURFACE_CURVE('',#1627,(#1631,#1637),.PCURVE_S1.);
#1627 = LINE('',#1628,#1629);
#1628 = CARTESIAN_POINT('',(19.8,-3.093910265264,5.059709302261));
#1629 = VECTOR('',#1630,1.);
#1630 = DIRECTION('',(-1.,-0.,-0.));
#1631 = PCURVE('',#265,#1632);
#1632 = DEFINITIONAL_REPRESENTATION('',(#1633),#1636);
#1633 = B_SPLINE_CURVE_WITH_KNOTS('',1,(#1634,#1635),.UNSPECIFIED.,.F.,
  .F.,(2,2),(-2.6500006,5.999999999062E-07),.PIECEWISE_BEZIER_KNOTS.);
#1634 = CARTESIAN_POINT('',(3.282768113041,-2.6500006));
#1635 = CARTESIAN_POINT('',(3.282768113041,5.999999999062E-07));
#1636 = ( GEOMETRIC_REPRESENTATION_CONTEXT(2) 
PARAMETRIC_REPRESENTATION_CONTEXT() REPRESENTATION_CONTEXT('2D SPACE',''
  ) );
#1637 = PCURVE('',#1579,#1638);
#1638 = DEFINITIONAL_REPRESENTATION('',(#1639),#1642);
#1639 = B_SPLINE_CURVE_WITH_KNOTS('',1,(#1640,#1641),.UNSPECIFIED.,.F.,
  .F.,(2,2),(-2.6500006,5.999999999062E-07),.PIECEWISE_BEZIER_KNOTS.);
#1640 = CARTESIAN_POINT('',(4.670776972482,-2.6500006));
#1641 = CARTESIAN_POINT('',(4.670776972482,5.999999999062E-07));
#1642 = ( GEOMETRIC_REPRESENTATION_CONTEXT(2) 
PARAMETRIC_REPRESENTATION_CONTEXT() REPRESENTATION_CONTEXT('2D SPACE',''
  ) );
#1643 = ORIENTED_EDGE('',*,*,#1644,.T.);
#1644 = EDGE_CURVE('',#1624,#1645,#1647,.T.);
#1645 = VERTEX_POINT('',#1646);
#1646 = CARTESIAN_POINT('',(19.8,-3.114184,4.879774929783));
#1647 = SURFACE_CURVE('',#1648,(#1653,#1660),.PCURVE_S1.);
#1648 = CIRCLE('',#1649,3.125);
#1649 = AXIS2_PLACEMENT_3D('',#1650,#1651,#1652);
#1650 = CARTESIAN_POINT('',(19.8,0.,4.62));
#1651 = DIRECTION('',(1.,0.,0.));
#1652 = DIRECTION('',(-0.,1.,0.));
#1653 = PCURVE('',#265,#1654);
#1654 = DEFINITIONAL_REPRESENTATION('',(#1655),#1659);
#1655 = LINE('',#1656,#1657);
#1656 = CARTESIAN_POINT('',(6.28318530718,0.));
#1657 = VECTOR('',#1658,1.);
#1658 = DIRECTION('',(-1.,0.));
#1659 = ( GEOMETRIC_REPRESENTATION_CONTEXT(2) 
PARAMETRIC_REPRESENTATION_CONTEXT() REPRESENTATION_CONTEXT('2D SPACE',''
  ) );
#1660 = PCURVE('',#304,#1661);
#1661 = DEFINITIONAL_REPRESENTATION('',(#1662),#1666);
#1662 = CIRCLE('',#1663,3.125);
#1663 = AXIS2_PLACEMENT_2D('',#1664,#1665);
#1664 = CARTESIAN_POINT('',(0.,-1.093952106032E-16));
#1665 = DIRECTION('',(0.,-1.));
#1666 = ( GEOMETRIC_REPRESENTATION_CONTEXT(2) 
PARAMETRIC_REPRESENTATION_CONTEXT() REPRESENTATION_CONTEXT('2D SPACE',''
  ) );
#1667 = ORIENTED_EDGE('',*,*,#1668,.F.);
#1668 = EDGE_CURVE('',#1669,#1645,#1671,.T.);
#1669 = VERTEX_POINT('',#1670);
#1670 = CARTESIAN_POINT('',(22.45,-3.114184,4.879774929783));
#1671 = SURFACE_CURVE('',#1672,(#1676,#1682),.PCURVE_S1.);
#1672 = LINE('',#1673,#1674);
#1673 = CARTESIAN_POINT('',(19.8,-3.114184,4.879774929783));
#1674 = VECTOR('',#1675,1.);
#1675 = DIRECTION('',(-1.,-0.,-0.));
#1676 = PCURVE('',#265,#1677);
#1677 = DEFINITIONAL_REPRESENTATION('',(#1678),#1681);
#1678 = B_SPLINE_CURVE_WITH_KNOTS('',1,(#1679,#1680),.UNSPECIFIED.,.F.,
  .F.,(2,2),(-2.6500006,5.999999999062E-07),.PIECEWISE_BEZIER_KNOTS.);
#1679 = CARTESIAN_POINT('',(3.224816669396,-2.6500006));
#1680 = CARTESIAN_POINT('',(3.224816669396,5.999999999062E-07));
#1681 = ( GEOMETRIC_REPRESENTATION_CONTEXT(2) 
PARAMETRIC_REPRESENTATION_CONTEXT() REPRESENTATION_CONTEXT('2D SPACE',''
  ) );
#1682 = PCURVE('',#1683,#1688);
#1683 = CYLINDRICAL_SURFACE('',#1684,0.26);
#1684 = AXIS2_PLACEMENT_3D('',#1685,#1686,#1687);
#1685 = CARTESIAN_POINT('',(19.8,-3.125,4.62));
#1686 = DIRECTION('',(-1.,0.,0.));
#1687 = DIRECTION('',(0.,-1.,1.224646799147E-16));
#1688 = DEFINITIONAL_REPRESENTATION('',(#1689),#1692);
#1689 = B_SPLINE_CURVE_WITH_KNOTS('',1,(#1690,#1691),.UNSPECIFIED.,.F.,
  .F.,(2,2),(-2.6500006,5.999999999062E-07),.PIECEWISE_BEZIER_KNOTS.);
#1690 = CARTESIAN_POINT('',(1.612408334698,-2.6500006));
#1691 = CARTESIAN_POINT('',(1.612408334698,5.999999999062E-07));
#1692 = ( GEOMETRIC_REPRESENTATION_CONTEXT(2) 
PARAMETRIC_REPRESENTATION_CONTEXT() REPRESENTATION_CONTEXT('2D SPACE',''
  ) );
#1693 = ORIENTED_EDGE('',*,*,#1694,.F.);
#1694 = EDGE_CURVE('',#1695,#1669,#1697,.T.);
#1695 = VERTEX_POINT('',#1696);
#1696 = CARTESIAN_POINT('',(22.45,-3.114184,4.360225070217));
#1697 = SURFACE_CURVE('',#1698,(#1703,#1710),.PCURVE_S1.);
#1698 = CIRCLE('',#1699,3.125);
#1699 = AXIS2_PLACEMENT_3D('',#1700,#1701,#1702);
#1700 = CARTESIAN_POINT('',(22.45,0.,4.62));
#1701 = DIRECTION('',(-1.,0.,0.));
#1702 = DIRECTION('',(0.,1.,0.));
#1703 = PCURVE('',#265,#1704);
#1704 = DEFINITIONAL_REPRESENTATION('',(#1705),#1709);
#1705 = LINE('',#1706,#1707);
#1706 = CARTESIAN_POINT('',(-4.138911435803E-13,-2.65));
#1707 = VECTOR('',#1708,1.);
#1708 = DIRECTION('',(1.,-0.));
#1709 = ( GEOMETRIC_REPRESENTATION_CONTEXT(2) 
PARAMETRIC_REPRESENTATION_CONTEXT() REPRESENTATION_CONTEXT('2D SPACE',''
  ) );
#1710 = PCURVE('',#1711,#1716);
#1711 = PLANE('',#1712);
#1712 = AXIS2_PLACEMENT_3D('',#1713,#1714,#1715);
#1713 = CARTESIAN_POINT('',(22.45,-3.125,4.62));
#1714 = DIRECTION('',(1.,0.,0.));
#1715 = DIRECTION('',(0.,-1.224646799147E-16,-1.));
#1716 = DEFINITIONAL_REPRESENTATION('',(#1717),#1725);
#1717 = ( BOUNDED_CURVE() B_SPLINE_CURVE(2,(#1718,#1719,#1720,#1721,
#1722,#1723,#1724),.UNSPECIFIED.,.T.,.F.) B_SPLINE_CURVE_WITH_KNOTS((1,2
    ,2,2,2,1),(-2.094395102393,0.,2.094395102393,4.188790204786,
6.28318530718,8.377580409573),.UNSPECIFIED.) CURVE() 
GEOMETRIC_REPRESENTATION_ITEM() RATIONAL_B_SPLINE_CURVE((1.,0.5,1.,0.5,
1.,0.5,1.)) REPRESENTATION_ITEM('') );
#1718 = CARTESIAN_POINT('',(-7.654042494669E-16,6.25));
#1719 = CARTESIAN_POINT('',(5.412658773653,6.25));
#1720 = CARTESIAN_POINT('',(2.706329386826,1.5625));
#1721 = CARTESIAN_POINT('',(1.148106374201E-15,-3.125));
#1722 = CARTESIAN_POINT('',(-2.706329386826,1.5625));
#1723 = CARTESIAN_POINT('',(-5.412658773653,6.25));
#1724 = CARTESIAN_POINT('',(-7.654042494669E-16,6.25));
#1725 = ( GEOMETRIC_REPRESENTATION_CONTEXT(2) 
PARAMETRIC_REPRESENTATION_CONTEXT() REPRESENTATION_CONTEXT('2D SPACE',''
  ) );
#1726 = ORIENTED_EDGE('',*,*,#1727,.T.);
#1727 = EDGE_CURVE('',#1695,#1728,#1730,.T.);
#1728 = VERTEX_POINT('',#1729);
#1729 = CARTESIAN_POINT('',(19.8,-3.114184,4.360225070217));
#1730 = SURFACE_CURVE('',#1731,(#1735,#1741),.PCURVE_S1.);
#1731 = LINE('',#1732,#1733);
#1732 = CARTESIAN_POINT('',(19.8,-3.114184,4.360225070217));
#1733 = VECTOR('',#1734,1.);
#1734 = DIRECTION('',(-1.,-0.,-0.));
#1735 = PCURVE('',#265,#1736);
#1736 = DEFINITIONAL_REPRESENTATION('',(#1737),#1740);
#1737 = B_SPLINE_CURVE_WITH_KNOTS('',1,(#1738,#1739),.UNSPECIFIED.,.F.,
  .F.,(2,2),(-2.6500006,5.999999999062E-07),.PIECEWISE_BEZIER_KNOTS.);
#1738 = CARTESIAN_POINT('',(3.058368637784,-2.6500006));
#1739 = CARTESIAN_POINT('',(3.058368637784,5.999999999062E-07));
#1740 = ( GEOMETRIC_REPRESENTATION_CONTEXT(2) 
PARAMETRIC_REPRESENTATION_CONTEXT() REPRESENTATION_CONTEXT('2D SPACE',''
  ) );
#1741 = PCURVE('',#1683,#1742);
#1742 = DEFINITIONAL_REPRESENTATION('',(#1743),#1746);
#1743 = B_SPLINE_CURVE_WITH_KNOTS('',1,(#1744,#1745),.UNSPECIFIED.,.F.,
  .F.,(2,2),(-2.6500006,5.999999999062E-07),.PIECEWISE_BEZIER_KNOTS.);
#1744 = CARTESIAN_POINT('',(4.670776972482,-2.6500006));
#1745 = CARTESIAN_POINT('',(4.670776972482,5.999999999062E-07));
#1746 = ( GEOMETRIC_REPRESENTATION_CONTEXT(2) 
PARAMETRIC_REPRESENTATION_CONTEXT() REPRESENTATION_CONTEXT('2D SPACE',''
  ) );
#1747 = ORIENTED_EDGE('',*,*,#1748,.T.);
#1748 = EDGE_CURVE('',#1728,#1749,#1751,.T.);
#1749 = VERTEX_POINT('',#1750);
#1750 = CARTESIAN_POINT('',(19.8,-3.093910265264,4.180290697739));
#1751 = SURFACE_CURVE('',#1752,(#1757,#1764),.PCURVE_S1.);
#1752 = CIRCLE('',#1753,3.125);
#1753 = AXIS2_PLACEMENT_3D('',#1754,#1755,#1756);
#1754 = CARTESIAN_POINT('',(19.8,0.,4.62));
#1755 = DIRECTION('',(1.,0.,0.));
#1756 = DIRECTION('',(-0.,1.,0.));
#1757 = PCURVE('',#265,#1758);
#1758 = DEFINITIONAL_REPRESENTATION('',(#1759),#1763);
#1759 = LINE('',#1760,#1761);
#1760 = CARTESIAN_POINT('',(6.28318530718,0.));
#1761 = VECTOR('',#1762,1.);
#1762 = DIRECTION('',(-1.,0.));
#1763 = ( GEOMETRIC_REPRESENTATION_CONTEXT(2) 
PARAMETRIC_REPRESENTATION_CONTEXT() REPRESENTATION_CONTEXT('2D SPACE',''
  ) );
#1764 = PCURVE('',#304,#1765);
#1765 = DEFINITIONAL_REPRESENTATION('',(#1766),#1770);
#1766 = CIRCLE('',#1767,3.125);
#1767 = AXIS2_PLACEMENT_2D('',#1768,#1769);
#1768 = CARTESIAN_POINT('',(0.,-1.093952106032E-16));
#1769 = DIRECTION('',(0.,-1.));
#1770 = ( GEOMETRIC_REPRESENTATION_CONTEXT(2) 
PARAMETRIC_REPRESENTATION_CONTEXT() REPRESENTATION_CONTEXT('2D SPACE',''
  ) );
#1771 = ORIENTED_EDGE('',*,*,#1772,.F.);
#1772 = EDGE_CURVE('',#1773,#1749,#1775,.T.);
#1773 = VERTEX_POINT('',#1774);
#1774 = CARTESIAN_POINT('',(22.45,-3.093910265264,4.180290697739));
#1775 = SURFACE_CURVE('',#1776,(#1780,#1786),.PCURVE_S1.);
#1776 = LINE('',#1777,#1778);
#1777 = CARTESIAN_POINT('',(19.8,-3.093910265264,4.180290697739));
#1778 = VECTOR('',#1779,1.);
#1779 = DIRECTION('',(-1.,-0.,-0.));
#1780 = PCURVE('',#265,#1781);
#1781 = DEFINITIONAL_REPRESENTATION('',(#1782),#1785);
#1782 = B_SPLINE_CURVE_WITH_KNOTS('',1,(#1783,#1784),.UNSPECIFIED.,.F.,
  .F.,(2,2),(-2.6500006,5.999999999062E-07),.PIECEWISE_BEZIER_KNOTS.);
#1783 = CARTESIAN_POINT('',(3.00041719414,-2.6500006));
#1784 = CARTESIAN_POINT('',(3.00041719414,5.999999999062E-07));
#1785 = ( GEOMETRIC_REPRESENTATION_CONTEXT(2) 
PARAMETRIC_REPRESENTATION_CONTEXT() REPRESENTATION_CONTEXT('2D SPACE',''
  ) );
#1786 = PCURVE('',#1787,#1792);
#1787 = CYLINDRICAL_SURFACE('',#1788,0.26);
#1788 = AXIS2_PLACEMENT_3D('',#1789,#1790,#1791);
#1789 = CARTESIAN_POINT('',(19.8,-3.046649725568,3.924622081387));
#1790 = DIRECTION('',(-1.,0.,0.));
#1791 = DIRECTION('',(-0.,-0.974927912182,-0.222520933956));
#1792 = DEFINITIONAL_REPRESENTATION('',(#1793),#1796);
#1793 = B_SPLINE_CURVE_WITH_KNOTS('',1,(#1794,#1795),.UNSPECIFIED.,.F.,
  .F.,(2,2),(-2.6500006,5.999999999062E-07),.PIECEWISE_BEZIER_KNOTS.);
#1794 = CARTESIAN_POINT('',(1.612408334698,-2.6500006));
#1795 = CARTESIAN_POINT('',(1.612408334698,5.999999999062E-07));
#1796 = ( GEOMETRIC_REPRESENTATION_CONTEXT(2) 
PARAMETRIC_REPRESENTATION_CONTEXT() REPRESENTATION_CONTEXT('2D SPACE',''
  ) );
#1797 = ORIENTED_EDGE('',*,*,#1798,.F.);
#1798 = EDGE_CURVE('',#1799,#1773,#1801,.T.);
#1799 = VERTEX_POINT('',#1800);
#1800 = CARTESIAN_POINT('',(22.45,-2.978299545276,3.673767037877));
#1801 = SURFACE_CURVE('',#1802,(#1807,#1814),.PCURVE_S1.);
#1802 = CIRCLE('',#1803,3.125);
#1803 = AXIS2_PLACEMENT_3D('',#1804,#1805,#1806);
#1804 = CARTESIAN_POINT('',(22.45,0.,4.62));
#1805 = DIRECTION('',(-1.,0.,0.));
#1806 = DIRECTION('',(0.,1.,0.));
#1807 = PCURVE('',#265,#1808);
#1808 = DEFINITIONAL_REPRESENTATION('',(#1809),#1813);
#1809 = LINE('',#1810,#1811);
#1810 = CARTESIAN_POINT('',(-4.138911435803E-13,-2.65));
#1811 = VECTOR('',#1812,1.);
#1812 = DIRECTION('',(1.,-0.));
#1813 = ( GEOMETRIC_REPRESENTATION_CONTEXT(2) 
PARAMETRIC_REPRESENTATION_CONTEXT() REPRESENTATION_CONTEXT('2D SPACE',''
  ) );
#1814 = PCURVE('',#1815,#1820);
#1815 = PLANE('',#1816);
#1816 = AXIS2_PLACEMENT_3D('',#1817,#1818,#1819);
#1817 = CARTESIAN_POINT('',(22.45,-3.046649725568,3.924622081387));
#1818 = DIRECTION('',(1.,0.,0.));
#1819 = DIRECTION('',(0.,0.222520933956,-0.974927912182));
#1820 = DEFINITIONAL_REPRESENTATION('',(#1821),#1829);
#1821 = ( BOUNDED_CURVE() B_SPLINE_CURVE(2,(#1822,#1823,#1824,#1825,
#1826,#1827,#1828),.UNSPECIFIED.,.T.,.F.) B_SPLINE_CURVE_WITH_KNOTS((1,2
    ,2,2,2,1),(-2.094395102393,0.,2.094395102393,4.188790204786,
6.28318530718,8.377580409573),.UNSPECIFIED.) CURVE() 
GEOMETRIC_REPRESENTATION_ITEM() RATIONAL_B_SPLINE_CURVE((1.,0.5,1.,0.5,
1.,0.5,1.)) REPRESENTATION_ITEM('') );
#1822 = CARTESIAN_POINT('',(0.695377918612,6.171649725568));
#1823 = CARTESIAN_POINT('',(5.972330036162,4.96721984007));
#1824 = CARTESIAN_POINT('',(2.290787099468,0.999460194466));
#1825 = CARTESIAN_POINT('',(-1.390755837226,-2.968299451137));
#1826 = CARTESIAN_POINT('',(-2.986165018082,2.203890079965));
#1827 = CARTESIAN_POINT('',(-4.581574198939,7.376079611066));
#1828 = CARTESIAN_POINT('',(0.695377918612,6.171649725568));
#1829 = ( GEOMETRIC_REPRESENTATION_CONTEXT(2) 
PARAMETRIC_REPRESENTATION_CONTEXT() REPRESENTATION_CONTEXT('2D SPACE',''
  ) );
#1830 = ORIENTED_EDGE('',*,*,#1831,.T.);
#1831 = EDGE_CURVE('',#1799,#1832,#1834,.T.);
#1832 = VERTEX_POINT('',#1833);
#1833 = CARTESIAN_POINT('',(19.8,-2.978299545276,3.673767037877));
#1834 = SURFACE_CURVE('',#1835,(#1839,#1845),.PCURVE_S1.);
#1835 = LINE('',#1836,#1837);
#1836 = CARTESIAN_POINT('',(19.8,-2.978299545276,3.673767037877));
#1837 = VECTOR('',#1838,1.);
#1838 = DIRECTION('',(-1.,-0.,-0.));
#1839 = PCURVE('',#265,#1840);
#1840 = DEFINITIONAL_REPRESENTATION('',(#1841),#1844);
#1841 = B_SPLINE_CURVE_WITH_KNOTS('',1,(#1842,#1843),.UNSPECIFIED.,.F.,
  .F.,(2,2),(-2.6500006,5.999999999062E-07),.PIECEWISE_BEZIER_KNOTS.);
#1842 = CARTESIAN_POINT('',(2.833969162528,-2.6500006));
#1843 = CARTESIAN_POINT('',(2.833969162528,5.999999999062E-07));
#1844 = ( GEOMETRIC_REPRESENTATION_CONTEXT(2) 
PARAMETRIC_REPRESENTATION_CONTEXT() REPRESENTATION_CONTEXT('2D SPACE',''
  ) );
#1845 = PCURVE('',#1787,#1846);
#1846 = DEFINITIONAL_REPRESENTATION('',(#1847),#1850);
#1847 = B_SPLINE_CURVE_WITH_KNOTS('',1,(#1848,#1849),.UNSPECIFIED.,.F.,
  .F.,(2,2),(-2.6500006,5.999999999062E-07),.PIECEWISE_BEZIER_KNOTS.);
#1848 = CARTESIAN_POINT('',(4.670776972482,-2.6500006));
#1849 = CARTESIAN_POINT('',(4.670776972482,5.999999999062E-07));
#1850 = ( GEOMETRIC_REPRESENTATION_CONTEXT(2) 
PARAMETRIC_REPRESENTATION_CONTEXT() REPRESENTATION_CONTEXT('2D SPACE',''
  ) );
#1851 = ORIENTED_EDGE('',*,*,#1852,.T.);
#1852 = EDGE_CURVE('',#1832,#1853,#1855,.T.);
#1853 = VERTEX_POINT('',#1854);
#1854 = CARTESIAN_POINT('',(19.8,-2.918494950783,3.502855326176));
#1855 = SURFACE_CURVE('',#1856,(#1861,#1868),.PCURVE_S1.);
#1856 = CIRCLE('',#1857,3.125);
#1857 = AXIS2_PLACEMENT_3D('',#1858,#1859,#1860);
#1858 = CARTESIAN_POINT('',(19.8,0.,4.62));
#1859 = DIRECTION('',(1.,0.,0.));
#1860 = DIRECTION('',(-0.,1.,0.));
#1861 = PCURVE('',#265,#1862);
#1862 = DEFINITIONAL_REPRESENTATION('',(#1863),#1867);
#1863 = LINE('',#1864,#1865);
#1864 = CARTESIAN_POINT('',(6.28318530718,0.));
#1865 = VECTOR('',#1866,1.);
#1866 = DIRECTION('',(-1.,0.));
#1867 = ( GEOMETRIC_REPRESENTATION_CONTEXT(2) 
PARAMETRIC_REPRESENTATION_CONTEXT() REPRESENTATION_CONTEXT('2D SPACE',''
  ) );
#1868 = PCURVE('',#304,#1869);
#1869 = DEFINITIONAL_REPRESENTATION('',(#1870),#1874);
#1870 = CIRCLE('',#1871,3.125);
#1871 = AXIS2_PLACEMENT_2D('',#1872,#1873);
#1872 = CARTESIAN_POINT('',(0.,-1.093952106032E-16));
#1873 = DIRECTION('',(0.,-1.));
#1874 = ( GEOMETRIC_REPRESENTATION_CONTEXT(2) 
PARAMETRIC_REPRESENTATION_CONTEXT() REPRESENTATION_CONTEXT('2D SPACE',''
  ) );
#1875 = ORIENTED_EDGE('',*,*,#1876,.F.);
#1876 = EDGE_CURVE('',#1877,#1853,#1879,.T.);
#1877 = VERTEX_POINT('',#1878);
#1878 = CARTESIAN_POINT('',(22.45,-2.918494950783,3.502855326176));
#1879 = SURFACE_CURVE('',#1880,(#1884,#1890),.PCURVE_S1.);
#1880 = LINE('',#1881,#1882);
#1881 = CARTESIAN_POINT('',(19.8,-2.918494950783,3.502855326176));
#1882 = VECTOR('',#1883,1.);
#1883 = DIRECTION('',(-1.,-0.,-0.));
#1884 = PCURVE('',#265,#1885);
#1885 = DEFINITIONAL_REPRESENTATION('',(#1886),#1889);
#1886 = B_SPLINE_CURVE_WITH_KNOTS('',1,(#1887,#1888),.UNSPECIFIED.,.F.,
  .F.,(2,2),(-2.6500006,5.999999999062E-07),.PIECEWISE_BEZIER_KNOTS.);
#1887 = CARTESIAN_POINT('',(2.776017718883,-2.6500006));
#1888 = CARTESIAN_POINT('',(2.776017718883,5.999999999062E-07));
#1889 = ( GEOMETRIC_REPRESENTATION_CONTEXT(2) 
PARAMETRIC_REPRESENTATION_CONTEXT() REPRESENTATION_CONTEXT('2D SPACE',''
  ) );
#1890 = PCURVE('',#1891,#1896);
#1891 = CYLINDRICAL_SURFACE('',#1892,0.26);
#1892 = AXIS2_PLACEMENT_3D('',#1893,#1894,#1895);
#1893 = CARTESIAN_POINT('',(19.8,-2.815527712195,3.264113315258));
#1894 = DIRECTION('',(-1.,0.,0.));
#1895 = DIRECTION('',(-0.,-0.900968867902,-0.433883739118));
#1896 = DEFINITIONAL_REPRESENTATION('',(#1897),#1900);
#1897 = B_SPLINE_CURVE_WITH_KNOTS('',1,(#1898,#1899),.UNSPECIFIED.,.F.,
  .F.,(2,2),(-2.6500006,5.999999999062E-07),.PIECEWISE_BEZIER_KNOTS.);
#1898 = CARTESIAN_POINT('',(1.612408334698,-2.6500006));
#1899 = CARTESIAN_POINT('',(1.612408334698,5.999999999062E-07));
#1900 = ( GEOMETRIC_REPRESENTATION_CONTEXT(2) 
PARAMETRIC_REPRESENTATION_CONTEXT() REPRESENTATION_CONTEXT('2D SPACE',''
  ) );
#1901 = ORIENTED_EDGE('',*,*,#1902,.F.);
#1902 = EDGE_CURVE('',#1903,#1877,#1905,.T.);
#1903 = VERTEX_POINT('',#1904);
#1904 = CARTESIAN_POINT('',(22.45,-2.693070715056,3.034757077383));
#1905 = SURFACE_CURVE('',#1906,(#1911,#1918),.PCURVE_S1.);
#1906 = CIRCLE('',#1907,3.125);
#1907 = AXIS2_PLACEMENT_3D('',#1908,#1909,#1910);
#1908 = CARTESIAN_POINT('',(22.45,0.,4.62));
#1909 = DIRECTION('',(-1.,0.,0.));
#1910 = DIRECTION('',(0.,1.,0.));
#1911 = PCURVE('',#265,#1912);
#1912 = DEFINITIONAL_REPRESENTATION('',(#1913),#1917);
#1913 = LINE('',#1914,#1915);
#1914 = CARTESIAN_POINT('',(-4.138911435803E-13,-2.65));
#1915 = VECTOR('',#1916,1.);
#1916 = DIRECTION('',(1.,-0.));
#1917 = ( GEOMETRIC_REPRESENTATION_CONTEXT(2) 
PARAMETRIC_REPRESENTATION_CONTEXT() REPRESENTATION_CONTEXT('2D SPACE',''
  ) );
#1918 = PCURVE('',#1919,#1924);
#1919 = PLANE('',#1920);
#1920 = AXIS2_PLACEMENT_3D('',#1921,#1922,#1923);
#1921 = CARTESIAN_POINT('',(22.45,-2.815527712195,3.264113315258));
#1922 = DIRECTION('',(1.,0.,0.));
#1923 = DIRECTION('',(0.,0.433883739118,-0.900968867902));
#1924 = DEFINITIONAL_REPRESENTATION('',(#1925),#1933);
#1925 = ( BOUNDED_CURVE() B_SPLINE_CURVE(2,(#1926,#1927,#1928,#1929,
#1930,#1931,#1932),.UNSPECIFIED.,.T.,.F.) B_SPLINE_CURVE_WITH_KNOTS((1,2
    ,2,2,2,1),(-2.094395102393,0.,2.094395102393,4.188790204786,
6.28318530718,8.377580409573),.UNSPECIFIED.) CURVE() 
GEOMETRIC_REPRESENTATION_ITEM() RATIONAL_B_SPLINE_CURVE((1.,0.5,1.,0.5,
1.,0.5,1.)) REPRESENTATION_ITEM('') );
#1926 = CARTESIAN_POINT('',(1.355886684746,5.940527712194));
#1927 = CARTESIAN_POINT('',(6.232523732385,3.592063084911));
#1928 = CARTESIAN_POINT('',(1.760375181449,0.543003830261));
#1929 = CARTESIAN_POINT('',(-2.711773369486,-2.506055424389));
#1930 = CARTESIAN_POINT('',(-3.116261866189,2.891468457544));
#1931 = CARTESIAN_POINT('',(-3.520750362893,8.288992339477));
#1932 = CARTESIAN_POINT('',(1.355886684746,5.940527712194));
#1933 = ( GEOMETRIC_REPRESENTATION_CONTEXT(2) 
PARAMETRIC_REPRESENTATION_CONTEXT() REPRESENTATION_CONTEXT('2D SPACE',''
  ) );
#1934 = ORIENTED_EDGE('',*,*,#1935,.T.);
#1935 = EDGE_CURVE('',#1903,#1936,#1938,.T.);
#1936 = VERTEX_POINT('',#1937);
#1937 = CARTESIAN_POINT('',(19.8,-2.693070715056,3.034757077384));
#1938 = SURFACE_CURVE('',#1939,(#1943,#1949),.PCURVE_S1.);
#1939 = LINE('',#1940,#1941);
#1940 = CARTESIAN_POINT('',(19.8,-2.693070715056,3.034757077383));
#1941 = VECTOR('',#1942,1.);
#1942 = DIRECTION('',(-1.,-0.,-0.));
#1943 = PCURVE('',#265,#1944);
#1944 = DEFINITIONAL_REPRESENTATION('',(#1945),#1948);
#1945 = B_SPLINE_CURVE_WITH_KNOTS('',1,(#1946,#1947),.UNSPECIFIED.,.F.,
  .F.,(2,2),(-2.6500006,5.999999999062E-07),.PIECEWISE_BEZIER_KNOTS.);
#1946 = CARTESIAN_POINT('',(2.609569687272,-2.6500006));
#1947 = CARTESIAN_POINT('',(2.609569687272,5.999999999062E-07));
#1948 = ( GEOMETRIC_REPRESENTATION_CONTEXT(2) 
PARAMETRIC_REPRESENTATION_CONTEXT() REPRESENTATION_CONTEXT('2D SPACE',''
  ) );
#1949 = PCURVE('',#1891,#1950);
#1950 = DEFINITIONAL_REPRESENTATION('',(#1951),#1954);
#1951 = B_SPLINE_CURVE_WITH_KNOTS('',1,(#1952,#1953),.UNSPECIFIED.,.F.,
  .F.,(2,2),(-2.6500006,5.999999999062E-07),.PIECEWISE_BEZIER_KNOTS.);
#1952 = CARTESIAN_POINT('',(4.670776972482,-2.6500006));
#1953 = CARTESIAN_POINT('',(4.670776972482,5.999999999062E-07));
#1954 = ( GEOMETRIC_REPRESENTATION_CONTEXT(2) 
PARAMETRIC_REPRESENTATION_CONTEXT() REPRESENTATION_CONTEXT('2D SPACE',''
  ) );
#1955 = ORIENTED_EDGE('',*,*,#1956,.T.);
#1956 = EDGE_CURVE('',#1936,#1957,#1959,.T.);
#1957 = VERTEX_POINT('',#1958);
#1958 = CARTESIAN_POINT('',(19.8,-2.596734112897,2.881438253349));
#1959 = SURFACE_CURVE('',#1960,(#1965,#1972),.PCURVE_S1.);
#1960 = CIRCLE('',#1961,3.125);
#1961 = AXIS2_PLACEMENT_3D('',#1962,#1963,#1964);
#1962 = CARTESIAN_POINT('',(19.8,0.,4.62));
#1963 = DIRECTION('',(1.,0.,0.));
#1964 = DIRECTION('',(-0.,1.,0.));
#1965 = PCURVE('',#265,#1966);
#1966 = DEFINITIONAL_REPRESENTATION('',(#1967),#1971);
#1967 = LINE('',#1968,#1969);
#1968 = CARTESIAN_POINT('',(6.28318530718,0.));
#1969 = VECTOR('',#1970,1.);
#1970 = DIRECTION('',(-1.,0.));
#1971 = ( GEOMETRIC_REPRESENTATION_CONTEXT(2) 
PARAMETRIC_REPRESENTATION_CONTEXT() REPRESENTATION_CONTEXT('2D SPACE',''
  ) );
#1972 = PCURVE('',#304,#1973);
#1973 = DEFINITIONAL_REPRESENTATION('',(#1974),#1978);
#1974 = CIRCLE('',#1975,3.125);
#1975 = AXIS2_PLACEMENT_2D('',#1976,#1977);
#1976 = CARTESIAN_POINT('',(0.,-1.093952106032E-16));
#1977 = DIRECTION('',(0.,-1.));
#1978 = ( GEOMETRIC_REPRESENTATION_CONTEXT(2) 
PARAMETRIC_REPRESENTATION_CONTEXT() REPRESENTATION_CONTEXT('2D SPACE',''
  ) );
#1979 = ORIENTED_EDGE('',*,*,#1980,.F.);
#1980 = EDGE_CURVE('',#1981,#1957,#1983,.T.);
#1981 = VERTEX_POINT('',#1982);
#1982 = CARTESIAN_POINT('',(22.45,-2.596734112897,2.881438253349));
#1983 = SURFACE_CURVE('',#1984,(#1988,#1994),.PCURVE_S1.);
#1984 = LINE('',#1985,#1986);
#1985 = CARTESIAN_POINT('',(19.8,-2.596734112897,2.881438253349));
#1986 = VECTOR('',#1987,1.);
#1987 = DIRECTION('',(-1.,-0.,-0.));
#1988 = PCURVE('',#265,#1989);
#1989 = DEFINITIONAL_REPRESENTATION('',(#1990),#1993);
#1990 = B_SPLINE_CURVE_WITH_KNOTS('',1,(#1991,#1992),.UNSPECIFIED.,.F.,
  .F.,(2,2),(-2.6500006,5.999999999062E-07),.PIECEWISE_BEZIER_KNOTS.);
#1991 = CARTESIAN_POINT('',(2.551618243627,-2.6500006));
#1992 = CARTESIAN_POINT('',(2.551618243627,5.999999999062E-07));
#1993 = ( GEOMETRIC_REPRESENTATION_CONTEXT(2) 
PARAMETRIC_REPRESENTATION_CONTEXT() REPRESENTATION_CONTEXT('2D SPACE',''
  ) );
#1994 = PCURVE('',#1995,#2000);
#1995 = CYLINDRICAL_SURFACE('',#1996,0.26);
#1996 = AXIS2_PLACEMENT_3D('',#1997,#1998,#1999);
#1997 = CARTESIAN_POINT('',(19.8,-2.443223382713,2.671594369191));
#1998 = DIRECTION('',(-1.,0.,0.));
#1999 = DIRECTION('',(-0.,-0.781831482468,-0.623489801859));
#2000 = DEFINITIONAL_REPRESENTATION('',(#2001),#2004);
#2001 = B_SPLINE_CURVE_WITH_KNOTS('',1,(#2002,#2003),.UNSPECIFIED.,.F.,
  .F.,(2,2),(-2.6500006,5.999999999062E-07),.PIECEWISE_BEZIER_KNOTS.);
#2002 = CARTESIAN_POINT('',(1.612408334698,-2.6500006));
#2003 = CARTESIAN_POINT('',(1.612408334698,5.999999999062E-07));
#2004 = ( GEOMETRIC_REPRESENTATION_CONTEXT(2) 
PARAMETRIC_REPRESENTATION_CONTEXT() REPRESENTATION_CONTEXT('2D SPACE',''
  ) );
#2005 = ORIENTED_EDGE('',*,*,#2006,.F.);
#2006 = EDGE_CURVE('',#2007,#1981,#2009,.T.);
#2007 = VERTEX_POINT('',#2008);
#2008 = CARTESIAN_POINT('',(22.45,-2.2728000739,2.475237816428));
#2009 = SURFACE_CURVE('',#2010,(#2015,#2022),.PCURVE_S1.);
#2010 = CIRCLE('',#2011,3.125);
#2011 = AXIS2_PLACEMENT_3D('',#2012,#2013,#2014);
#2012 = CARTESIAN_POINT('',(22.45,0.,4.62));
#2013 = DIRECTION('',(-1.,0.,0.));
#2014 = DIRECTION('',(0.,1.,0.));
#2015 = PCURVE('',#265,#2016);
#2016 = DEFINITIONAL_REPRESENTATION('',(#2017),#2021);
#2017 = LINE('',#2018,#2019);
#2018 = CARTESIAN_POINT('',(-4.138911435803E-13,-2.65));
#2019 = VECTOR('',#2020,1.);
#2020 = DIRECTION('',(1.,-0.));
#2021 = ( GEOMETRIC_REPRESENTATION_CONTEXT(2) 
PARAMETRIC_REPRESENTATION_CONTEXT() REPRESENTATION_CONTEXT('2D SPACE',''
  ) );
#2022 = PCURVE('',#2023,#2028);
#2023 = PLANE('',#2024);
#2024 = AXIS2_PLACEMENT_3D('',#2025,#2026,#2027);
#2025 = CARTESIAN_POINT('',(22.45,-2.443223382713,2.671594369191));
#2026 = DIRECTION('',(1.,0.,0.));
#2027 = DIRECTION('',(0.,0.623489801859,-0.781831482468));
#2028 = DEFINITIONAL_REPRESENTATION('',(#2029),#2037);
#2029 = ( BOUNDED_CURVE() B_SPLINE_CURVE(2,(#2030,#2031,#2032,#2033,
#2034,#2035,#2036),.UNSPECIFIED.,.T.,.F.) B_SPLINE_CURVE_WITH_KNOTS((1,2
    ,2,2,2,1),(-2.094395102393,0.,2.094395102393,4.188790204786,
6.28318530718,8.377580409573),.UNSPECIFIED.) CURVE() 
GEOMETRIC_REPRESENTATION_ITEM() RATIONAL_B_SPLINE_CURVE((1.,0.5,1.,0.5,
1.,0.5,1.)) REPRESENTATION_ITEM('') );
#2030 = CARTESIAN_POINT('',(1.94840563081,5.568223382713));
#2031 = CARTESIAN_POINT('',(6.180192663907,2.193485836398));
#2032 = CARTESIAN_POINT('',(1.141690701145,0.216019535487));
#2033 = CARTESIAN_POINT('',(-3.896811261618,-1.761446765424));
#2034 = CARTESIAN_POINT('',(-3.090096331953,3.590757081802));
#2035 = CARTESIAN_POINT('',(-2.283381402288,8.942960929027));
#2036 = CARTESIAN_POINT('',(1.94840563081,5.568223382713));
#2037 = ( GEOMETRIC_REPRESENTATION_CONTEXT(2) 
PARAMETRIC_REPRESENTATION_CONTEXT() REPRESENTATION_CONTEXT('2D SPACE',''
  ) );
#2038 = ORIENTED_EDGE('',*,*,#2039,.T.);
#2039 = EDGE_CURVE('',#2007,#2040,#2042,.T.);
#2040 = VERTEX_POINT('',#2041);
#2041 = CARTESIAN_POINT('',(19.8,-2.2728000739,2.475237816428));
#2042 = SURFACE_CURVE('',#2043,(#2047,#2053),.PCURVE_S1.);
#2043 = LINE('',#2044,#2045);
#2044 = CARTESIAN_POINT('',(19.8,-2.2728000739,2.475237816428));
#2045 = VECTOR('',#2046,1.);
#2046 = DIRECTION('',(-1.,-0.,-0.));
#2047 = PCURVE('',#265,#2048);
#2048 = DEFINITIONAL_REPRESENTATION('',(#2049),#2052);
#2049 = B_SPLINE_CURVE_WITH_KNOTS('',1,(#2050,#2051),.UNSPECIFIED.,.F.,
  .F.,(2,2),(-2.6500006,5.999999999062E-07),.PIECEWISE_BEZIER_KNOTS.);
#2050 = CARTESIAN_POINT('',(2.385170212015,-2.6500006));
#2051 = CARTESIAN_POINT('',(2.385170212015,5.999999999062E-07));
#2052 = ( GEOMETRIC_REPRESENTATION_CONTEXT(2) 
PARAMETRIC_REPRESENTATION_CONTEXT() REPRESENTATION_CONTEXT('2D SPACE',''
  ) );
#2053 = PCURVE('',#1995,#2054);
#2054 = DEFINITIONAL_REPRESENTATION('',(#2055),#2058);
#2055 = B_SPLINE_CURVE_WITH_KNOTS('',1,(#2056,#2057),.UNSPECIFIED.,.F.,
  .F.,(2,2),(-2.6500006,5.999999999062E-07),.PIECEWISE_BEZIER_KNOTS.);
#2056 = CARTESIAN_POINT('',(4.670776972482,-2.6500006));
#2057 = CARTESIAN_POINT('',(4.670776972482,5.999999999062E-07));
#2058 = ( GEOMETRIC_REPRESENTATION_CONTEXT(2) 
PARAMETRIC_REPRESENTATION_CONTEXT() REPRESENTATION_CONTEXT('2D SPACE',''
  ) );
#2059 = ORIENTED_EDGE('',*,*,#2060,.T.);
#2060 = EDGE_CURVE('',#2040,#2061,#2063,.T.);
#2061 = VERTEX_POINT('',#2062);
#2062 = CARTESIAN_POINT('',(19.8,-2.144762183572,2.3471999261));
#2063 = SURFACE_CURVE('',#2064,(#2069,#2076),.PCURVE_S1.);
#2064 = CIRCLE('',#2065,3.125);
#2065 = AXIS2_PLACEMENT_3D('',#2066,#2067,#2068);
#2066 = CARTESIAN_POINT('',(19.8,0.,4.62));
#2067 = DIRECTION('',(1.,0.,0.));
#2068 = DIRECTION('',(-0.,1.,0.));
#2069 = PCURVE('',#265,#2070);
#2070 = DEFINITIONAL_REPRESENTATION('',(#2071),#2075);
#2071 = LINE('',#2072,#2073);
#2072 = CARTESIAN_POINT('',(6.28318530718,0.));
#2073 = VECTOR('',#2074,1.);
#2074 = DIRECTION('',(-1.,0.));
#2075 = ( GEOMETRIC_REPRESENTATION_CONTEXT(2) 
PARAMETRIC_REPRESENTATION_CONTEXT() REPRESENTATION_CONTEXT('2D SPACE',''
  ) );
#2076 = PCURVE('',#304,#2077);
#2077 = DEFINITIONAL_REPRESENTATION('',(#2078),#2082);
#2078 = CIRCLE('',#2079,3.125);
#2079 = AXIS2_PLACEMENT_2D('',#2080,#2081);
#2080 = CARTESIAN_POINT('',(0.,-1.093952106032E-16));
#2081 = DIRECTION('',(0.,-1.));
#2082 = ( GEOMETRIC_REPRESENTATION_CONTEXT(2) 
PARAMETRIC_REPRESENTATION_CONTEXT() REPRESENTATION_CONTEXT('2D SPACE',''
  ) );
#2083 = ORIENTED_EDGE('',*,*,#2084,.F.);
#2084 = EDGE_CURVE('',#2085,#2061,#2087,.T.);
#2085 = VERTEX_POINT('',#2086);
#2086 = CARTESIAN_POINT('',(22.45,-2.144762183572,2.3471999261));
#2087 = SURFACE_CURVE('',#2088,(#2092,#2098),.PCURVE_S1.);
#2088 = LINE('',#2089,#2090);
#2089 = CARTESIAN_POINT('',(19.8,-2.144762183572,2.3471999261));
#2090 = VECTOR('',#2091,1.);
#2091 = DIRECTION('',(-1.,-0.,-0.));
#2092 = PCURVE('',#265,#2093);
#2093 = DEFINITIONAL_REPRESENTATION('',(#2094),#2097);
#2094 = B_SPLINE_CURVE_WITH_KNOTS('',1,(#2095,#2096),.UNSPECIFIED.,.F.,
  .F.,(2,2),(-2.6500006,5.999999999062E-07),.PIECEWISE_BEZIER_KNOTS.);
#2095 = CARTESIAN_POINT('',(2.32721876837,-2.6500006));
#2096 = CARTESIAN_POINT('',(2.32721876837,5.999999999062E-07));
#2097 = ( GEOMETRIC_REPRESENTATION_CONTEXT(2) 
PARAMETRIC_REPRESENTATION_CONTEXT() REPRESENTATION_CONTEXT('2D SPACE',''
  ) );
#2098 = PCURVE('',#2099,#2104);
#2099 = CYLINDRICAL_SURFACE('',#2100,0.26);
#2100 = AXIS2_PLACEMENT_3D('',#2101,#2102,#2103);
#2101 = CARTESIAN_POINT('',(19.8,-1.948405630809,2.176776617287));
#2102 = DIRECTION('',(-1.,0.,0.));
#2103 = DIRECTION('',(-0.,-0.623489801859,-0.781831482468));
#2104 = DEFINITIONAL_REPRESENTATION('',(#2105),#2108);
#2105 = B_SPLINE_CURVE_WITH_KNOTS('',1,(#2106,#2107),.UNSPECIFIED.,.F.,
  .F.,(2,2),(-2.6500006,5.999999999062E-07),.PIECEWISE_BEZIER_KNOTS.);
#2106 = CARTESIAN_POINT('',(1.612408334698,-2.6500006));
#2107 = CARTESIAN_POINT('',(1.612408334698,5.999999999062E-07));
#2108 = ( GEOMETRIC_REPRESENTATION_CONTEXT(2) 
PARAMETRIC_REPRESENTATION_CONTEXT() REPRESENTATION_CONTEXT('2D SPACE',''
  ) );
#2109 = ORIENTED_EDGE('',*,*,#2110,.F.);
#2110 = EDGE_CURVE('',#2111,#2085,#2113,.T.);
#2111 = VERTEX_POINT('',#2112);
#2112 = CARTESIAN_POINT('',(22.45,-1.738561746651,2.023265887103));
#2113 = SURFACE_CURVE('',#2114,(#2119,#2126),.PCURVE_S1.);
#2114 = CIRCLE('',#2115,3.125);
#2115 = AXIS2_PLACEMENT_3D('',#2116,#2117,#2118);
#2116 = CARTESIAN_POINT('',(22.45,0.,4.62));
#2117 = DIRECTION('',(-1.,0.,0.));
#2118 = DIRECTION('',(0.,1.,0.));
#2119 = PCURVE('',#265,#2120);
#2120 = DEFINITIONAL_REPRESENTATION('',(#2121),#2125);
#2121 = LINE('',#2122,#2123);
#2122 = CARTESIAN_POINT('',(-4.138911435803E-13,-2.65));
#2123 = VECTOR('',#2124,1.);
#2124 = DIRECTION('',(1.,-0.));
#2125 = ( GEOMETRIC_REPRESENTATION_CONTEXT(2) 
PARAMETRIC_REPRESENTATION_CONTEXT() REPRESENTATION_CONTEXT('2D SPACE',''
  ) );
#2126 = PCURVE('',#2127,#2132);
#2127 = PLANE('',#2128);
#2128 = AXIS2_PLACEMENT_3D('',#2129,#2130,#2131);
#2129 = CARTESIAN_POINT('',(22.45,-1.948405630809,2.176776617287));
#2130 = DIRECTION('',(1.,0.,0.));
#2131 = DIRECTION('',(0.,0.781831482468,-0.623489801859));
#2132 = DEFINITIONAL_REPRESENTATION('',(#2133),#2141);
#2133 = ( BOUNDED_CURVE() B_SPLINE_CURVE(2,(#2134,#2135,#2136,#2137,
#2138,#2139,#2140),.UNSPECIFIED.,.T.,.F.) B_SPLINE_CURVE_WITH_KNOTS((1,2
    ,2,2,2,1),(-2.094395102393,0.,2.094395102393,4.188790204786,
6.28318530718,8.377580409573),.UNSPECIFIED.) CURVE() 
GEOMETRIC_REPRESENTATION_ITEM() RATIONAL_B_SPLINE_CURVE((1.,0.5,1.,0.5,
1.,0.5,1.)) REPRESENTATION_ITEM('') );
#2134 = CARTESIAN_POINT('',(2.443223382712,5.07340563081));
#2135 = CARTESIAN_POINT('',(5.817960929026,0.841618597712));
#2136 = CARTESIAN_POINT('',(0.465757081801,3.490366804718E-02));
#2137 = CARTESIAN_POINT('',(-4.886446765425,-0.771811261618));
#2138 = CARTESIAN_POINT('',(-2.908980464514,4.266690701145));
#2139 = CARTESIAN_POINT('',(-0.931514163603,9.305192663907));
#2140 = CARTESIAN_POINT('',(2.443223382712,5.07340563081));
#2141 = ( GEOMETRIC_REPRESENTATION_CONTEXT(2) 
PARAMETRIC_REPRESENTATION_CONTEXT() REPRESENTATION_CONTEXT('2D SPACE',''
  ) );
#2142 = ORIENTED_EDGE('',*,*,#2143,.T.);
#2143 = EDGE_CURVE('',#2111,#2144,#2146,.T.);
#2144 = VERTEX_POINT('',#2145);
#2145 = CARTESIAN_POINT('',(19.8,-1.738561746651,2.023265887103));
#2146 = SURFACE_CURVE('',#2147,(#2151,#2157),.PCURVE_S1.);
#2147 = LINE('',#2148,#2149);
#2148 = CARTESIAN_POINT('',(19.8,-1.738561746651,2.023265887103));
#2149 = VECTOR('',#2150,1.);
#2150 = DIRECTION('',(-1.,-0.,-0.));
#2151 = PCURVE('',#265,#2152);
#2152 = DEFINITIONAL_REPRESENTATION('',(#2153),#2156);
#2153 = B_SPLINE_CURVE_WITH_KNOTS('',1,(#2154,#2155),.UNSPECIFIED.,.F.,
  .F.,(2,2),(-2.6500006,5.999999999062E-07),.PIECEWISE_BEZIER_KNOTS.);
#2154 = CARTESIAN_POINT('',(2.160770736759,-2.6500006));
#2155 = CARTESIAN_POINT('',(2.160770736759,5.999999999062E-07));
#2156 = ( GEOMETRIC_REPRESENTATION_CONTEXT(2) 
PARAMETRIC_REPRESENTATION_CONTEXT() REPRESENTATION_CONTEXT('2D SPACE',''
  ) );
#2157 = PCURVE('',#2099,#2158);
#2158 = DEFINITIONAL_REPRESENTATION('',(#2159),#2162);
#2159 = B_SPLINE_CURVE_WITH_KNOTS('',1,(#2160,#2161),.UNSPECIFIED.,.F.,
  .F.,(2,2),(-2.6500006,5.999999999062E-07),.PIECEWISE_BEZIER_KNOTS.);
#2160 = CARTESIAN_POINT('',(4.670776972482,-2.6500006));
#2161 = CARTESIAN_POINT('',(4.670776972482,5.999999999062E-07));
#2162 = ( GEOMETRIC_REPRESENTATION_CONTEXT(2) 
PARAMETRIC_REPRESENTATION_CONTEXT() REPRESENTATION_CONTEXT('2D SPACE',''
  ) );
#2163 = ORIENTED_EDGE('',*,*,#2164,.T.);
#2164 = EDGE_CURVE('',#2144,#2165,#2167,.T.);
#2165 = VERTEX_POINT('',#2166);
#2166 = CARTESIAN_POINT('',(19.8,-1.585242922617,1.926929284944));
#2167 = SURFACE_CURVE('',#2168,(#2173,#2180),.PCURVE_S1.);
#2168 = CIRCLE('',#2169,3.125);
#2169 = AXIS2_PLACEMENT_3D('',#2170,#2171,#2172);
#2170 = CARTESIAN_POINT('',(19.8,0.,4.62));
#2171 = DIRECTION('',(1.,0.,0.));
#2172 = DIRECTION('',(-0.,1.,0.));
#2173 = PCURVE('',#265,#2174);
#2174 = DEFINITIONAL_REPRESENTATION('',(#2175),#2179);
#2175 = LINE('',#2176,#2177);
#2176 = CARTESIAN_POINT('',(6.28318530718,0.));
#2177 = VECTOR('',#2178,1.);
#2178 = DIRECTION('',(-1.,0.));
#2179 = ( GEOMETRIC_REPRESENTATION_CONTEXT(2) 
PARAMETRIC_REPRESENTATION_CONTEXT() REPRESENTATION_CONTEXT('2D SPACE',''
  ) );
#2180 = PCURVE('',#304,#2181);
#2181 = DEFINITIONAL_REPRESENTATION('',(#2182),#2186);
#2182 = CIRCLE('',#2183,3.125);
#2183 = AXIS2_PLACEMENT_2D('',#2184,#2185);
#2184 = CARTESIAN_POINT('',(0.,-1.093952106032E-16));
#2185 = DIRECTION('',(0.,-1.));
#2186 = ( GEOMETRIC_REPRESENTATION_CONTEXT(2) 
PARAMETRIC_REPRESENTATION_CONTEXT() REPRESENTATION_CONTEXT('2D SPACE',''
  ) );
#2187 = ORIENTED_EDGE('',*,*,#2188,.F.);
#2188 = EDGE_CURVE('',#2189,#2165,#2191,.T.);
#2189 = VERTEX_POINT('',#2190);
#2190 = CARTESIAN_POINT('',(22.45,-1.585242922617,1.926929284944));
#2191 = SURFACE_CURVE('',#2192,(#2196,#2202),.PCURVE_S1.);
#2192 = LINE('',#2193,#2194);
#2193 = CARTESIAN_POINT('',(19.8,-1.585242922617,1.926929284944));
#2194 = VECTOR('',#2195,1.);
#2195 = DIRECTION('',(-1.,-0.,-0.));
#2196 = PCURVE('',#265,#2197);
#2197 = DEFINITIONAL_REPRESENTATION('',(#2198),#2201);
#2198 = B_SPLINE_CURVE_WITH_KNOTS('',1,(#2199,#2200),.UNSPECIFIED.,.F.,
  .F.,(2,2),(-2.6500006,5.999999999062E-07),.PIECEWISE_BEZIER_KNOTS.);
#2199 = CARTESIAN_POINT('',(2.102819293114,-2.6500006));
#2200 = CARTESIAN_POINT('',(2.102819293114,5.999999999062E-07));
#2201 = ( GEOMETRIC_REPRESENTATION_CONTEXT(2) 
PARAMETRIC_REPRESENTATION_CONTEXT() REPRESENTATION_CONTEXT('2D SPACE',''
  ) );
#2202 = PCURVE('',#2203,#2208);
#2203 = CYLINDRICAL_SURFACE('',#2204,0.26);
#2204 = AXIS2_PLACEMENT_3D('',#2205,#2206,#2207);
#2205 = CARTESIAN_POINT('',(19.8,-1.355886684742,1.804472287805));
#2206 = DIRECTION('',(-1.,0.,0.));
#2207 = DIRECTION('',(-0.,-0.433883739118,-0.900968867902));
#2208 = DEFINITIONAL_REPRESENTATION('',(#2209),#2212);
#2209 = B_SPLINE_CURVE_WITH_KNOTS('',1,(#2210,#2211),.UNSPECIFIED.,.F.,
  .F.,(2,2),(-2.6500006,5.999999999062E-07),.PIECEWISE_BEZIER_KNOTS.);
#2210 = CARTESIAN_POINT('',(1.612408334698,-2.6500006));
#2211 = CARTESIAN_POINT('',(1.612408334698,5.999999999062E-07));
#2212 = ( GEOMETRIC_REPRESENTATION_CONTEXT(2) 
PARAMETRIC_REPRESENTATION_CONTEXT() REPRESENTATION_CONTEXT('2D SPACE',''
  ) );
#2213 = ORIENTED_EDGE('',*,*,#2214,.F.);
#2214 = EDGE_CURVE('',#2215,#2189,#2217,.T.);
#2215 = VERTEX_POINT('',#2216);
#2216 = CARTESIAN_POINT('',(22.45,-1.117144673824,1.701505049217));
#2217 = SURFACE_CURVE('',#2218,(#2223,#2230),.PCURVE_S1.);
#2218 = CIRCLE('',#2219,3.125);
#2219 = AXIS2_PLACEMENT_3D('',#2220,#2221,#2222);
#2220 = CARTESIAN_POINT('',(22.45,0.,4.62));
#2221 = DIRECTION('',(-1.,0.,0.));
#2222 = DIRECTION('',(0.,1.,0.));
#2223 = PCURVE('',#265,#2224);
#2224 = DEFINITIONAL_REPRESENTATION('',(#2225),#2229);
#2225 = LINE('',#2226,#2227);
#2226 = CARTESIAN_POINT('',(-4.138911435803E-13,-2.65));
#2227 = VECTOR('',#2228,1.);
#2228 = DIRECTION('',(1.,-0.));
#2229 = ( GEOMETRIC_REPRESENTATION_CONTEXT(2) 
PARAMETRIC_REPRESENTATION_CONTEXT() REPRESENTATION_CONTEXT('2D SPACE',''
  ) );
#2230 = PCURVE('',#2231,#2236);
#2231 = PLANE('',#2232);
#2232 = AXIS2_PLACEMENT_3D('',#2233,#2234,#2235);
#2233 = CARTESIAN_POINT('',(22.45,-1.355886684742,1.804472287805));
#2234 = DIRECTION('',(1.,0.,0.));
#2235 = DIRECTION('',(0.,0.900968867902,-0.433883739118));
#2236 = DEFINITIONAL_REPRESENTATION('',(#2237),#2245);
#2237 = ( BOUNDED_CURVE() B_SPLINE_CURVE(2,(#2238,#2239,#2240,#2241,
#2242,#2243,#2244),.UNSPECIFIED.,.T.,.F.) B_SPLINE_CURVE_WITH_KNOTS((1,2
    ,2,2,2,1),(-2.094395102393,0.,2.094395102393,4.188790204786,
6.28318530718,8.377580409573),.UNSPECIFIED.) CURVE() 
GEOMETRIC_REPRESENTATION_ITEM() RATIONAL_B_SPLINE_CURVE((1.,0.5,1.,0.5,
1.,0.5,1.)) REPRESENTATION_ITEM('') );
#2238 = CARTESIAN_POINT('',(2.815527712192,4.480886684744));
#2239 = CARTESIAN_POINT('',(5.163992339475,-0.395750362895));
#2240 = CARTESIAN_POINT('',(-0.233531542458,8.738133808463E-03));
#2241 = CARTESIAN_POINT('',(-5.631055424391,0.413226630512));
#2242 = CARTESIAN_POINT('',(-2.581996169741,4.885375181447));
#2243 = CARTESIAN_POINT('',(0.467063084909,9.357523732382));
#2244 = CARTESIAN_POINT('',(2.815527712192,4.480886684744));
#2245 = ( GEOMETRIC_REPRESENTATION_CONTEXT(2) 
PARAMETRIC_REPRESENTATION_CONTEXT() REPRESENTATION_CONTEXT('2D SPACE',''
  ) );
#2246 = ORIENTED_EDGE('',*,*,#2247,.T.);
#2247 = EDGE_CURVE('',#2215,#2248,#2250,.T.);
#2248 = VERTEX_POINT('',#2249);
#2249 = CARTESIAN_POINT('',(19.8,-1.117144673824,1.701505049217));
#2250 = SURFACE_CURVE('',#2251,(#2255,#2261),.PCURVE_S1.);
#2251 = LINE('',#2252,#2253);
#2252 = CARTESIAN_POINT('',(19.8,-1.117144673824,1.701505049217));
#2253 = VECTOR('',#2254,1.);
#2254 = DIRECTION('',(-1.,-0.,-0.));
#2255 = PCURVE('',#265,#2256);
#2256 = DEFINITIONAL_REPRESENTATION('',(#2257),#2260);
#2257 = B_SPLINE_CURVE_WITH_KNOTS('',1,(#2258,#2259),.UNSPECIFIED.,.F.,
  .F.,(2,2),(-2.6500006,5.999999999062E-07),.PIECEWISE_BEZIER_KNOTS.);
#2258 = CARTESIAN_POINT('',(1.936371261502,-2.6500006));
#2259 = CARTESIAN_POINT('',(1.936371261502,5.999999999062E-07));
#2260 = ( GEOMETRIC_REPRESENTATION_CONTEXT(2) 
PARAMETRIC_REPRESENTATION_CONTEXT() REPRESENTATION_CONTEXT('2D SPACE',''
  ) );
#2261 = PCURVE('',#2203,#2262);
#2262 = DEFINITIONAL_REPRESENTATION('',(#2263),#2266);
#2263 = B_SPLINE_CURVE_WITH_KNOTS('',1,(#2264,#2265),.UNSPECIFIED.,.F.,
  .F.,(2,2),(-2.6500006,5.999999999062E-07),.PIECEWISE_BEZIER_KNOTS.);
#2264 = CARTESIAN_POINT('',(4.670776972482,-2.6500006));
#2265 = CARTESIAN_POINT('',(4.670776972482,5.999999999062E-07));
#2266 = ( GEOMETRIC_REPRESENTATION_CONTEXT(2) 
PARAMETRIC_REPRESENTATION_CONTEXT() REPRESENTATION_CONTEXT('2D SPACE',''
  ) );
#2267 = ORIENTED_EDGE('',*,*,#2268,.T.);
#2268 = EDGE_CURVE('',#2248,#2269,#2271,.T.);
#2269 = VERTEX_POINT('',#2270);
#2270 = CARTESIAN_POINT('',(19.8,-0.946232962123,1.641700454724));
#2271 = SURFACE_CURVE('',#2272,(#2277,#2284),.PCURVE_S1.);
#2272 = CIRCLE('',#2273,3.125);
#2273 = AXIS2_PLACEMENT_3D('',#2274,#2275,#2276);
#2274 = CARTESIAN_POINT('',(19.8,0.,4.62));
#2275 = DIRECTION('',(1.,0.,0.));
#2276 = DIRECTION('',(-0.,1.,0.));
#2277 = PCURVE('',#265,#2278);
#2278 = DEFINITIONAL_REPRESENTATION('',(#2279),#2283);
#2279 = LINE('',#2280,#2281);
#2280 = CARTESIAN_POINT('',(6.28318530718,0.));
#2281 = VECTOR('',#2282,1.);
#2282 = DIRECTION('',(-1.,0.));
#2283 = ( GEOMETRIC_REPRESENTATION_CONTEXT(2) 
PARAMETRIC_REPRESENTATION_CONTEXT() REPRESENTATION_CONTEXT('2D SPACE',''
  ) );
#2284 = PCURVE('',#304,#2285);
#2285 = DEFINITIONAL_REPRESENTATION('',(#2286),#2290);
#2286 = CIRCLE('',#2287,3.125);
#2287 = AXIS2_PLACEMENT_2D('',#2288,#2289);
#2288 = CARTESIAN_POINT('',(0.,-1.093952106032E-16));
#2289 = DIRECTION('',(0.,-1.));
#2290 = ( GEOMETRIC_REPRESENTATION_CONTEXT(2) 
PARAMETRIC_REPRESENTATION_CONTEXT() REPRESENTATION_CONTEXT('2D SPACE',''
  ) );
#2291 = ORIENTED_EDGE('',*,*,#2292,.F.);
#2292 = EDGE_CURVE('',#2293,#2269,#2295,.T.);
#2293 = VERTEX_POINT('',#2294);
#2294 = CARTESIAN_POINT('',(22.45,-0.946232962123,1.641700454724));
#2295 = SURFACE_CURVE('',#2296,(#2300,#2306),.PCURVE_S1.);
#2296 = LINE('',#2297,#2298);
#2297 = CARTESIAN_POINT('',(19.8,-0.946232962123,1.641700454724));
#2298 = VECTOR('',#2299,1.);
#2299 = DIRECTION('',(-1.,-0.,-0.));
#2300 = PCURVE('',#265,#2301);
#2301 = DEFINITIONAL_REPRESENTATION('',(#2302),#2305);
#2302 = B_SPLINE_CURVE_WITH_KNOTS('',1,(#2303,#2304),.UNSPECIFIED.,.F.,
  .F.,(2,2),(-2.6500006,5.999999999062E-07),.PIECEWISE_BEZIER_KNOTS.);
#2303 = CARTESIAN_POINT('',(1.878419817857,-2.6500006));
#2304 = CARTESIAN_POINT('',(1.878419817857,5.999999999062E-07));
#2305 = ( GEOMETRIC_REPRESENTATION_CONTEXT(2) 
PARAMETRIC_REPRESENTATION_CONTEXT() REPRESENTATION_CONTEXT('2D SPACE',''
  ) );
#2306 = PCURVE('',#2307,#2312);
#2307 = CYLINDRICAL_SURFACE('',#2308,0.26);
#2308 = AXIS2_PLACEMENT_3D('',#2309,#2310,#2311);
#2309 = CARTESIAN_POINT('',(19.8,-0.695377918613,1.573350274432));
#2310 = DIRECTION('',(-1.,0.,0.));
#2311 = DIRECTION('',(-0.,-0.222520933956,-0.974927912182));
#2312 = DEFINITIONAL_REPRESENTATION('',(#2313),#2316);
#2313 = B_SPLINE_CURVE_WITH_KNOTS('',1,(#2314,#2315),.UNSPECIFIED.,.F.,
  .F.,(2,2),(-2.6500006,5.999999999062E-07),.PIECEWISE_BEZIER_KNOTS.);
#2314 = CARTESIAN_POINT('',(1.612408334698,-2.6500006));
#2315 = CARTESIAN_POINT('',(1.612408334698,5.999999999062E-07));
#2316 = ( GEOMETRIC_REPRESENTATION_CONTEXT(2) 
PARAMETRIC_REPRESENTATION_CONTEXT() REPRESENTATION_CONTEXT('2D SPACE',''
  ) );
#2317 = ORIENTED_EDGE('',*,*,#2318,.F.);
#2318 = EDGE_CURVE('',#2319,#2293,#2321,.T.);
#2319 = VERTEX_POINT('',#2320);
#2320 = CARTESIAN_POINT('',(22.45,-0.439709302261,1.526089734736));
#2321 = SURFACE_CURVE('',#2322,(#2327,#2334),.PCURVE_S1.);
#2322 = CIRCLE('',#2323,3.125);
#2323 = AXIS2_PLACEMENT_3D('',#2324,#2325,#2326);
#2324 = CARTESIAN_POINT('',(22.45,0.,4.62));
#2325 = DIRECTION('',(-1.,0.,0.));
#2326 = DIRECTION('',(0.,1.,0.));
#2327 = PCURVE('',#265,#2328);
#2328 = DEFINITIONAL_REPRESENTATION('',(#2329),#2333);
#2329 = LINE('',#2330,#2331);
#2330 = CARTESIAN_POINT('',(-4.138911435803E-13,-2.65));
#2331 = VECTOR('',#2332,1.);
#2332 = DIRECTION('',(1.,-0.));
#2333 = ( GEOMETRIC_REPRESENTATION_CONTEXT(2) 
PARAMETRIC_REPRESENTATION_CONTEXT() REPRESENTATION_CONTEXT('2D SPACE',''
  ) );
#2334 = PCURVE('',#2335,#2340);
#2335 = PLANE('',#2336);
#2336 = AXIS2_PLACEMENT_3D('',#2337,#2338,#2339);
#2337 = CARTESIAN_POINT('',(22.45,-0.695377918613,1.573350274432));
#2338 = DIRECTION('',(1.,0.,0.));
#2339 = DIRECTION('',(0.,0.974927912182,-0.222520933956));
#2340 = DEFINITIONAL_REPRESENTATION('',(#2341),#2349);
#2341 = ( BOUNDED_CURVE() B_SPLINE_CURVE(2,(#2342,#2343,#2344,#2345,
#2346,#2347,#2348),.UNSPECIFIED.,.T.,.F.) B_SPLINE_CURVE_WITH_KNOTS((1,2
    ,2,2,2,1),(-2.094395102393,0.,2.094395102393,4.188790204786,
6.28318530718,8.377580409573),.UNSPECIFIED.) CURVE() 
GEOMETRIC_REPRESENTATION_ITEM() RATIONAL_B_SPLINE_CURVE((1.,0.5,1.,0.5,
1.,0.5,1.)) REPRESENTATION_ITEM('') );
#2342 = CARTESIAN_POINT('',(3.046649725569,3.820377918612));
#2343 = CARTESIAN_POINT('',(4.251079611067,-1.456574198938));
#2344 = CARTESIAN_POINT('',(-0.921109920034,0.138834981918));
#2345 = CARTESIAN_POINT('',(-6.093299451136,1.734244162775));
#2346 = CARTESIAN_POINT('',(-2.125539805533,5.415787099469));
#2347 = CARTESIAN_POINT('',(1.842219840071,9.097330036162));
#2348 = CARTESIAN_POINT('',(3.046649725569,3.820377918612));
#2349 = ( GEOMETRIC_REPRESENTATION_CONTEXT(2) 
PARAMETRIC_REPRESENTATION_CONTEXT() REPRESENTATION_CONTEXT('2D SPACE',''
  ) );
#2350 = ORIENTED_EDGE('',*,*,#2351,.T.);
#2351 = EDGE_CURVE('',#2319,#2352,#2354,.T.);
#2352 = VERTEX_POINT('',#2353);
#2353 = CARTESIAN_POINT('',(19.8,-0.439709302261,1.526089734736));
#2354 = SURFACE_CURVE('',#2355,(#2359,#2365),.PCURVE_S1.);
#2355 = LINE('',#2356,#2357);
#2356 = CARTESIAN_POINT('',(19.8,-0.439709302261,1.526089734736));
#2357 = VECTOR('',#2358,1.);
#2358 = DIRECTION('',(-1.,-0.,-0.));
#2359 = PCURVE('',#265,#2360);
#2360 = DEFINITIONAL_REPRESENTATION('',(#2361),#2364);
#2361 = B_SPLINE_CURVE_WITH_KNOTS('',1,(#2362,#2363),.UNSPECIFIED.,.F.,
  .F.,(2,2),(-2.6500006,5.999999999062E-07),.PIECEWISE_BEZIER_KNOTS.);
#2362 = CARTESIAN_POINT('',(1.711971786246,-2.6500006));
#2363 = CARTESIAN_POINT('',(1.711971786246,5.999999999062E-07));
#2364 = ( GEOMETRIC_REPRESENTATION_CONTEXT(2) 
PARAMETRIC_REPRESENTATION_CONTEXT() REPRESENTATION_CONTEXT('2D SPACE',''
  ) );
#2365 = PCURVE('',#2307,#2366);
#2366 = DEFINITIONAL_REPRESENTATION('',(#2367),#2370);
#2367 = B_SPLINE_CURVE_WITH_KNOTS('',1,(#2368,#2369),.UNSPECIFIED.,.F.,
  .F.,(2,2),(-2.6500006,5.999999999062E-07),.PIECEWISE_BEZIER_KNOTS.);
#2368 = CARTESIAN_POINT('',(4.670776972482,-2.6500006));
#2369 = CARTESIAN_POINT('',(4.670776972482,5.999999999062E-07));
#2370 = ( GEOMETRIC_REPRESENTATION_CONTEXT(2) 
PARAMETRIC_REPRESENTATION_CONTEXT() REPRESENTATION_CONTEXT('2D SPACE',''
  ) );
#2371 = ORIENTED_EDGE('',*,*,#2372,.T.);
#2372 = EDGE_CURVE('',#2352,#2373,#2375,.T.);
#2373 = VERTEX_POINT('',#2374);
#2374 = CARTESIAN_POINT('',(19.8,-0.259774929783,1.505816));
#2375 = SURFACE_CURVE('',#2376,(#2381,#2388),.PCURVE_S1.);
#2376 = CIRCLE('',#2377,3.125);
#2377 = AXIS2_PLACEMENT_3D('',#2378,#2379,#2380);
#2378 = CARTESIAN_POINT('',(19.8,0.,4.62));
#2379 = DIRECTION('',(1.,0.,0.));
#2380 = DIRECTION('',(-0.,1.,0.));
#2381 = PCURVE('',#265,#2382);
#2382 = DEFINITIONAL_REPRESENTATION('',(#2383),#2387);
#2383 = LINE('',#2384,#2385);
#2384 = CARTESIAN_POINT('',(6.28318530718,0.));
#2385 = VECTOR('',#2386,1.);
#2386 = DIRECTION('',(-1.,0.));
#2387 = ( GEOMETRIC_REPRESENTATION_CONTEXT(2) 
PARAMETRIC_REPRESENTATION_CONTEXT() REPRESENTATION_CONTEXT('2D SPACE',''
  ) );
#2388 = PCURVE('',#304,#2389);
#2389 = DEFINITIONAL_REPRESENTATION('',(#2390),#2394);
#2390 = CIRCLE('',#2391,3.125);
#2391 = AXIS2_PLACEMENT_2D('',#2392,#2393);
#2392 = CARTESIAN_POINT('',(0.,-1.093952106032E-16));
#2393 = DIRECTION('',(0.,-1.));
#2394 = ( GEOMETRIC_REPRESENTATION_CONTEXT(2) 
PARAMETRIC_REPRESENTATION_CONTEXT() REPRESENTATION_CONTEXT('2D SPACE',''
  ) );
#2395 = ORIENTED_EDGE('',*,*,#2396,.F.);
#2396 = EDGE_CURVE('',#2397,#2373,#2399,.T.);
#2397 = VERTEX_POINT('',#2398);
#2398 = CARTESIAN_POINT('',(22.45,-0.259774929783,1.505816));
#2399 = SURFACE_CURVE('',#2400,(#2404,#2410),.PCURVE_S1.);
#2400 = LINE('',#2401,#2402);
#2401 = CARTESIAN_POINT('',(19.8,-0.259774929783,1.505816));
#2402 = VECTOR('',#2403,1.);
#2403 = DIRECTION('',(-1.,-0.,-0.));
#2404 = PCURVE('',#265,#2405);
#2405 = DEFINITIONAL_REPRESENTATION('',(#2406),#2409);
#2406 = B_SPLINE_CURVE_WITH_KNOTS('',1,(#2407,#2408),.UNSPECIFIED.,.F.,
  .F.,(2,2),(-2.6500006,5.999999999062E-07),.PIECEWISE_BEZIER_KNOTS.);
#2407 = CARTESIAN_POINT('',(1.654020342601,-2.6500006));
#2408 = CARTESIAN_POINT('',(1.654020342601,5.999999999062E-07));
#2409 = ( GEOMETRIC_REPRESENTATION_CONTEXT(2) 
PARAMETRIC_REPRESENTATION_CONTEXT() REPRESENTATION_CONTEXT('2D SPACE',''
  ) );
#2410 = PCURVE('',#2411,#2416);
#2411 = CYLINDRICAL_SURFACE('',#2412,0.26);
#2412 = AXIS2_PLACEMENT_3D('',#2413,#2414,#2415);
#2413 = CARTESIAN_POINT('',(19.8,-8.881784197001E-16,1.495));
#2414 = DIRECTION('',(-1.,0.,0.));
#2415 = DIRECTION('',(-0.,-2.22044604925E-16,-1.));
#2416 = DEFINITIONAL_REPRESENTATION('',(#2417),#2420);
#2417 = B_SPLINE_CURVE_WITH_KNOTS('',1,(#2418,#2419),.UNSPECIFIED.,.F.,
  .F.,(2,2),(-2.6500006,5.999999999062E-07),.PIECEWISE_BEZIER_KNOTS.);
#2418 = CARTESIAN_POINT('',(1.612408334698,-2.6500006));
#2419 = CARTESIAN_POINT('',(1.612408334698,5.999999999062E-07));
#2420 = ( GEOMETRIC_REPRESENTATION_CONTEXT(2) 
PARAMETRIC_REPRESENTATION_CONTEXT() REPRESENTATION_CONTEXT('2D SPACE',''
  ) );
#2421 = ORIENTED_EDGE('',*,*,#2422,.F.);
#2422 = EDGE_CURVE('',#2423,#2397,#2425,.T.);
#2423 = VERTEX_POINT('',#2424);
#2424 = CARTESIAN_POINT('',(22.45,0.259774929783,1.505816));
#2425 = SURFACE_CURVE('',#2426,(#2431,#2438),.PCURVE_S1.);
#2426 = CIRCLE('',#2427,3.125);
#2427 = AXIS2_PLACEMENT_3D('',#2428,#2429,#2430);
#2428 = CARTESIAN_POINT('',(22.45,0.,4.62));
#2429 = DIRECTION('',(-1.,0.,0.));
#2430 = DIRECTION('',(0.,1.,0.));
#2431 = PCURVE('',#265,#2432);
#2432 = DEFINITIONAL_REPRESENTATION('',(#2433),#2437);
#2433 = LINE('',#2434,#2435);
#2434 = CARTESIAN_POINT('',(-4.138911435803E-13,-2.65));
#2435 = VECTOR('',#2436,1.);
#2436 = DIRECTION('',(1.,-0.));
#2437 = ( GEOMETRIC_REPRESENTATION_CONTEXT(2) 
PARAMETRIC_REPRESENTATION_CONTEXT() REPRESENTATION_CONTEXT('2D SPACE',''
  ) );
#2438 = PCURVE('',#2439,#2444);
#2439 = PLANE('',#2440);
#2440 = AXIS2_PLACEMENT_3D('',#2441,#2442,#2443);
#2441 = CARTESIAN_POINT('',(22.45,-8.881784197001E-16,1.495));
#2442 = DIRECTION('',(1.,0.,0.));
#2443 = DIRECTION('',(0.,1.,-2.22044604925E-16));
#2444 = DEFINITIONAL_REPRESENTATION('',(#2445),#2453);
#2445 = ( BOUNDED_CURVE() B_SPLINE_CURVE(2,(#2446,#2447,#2448,#2449,
#2450,#2451,#2452),.UNSPECIFIED.,.T.,.F.) B_SPLINE_CURVE_WITH_KNOTS((1,2
    ,2,2,2,1),(-2.094395102393,0.,2.094395102393,4.188790204786,
6.28318530718,8.377580409573),.UNSPECIFIED.) CURVE() 
GEOMETRIC_REPRESENTATION_ITEM() RATIONAL_B_SPLINE_CURVE((1.,0.5,1.,0.5,
1.,0.5,1.)) REPRESENTATION_ITEM('') );
#2446 = CARTESIAN_POINT('',(3.125,3.125));
#2447 = CARTESIAN_POINT('',(3.125,-2.287658773653));
#2448 = CARTESIAN_POINT('',(-1.5625,0.418670613174));
#2449 = CARTESIAN_POINT('',(-6.25,3.125));
#2450 = CARTESIAN_POINT('',(-1.5625,5.831329386826));
#2451 = CARTESIAN_POINT('',(3.125,8.537658773653));
#2452 = CARTESIAN_POINT('',(3.125,3.125));
#2453 = ( GEOMETRIC_REPRESENTATION_CONTEXT(2) 
PARAMETRIC_REPRESENTATION_CONTEXT() REPRESENTATION_CONTEXT('2D SPACE',''
  ) );
#2454 = ORIENTED_EDGE('',*,*,#2455,.T.);
#2455 = EDGE_CURVE('',#2423,#2456,#2458,.T.);
#2456 = VERTEX_POINT('',#2457);
#2457 = CARTESIAN_POINT('',(19.8,0.259774929783,1.505816));
#2458 = SURFACE_CURVE('',#2459,(#2463,#2469),.PCURVE_S1.);
#2459 = LINE('',#2460,#2461);
#2460 = CARTESIAN_POINT('',(19.8,0.259774929783,1.505816));
#2461 = VECTOR('',#2462,1.);
#2462 = DIRECTION('',(-1.,-0.,-0.));
#2463 = PCURVE('',#265,#2464);
#2464 = DEFINITIONAL_REPRESENTATION('',(#2465),#2468);
#2465 = B_SPLINE_CURVE_WITH_KNOTS('',1,(#2466,#2467),.UNSPECIFIED.,.F.,
  .F.,(2,2),(-2.6500006,5.999999999062E-07),.PIECEWISE_BEZIER_KNOTS.);
#2466 = CARTESIAN_POINT('',(1.48757231099,-2.6500006));
#2467 = CARTESIAN_POINT('',(1.48757231099,5.999999999062E-07));
#2468 = ( GEOMETRIC_REPRESENTATION_CONTEXT(2) 
PARAMETRIC_REPRESENTATION_CONTEXT() REPRESENTATION_CONTEXT('2D SPACE',''
  ) );
#2469 = PCURVE('',#2411,#2470);
#2470 = DEFINITIONAL_REPRESENTATION('',(#2471),#2474);
#2471 = B_SPLINE_CURVE_WITH_KNOTS('',1,(#2472,#2473),.UNSPECIFIED.,.F.,
  .F.,(2,2),(-2.6500006,5.999999999062E-07),.PIECEWISE_BEZIER_KNOTS.);
#2472 = CARTESIAN_POINT('',(4.670776972482,-2.6500006));
#2473 = CARTESIAN_POINT('',(4.670776972482,5.999999999062E-07));
#2474 = ( GEOMETRIC_REPRESENTATION_CONTEXT(2) 
PARAMETRIC_REPRESENTATION_CONTEXT() REPRESENTATION_CONTEXT('2D SPACE',''
  ) );
#2475 = ORIENTED_EDGE('',*,*,#2476,.T.);
#2476 = EDGE_CURVE('',#2456,#2477,#2479,.T.);
#2477 = VERTEX_POINT('',#2478);
#2478 = CARTESIAN_POINT('',(19.8,0.439709302261,1.526089734736));
#2479 = SURFACE_CURVE('',#2480,(#2485,#2492),.PCURVE_S1.);
#2480 = CIRCLE('',#2481,3.125);
#2481 = AXIS2_PLACEMENT_3D('',#2482,#2483,#2484);
#2482 = CARTESIAN_POINT('',(19.8,0.,4.62));
#2483 = DIRECTION('',(1.,0.,0.));
#2484 = DIRECTION('',(-0.,1.,0.));
#2485 = PCURVE('',#265,#2486);
#2486 = DEFINITIONAL_REPRESENTATION('',(#2487),#2491);
#2487 = LINE('',#2488,#2489);
#2488 = CARTESIAN_POINT('',(6.28318530718,0.));
#2489 = VECTOR('',#2490,1.);
#2490 = DIRECTION('',(-1.,0.));
#2491 = ( GEOMETRIC_REPRESENTATION_CONTEXT(2) 
PARAMETRIC_REPRESENTATION_CONTEXT() REPRESENTATION_CONTEXT('2D SPACE',''
  ) );
#2492 = PCURVE('',#304,#2493);
#2493 = DEFINITIONAL_REPRESENTATION('',(#2494),#2498);
#2494 = CIRCLE('',#2495,3.125);
#2495 = AXIS2_PLACEMENT_2D('',#2496,#2497);
#2496 = CARTESIAN_POINT('',(0.,-1.093952106032E-16));
#2497 = DIRECTION('',(0.,-1.));
#2498 = ( GEOMETRIC_REPRESENTATION_CONTEXT(2) 
PARAMETRIC_REPRESENTATION_CONTEXT() REPRESENTATION_CONTEXT('2D SPACE',''
  ) );
#2499 = ORIENTED_EDGE('',*,*,#2500,.F.);
#2500 = EDGE_CURVE('',#2501,#2477,#2503,.T.);
#2501 = VERTEX_POINT('',#2502);
#2502 = CARTESIAN_POINT('',(22.45,0.439709302261,1.526089734736));
#2503 = SURFACE_CURVE('',#2504,(#2508,#2514),.PCURVE_S1.);
#2504 = LINE('',#2505,#2506);
#2505 = CARTESIAN_POINT('',(19.8,0.439709302261,1.526089734736));
#2506 = VECTOR('',#2507,1.);
#2507 = DIRECTION('',(-1.,-0.,-0.));
#2508 = PCURVE('',#265,#2509);
#2509 = DEFINITIONAL_REPRESENTATION('',(#2510),#2513);
#2510 = B_SPLINE_CURVE_WITH_KNOTS('',1,(#2511,#2512),.UNSPECIFIED.,.F.,
  .F.,(2,2),(-2.6500006,5.999999999062E-07),.PIECEWISE_BEZIER_KNOTS.);
#2511 = CARTESIAN_POINT('',(1.429620867345,-2.6500006));
#2512 = CARTESIAN_POINT('',(1.429620867345,5.999999999062E-07));
#2513 = ( GEOMETRIC_REPRESENTATION_CONTEXT(2) 
PARAMETRIC_REPRESENTATION_CONTEXT() REPRESENTATION_CONTEXT('2D SPACE',''
  ) );
#2514 = PCURVE('',#2515,#2520);
#2515 = CYLINDRICAL_SURFACE('',#2516,0.26);
#2516 = AXIS2_PLACEMENT_3D('',#2517,#2518,#2519);
#2517 = CARTESIAN_POINT('',(19.8,0.695377918613,1.573350274432));
#2518 = DIRECTION('',(-1.,-0.,0.));
#2519 = DIRECTION('',(-0.,0.222520933956,-0.974927912182));
#2520 = DEFINITIONAL_REPRESENTATION('',(#2521),#2524);
#2521 = B_SPLINE_CURVE_WITH_KNOTS('',1,(#2522,#2523),.UNSPECIFIED.,.F.,
  .F.,(2,2),(-2.6500006,5.999999999062E-07),.PIECEWISE_BEZIER_KNOTS.);
#2522 = CARTESIAN_POINT('',(1.612408334698,-2.6500006));
#2523 = CARTESIAN_POINT('',(1.612408334698,5.999999999062E-07));
#2524 = ( GEOMETRIC_REPRESENTATION_CONTEXT(2) 
PARAMETRIC_REPRESENTATION_CONTEXT() REPRESENTATION_CONTEXT('2D SPACE',''
  ) );
#2525 = ORIENTED_EDGE('',*,*,#2526,.F.);
#2526 = EDGE_CURVE('',#2527,#2501,#2529,.T.);
#2527 = VERTEX_POINT('',#2528);
#2528 = CARTESIAN_POINT('',(22.45,0.946232962123,1.641700454724));
#2529 = SURFACE_CURVE('',#2530,(#2535,#2542),.PCURVE_S1.);
#2530 = CIRCLE('',#2531,3.125);
#2531 = AXIS2_PLACEMENT_3D('',#2532,#2533,#2534);
#2532 = CARTESIAN_POINT('',(22.45,0.,4.62));
#2533 = DIRECTION('',(-1.,0.,0.));
#2534 = DIRECTION('',(0.,1.,0.));
#2535 = PCURVE('',#265,#2536);
#2536 = DEFINITIONAL_REPRESENTATION('',(#2537),#2541);
#2537 = LINE('',#2538,#2539);
#2538 = CARTESIAN_POINT('',(-4.138911435803E-13,-2.65));
#2539 = VECTOR('',#2540,1.);
#2540 = DIRECTION('',(1.,-0.));
#2541 = ( GEOMETRIC_REPRESENTATION_CONTEXT(2) 
PARAMETRIC_REPRESENTATION_CONTEXT() REPRESENTATION_CONTEXT('2D SPACE',''
  ) );
#2542 = PCURVE('',#2543,#2548);
#2543 = PLANE('',#2544);
#2544 = AXIS2_PLACEMENT_3D('',#2545,#2546,#2547);
#2545 = CARTESIAN_POINT('',(22.45,0.695377918613,1.573350274432));
#2546 = DIRECTION('',(1.,0.,0.));
#2547 = DIRECTION('',(-0.,0.974927912182,0.222520933956));
#2548 = DEFINITIONAL_REPRESENTATION('',(#2549),#2557);
#2549 = ( BOUNDED_CURVE() B_SPLINE_CURVE(2,(#2550,#2551,#2552,#2553,
#2554,#2555,#2556),.UNSPECIFIED.,.T.,.F.) B_SPLINE_CURVE_WITH_KNOTS((1,2
    ,2,2,2,1),(-2.094395102393,0.,2.094395102393,4.188790204786,
6.28318530718,8.377580409573),.UNSPECIFIED.) CURVE() 
GEOMETRIC_REPRESENTATION_ITEM() RATIONAL_B_SPLINE_CURVE((1.,0.5,1.,0.5,
1.,0.5,1.)) REPRESENTATION_ITEM('') );
#2550 = CARTESIAN_POINT('',(3.046649725568,2.429622081387));
#2551 = CARTESIAN_POINT('',(1.84221984007,-2.847330036163));
#2552 = CARTESIAN_POINT('',(-2.125539805534,0.834212900531));
#2553 = CARTESIAN_POINT('',(-6.093299451138,4.515755837225));
#2554 = CARTESIAN_POINT('',(-0.921109920036,6.111165018081));
#2555 = CARTESIAN_POINT('',(4.251079611066,7.706574198938));
#2556 = CARTESIAN_POINT('',(3.046649725568,2.429622081387));
#2557 = ( GEOMETRIC_REPRESENTATION_CONTEXT(2) 
PARAMETRIC_REPRESENTATION_CONTEXT() REPRESENTATION_CONTEXT('2D SPACE',''
  ) );
#2558 = ORIENTED_EDGE('',*,*,#2559,.T.);
#2559 = EDGE_CURVE('',#2527,#2560,#2562,.T.);
#2560 = VERTEX_POINT('',#2561);
#2561 = CARTESIAN_POINT('',(19.8,0.946232962123,1.641700454724));
#2562 = SURFACE_CURVE('',#2563,(#2567,#2573),.PCURVE_S1.);
#2563 = LINE('',#2564,#2565);
#2564 = CARTESIAN_POINT('',(19.8,0.946232962123,1.641700454724));
#2565 = VECTOR('',#2566,1.);
#2566 = DIRECTION('',(-1.,-0.,-0.));
#2567 = PCURVE('',#265,#2568);
#2568 = DEFINITIONAL_REPRESENTATION('',(#2569),#2572);
#2569 = B_SPLINE_CURVE_WITH_KNOTS('',1,(#2570,#2571),.UNSPECIFIED.,.F.,
  .F.,(2,2),(-2.6500006,5.999999999062E-07),.PIECEWISE_BEZIER_KNOTS.);
#2570 = CARTESIAN_POINT('',(1.263172835733,-2.6500006));
#2571 = CARTESIAN_POINT('',(1.263172835733,5.999999999062E-07));
#2572 = ( GEOMETRIC_REPRESENTATION_CONTEXT(2) 
PARAMETRIC_REPRESENTATION_CONTEXT() REPRESENTATION_CONTEXT('2D SPACE',''
  ) );
#2573 = PCURVE('',#2515,#2574);
#2574 = DEFINITIONAL_REPRESENTATION('',(#2575),#2578);
#2575 = B_SPLINE_CURVE_WITH_KNOTS('',1,(#2576,#2577),.UNSPECIFIED.,.F.,
  .F.,(2,2),(-2.6500006,5.999999999062E-07),.PIECEWISE_BEZIER_KNOTS.);
#2576 = CARTESIAN_POINT('',(4.670776972482,-2.6500006));
#2577 = CARTESIAN_POINT('',(4.670776972482,5.999999999062E-07));
#2578 = ( GEOMETRIC_REPRESENTATION_CONTEXT(2) 
PARAMETRIC_REPRESENTATION_CONTEXT() REPRESENTATION_CONTEXT('2D SPACE',''
  ) );
#2579 = ORIENTED_EDGE('',*,*,#2580,.T.);
#2580 = EDGE_CURVE('',#2560,#2581,#2583,.T.);
#2581 = VERTEX_POINT('',#2582);
#2582 = CARTESIAN_POINT('',(19.8,1.117144673824,1.701505049217));
#2583 = SURFACE_CURVE('',#2584,(#2589,#2596),.PCURVE_S1.);
#2584 = CIRCLE('',#2585,3.125);
#2585 = AXIS2_PLACEMENT_3D('',#2586,#2587,#2588);
#2586 = CARTESIAN_POINT('',(19.8,0.,4.62));
#2587 = DIRECTION('',(1.,0.,0.));
#2588 = DIRECTION('',(-0.,1.,0.));
#2589 = PCURVE('',#265,#2590);
#2590 = DEFINITIONAL_REPRESENTATION('',(#2591),#2595);
#2591 = LINE('',#2592,#2593);
#2592 = CARTESIAN_POINT('',(6.28318530718,0.));
#2593 = VECTOR('',#2594,1.);
#2594 = DIRECTION('',(-1.,0.));
#2595 = ( GEOMETRIC_REPRESENTATION_CONTEXT(2) 
PARAMETRIC_REPRESENTATION_CONTEXT() REPRESENTATION_CONTEXT('2D SPACE',''
  ) );
#2596 = PCURVE('',#304,#2597);
#2597 = DEFINITIONAL_REPRESENTATION('',(#2598),#2602);
#2598 = CIRCLE('',#2599,3.125);
#2599 = AXIS2_PLACEMENT_2D('',#2600,#2601);
#2600 = CARTESIAN_POINT('',(0.,-1.093952106032E-16));
#2601 = DIRECTION('',(0.,-1.));
#2602 = ( GEOMETRIC_REPRESENTATION_CONTEXT(2) 
PARAMETRIC_REPRESENTATION_CONTEXT() REPRESENTATION_CONTEXT('2D SPACE',''
  ) );
#2603 = ORIENTED_EDGE('',*,*,#2604,.F.);
#2604 = EDGE_CURVE('',#2605,#2581,#2607,.T.);
#2605 = VERTEX_POINT('',#2606);
#2606 = CARTESIAN_POINT('',(22.45,1.117144673824,1.701505049217));
#2607 = SURFACE_CURVE('',#2608,(#2612,#2618),.PCURVE_S1.);
#2608 = LINE('',#2609,#2610);
#2609 = CARTESIAN_POINT('',(19.8,1.117144673824,1.701505049217));
#2610 = VECTOR('',#2611,1.);
#2611 = DIRECTION('',(-1.,-0.,-0.));
#2612 = PCURVE('',#265,#2613);
#2613 = DEFINITIONAL_REPRESENTATION('',(#2614),#2617);
#2614 = B_SPLINE_CURVE_WITH_KNOTS('',1,(#2615,#2616),.UNSPECIFIED.,.F.,
  .F.,(2,2),(-2.6500006,5.999999999062E-07),.PIECEWISE_BEZIER_KNOTS.);
#2615 = CARTESIAN_POINT('',(1.205221392088,-2.6500006));
#2616 = CARTESIAN_POINT('',(1.205221392088,5.999999999062E-07));
#2617 = ( GEOMETRIC_REPRESENTATION_CONTEXT(2) 
PARAMETRIC_REPRESENTATION_CONTEXT() REPRESENTATION_CONTEXT('2D SPACE',''
  ) );
#2618 = PCURVE('',#2619,#2624);
#2619 = CYLINDRICAL_SURFACE('',#2620,0.26);
#2620 = AXIS2_PLACEMENT_3D('',#2621,#2622,#2623);
#2621 = CARTESIAN_POINT('',(19.8,1.355886684742,1.804472287805));
#2622 = DIRECTION('',(-1.,-0.,0.));
#2623 = DIRECTION('',(-0.,0.433883739118,-0.900968867902));
#2624 = DEFINITIONAL_REPRESENTATION('',(#2625),#2628);
#2625 = B_SPLINE_CURVE_WITH_KNOTS('',1,(#2626,#2627),.UNSPECIFIED.,.F.,
  .F.,(2,2),(-2.6500006,5.999999999062E-07),.PIECEWISE_BEZIER_KNOTS.);
#2626 = CARTESIAN_POINT('',(1.612408334698,-2.6500006));
#2627 = CARTESIAN_POINT('',(1.612408334698,5.999999999062E-07));
#2628 = ( GEOMETRIC_REPRESENTATION_CONTEXT(2) 
PARAMETRIC_REPRESENTATION_CONTEXT() REPRESENTATION_CONTEXT('2D SPACE',''
  ) );
#2629 = ORIENTED_EDGE('',*,*,#2630,.F.);
#2630 = EDGE_CURVE('',#2631,#2605,#2633,.T.);
#2631 = VERTEX_POINT('',#2632);
#2632 = CARTESIAN_POINT('',(22.45,1.585242922617,1.926929284944));
#2633 = SURFACE_CURVE('',#2634,(#2639,#2646),.PCURVE_S1.);
#2634 = CIRCLE('',#2635,3.125);
#2635 = AXIS2_PLACEMENT_3D('',#2636,#2637,#2638);
#2636 = CARTESIAN_POINT('',(22.45,0.,4.62));
#2637 = DIRECTION('',(-1.,0.,0.));
#2638 = DIRECTION('',(0.,1.,0.));
#2639 = PCURVE('',#265,#2640);
#2640 = DEFINITIONAL_REPRESENTATION('',(#2641),#2645);
#2641 = LINE('',#2642,#2643);
#2642 = CARTESIAN_POINT('',(-4.138911435803E-13,-2.65));
#2643 = VECTOR('',#2644,1.);
#2644 = DIRECTION('',(1.,-0.));
#2645 = ( GEOMETRIC_REPRESENTATION_CONTEXT(2) 
PARAMETRIC_REPRESENTATION_CONTEXT() REPRESENTATION_CONTEXT('2D SPACE',''
  ) );
#2646 = PCURVE('',#2647,#2652);
#2647 = PLANE('',#2648);
#2648 = AXIS2_PLACEMENT_3D('',#2649,#2650,#2651);
#2649 = CARTESIAN_POINT('',(22.45,1.355886684742,1.804472287805));
#2650 = DIRECTION('',(1.,0.,0.));
#2651 = DIRECTION('',(-0.,0.900968867902,0.433883739118));
#2652 = DEFINITIONAL_REPRESENTATION('',(#2653),#2661);
#2653 = ( BOUNDED_CURVE() B_SPLINE_CURVE(2,(#2654,#2655,#2656,#2657,
#2658,#2659,#2660),.UNSPECIFIED.,.T.,.F.) B_SPLINE_CURVE_WITH_KNOTS((1,2
    ,2,2,2,1),(-2.094395102393,0.,2.094395102393,4.188790204786,
6.28318530718,8.377580409573),.UNSPECIFIED.) CURVE() 
GEOMETRIC_REPRESENTATION_ITEM() RATIONAL_B_SPLINE_CURVE((1.,0.5,1.,0.5,
1.,0.5,1.)) REPRESENTATION_ITEM('') );
#2654 = CARTESIAN_POINT('',(2.815527712196,1.769113315256));
#2655 = CARTESIAN_POINT('',(0.467063084914,-3.107523732383));
#2656 = CARTESIAN_POINT('',(-2.581996169736,1.364624818552));
#2657 = CARTESIAN_POINT('',(-5.631055424386,5.836773369488));
#2658 = CARTESIAN_POINT('',(-0.233531542454,6.241261866191));
#2659 = CARTESIAN_POINT('',(5.163992339479,6.645750362894));
#2660 = CARTESIAN_POINT('',(2.815527712196,1.769113315256));
#2661 = ( GEOMETRIC_REPRESENTATION_CONTEXT(2) 
PARAMETRIC_REPRESENTATION_CONTEXT() REPRESENTATION_CONTEXT('2D SPACE',''
  ) );
#2662 = ORIENTED_EDGE('',*,*,#2663,.T.);
#2663 = EDGE_CURVE('',#2631,#2664,#2666,.T.);
#2664 = VERTEX_POINT('',#2665);
#2665 = CARTESIAN_POINT('',(19.8,1.585242922617,1.926929284944));
#2666 = SURFACE_CURVE('',#2667,(#2671,#2677),.PCURVE_S1.);
#2667 = LINE('',#2668,#2669);
#2668 = CARTESIAN_POINT('',(19.8,1.585242922617,1.926929284944));
#2669 = VECTOR('',#2670,1.);
#2670 = DIRECTION('',(-1.,-0.,-0.));
#2671 = PCURVE('',#265,#2672);
#2672 = DEFINITIONAL_REPRESENTATION('',(#2673),#2676);
#2673 = B_SPLINE_CURVE_WITH_KNOTS('',1,(#2674,#2675),.UNSPECIFIED.,.F.,
  .F.,(2,2),(-2.6500006,5.999999999062E-07),.PIECEWISE_BEZIER_KNOTS.);
#2674 = CARTESIAN_POINT('',(1.038773360477,-2.6500006));
#2675 = CARTESIAN_POINT('',(1.038773360477,5.999999999062E-07));
#2676 = ( GEOMETRIC_REPRESENTATION_CONTEXT(2) 
PARAMETRIC_REPRESENTATION_CONTEXT() REPRESENTATION_CONTEXT('2D SPACE',''
  ) );
#2677 = PCURVE('',#2619,#2678);
#2678 = DEFINITIONAL_REPRESENTATION('',(#2679),#2682);
#2679 = B_SPLINE_CURVE_WITH_KNOTS('',1,(#2680,#2681),.UNSPECIFIED.,.F.,
  .F.,(2,2),(-2.6500006,5.999999999062E-07),.PIECEWISE_BEZIER_KNOTS.);
#2680 = CARTESIAN_POINT('',(4.670776972482,-2.6500006));
#2681 = CARTESIAN_POINT('',(4.670776972482,5.999999999062E-07));
#2682 = ( GEOMETRIC_REPRESENTATION_CONTEXT(2) 
PARAMETRIC_REPRESENTATION_CONTEXT() REPRESENTATION_CONTEXT('2D SPACE',''
  ) );
#2683 = ORIENTED_EDGE('',*,*,#2684,.T.);
#2684 = EDGE_CURVE('',#2664,#2685,#2687,.T.);
#2685 = VERTEX_POINT('',#2686);
#2686 = CARTESIAN_POINT('',(19.8,1.738561746651,2.023265887103));
#2687 = SURFACE_CURVE('',#2688,(#2693,#2700),.PCURVE_S1.);
#2688 = CIRCLE('',#2689,3.125);
#2689 = AXIS2_PLACEMENT_3D('',#2690,#2691,#2692);
#2690 = CARTESIAN_POINT('',(19.8,0.,4.62));
#2691 = DIRECTION('',(1.,0.,0.));
#2692 = DIRECTION('',(-0.,1.,0.));
#2693 = PCURVE('',#265,#2694);
#2694 = DEFINITIONAL_REPRESENTATION('',(#2695),#2699);
#2695 = LINE('',#2696,#2697);
#2696 = CARTESIAN_POINT('',(6.28318530718,0.));
#2697 = VECTOR('',#2698,1.);
#2698 = DIRECTION('',(-1.,0.));
#2699 = ( GEOMETRIC_REPRESENTATION_CONTEXT(2) 
PARAMETRIC_REPRESENTATION_CONTEXT() REPRESENTATION_CONTEXT('2D SPACE',''
  ) );
#2700 = PCURVE('',#304,#2701);
#2701 = DEFINITIONAL_REPRESENTATION('',(#2702),#2706);
#2702 = CIRCLE('',#2703,3.125);
#2703 = AXIS2_PLACEMENT_2D('',#2704,#2705);
#2704 = CARTESIAN_POINT('',(0.,-1.093952106032E-16));
#2705 = DIRECTION('',(0.,-1.));
#2706 = ( GEOMETRIC_REPRESENTATION_CONTEXT(2) 
PARAMETRIC_REPRESENTATION_CONTEXT() REPRESENTATION_CONTEXT('2D SPACE',''
  ) );
#2707 = ORIENTED_EDGE('',*,*,#2708,.F.);
#2708 = EDGE_CURVE('',#2709,#2685,#2711,.T.);
#2709 = VERTEX_POINT('',#2710);
#2710 = CARTESIAN_POINT('',(22.45,1.738561746651,2.023265887103));
#2711 = SURFACE_CURVE('',#2712,(#2716,#2722),.PCURVE_S1.);
#2712 = LINE('',#2713,#2714);
#2713 = CARTESIAN_POINT('',(19.8,1.738561746651,2.023265887103));
#2714 = VECTOR('',#2715,1.);
#2715 = DIRECTION('',(-1.,-0.,-0.));
#2716 = PCURVE('',#265,#2717);
#2717 = DEFINITIONAL_REPRESENTATION('',(#2718),#2721);
#2718 = B_SPLINE_CURVE_WITH_KNOTS('',1,(#2719,#2720),.UNSPECIFIED.,.F.,
  .F.,(2,2),(-2.6500006,5.999999999062E-07),.PIECEWISE_BEZIER_KNOTS.);
#2719 = CARTESIAN_POINT('',(0.980821916832,-2.6500006));
#2720 = CARTESIAN_POINT('',(0.980821916832,5.999999999062E-07));
#2721 = ( GEOMETRIC_REPRESENTATION_CONTEXT(2) 
PARAMETRIC_REPRESENTATION_CONTEXT() REPRESENTATION_CONTEXT('2D SPACE',''
  ) );
#2722 = PCURVE('',#2723,#2728);
#2723 = CYLINDRICAL_SURFACE('',#2724,0.26);
#2724 = AXIS2_PLACEMENT_3D('',#2725,#2726,#2727);
#2725 = CARTESIAN_POINT('',(19.8,1.948405630809,2.176776617287));
#2726 = DIRECTION('',(-1.,-0.,0.));
#2727 = DIRECTION('',(-0.,0.623489801859,-0.781831482468));
#2728 = DEFINITIONAL_REPRESENTATION('',(#2729),#2732);
#2729 = B_SPLINE_CURVE_WITH_KNOTS('',1,(#2730,#2731),.UNSPECIFIED.,.F.,
  .F.,(2,2),(-2.6500006,5.999999999062E-07),.PIECEWISE_BEZIER_KNOTS.);
#2730 = CARTESIAN_POINT('',(1.612408334698,-2.6500006));
#2731 = CARTESIAN_POINT('',(1.612408334698,5.999999999062E-07));
#2732 = ( GEOMETRIC_REPRESENTATION_CONTEXT(2) 
PARAMETRIC_REPRESENTATION_CONTEXT() REPRESENTATION_CONTEXT('2D SPACE',''
  ) );
#2733 = ORIENTED_EDGE('',*,*,#2734,.F.);
#2734 = EDGE_CURVE('',#2735,#2709,#2737,.T.);
#2735 = VERTEX_POINT('',#2736);
#2736 = CARTESIAN_POINT('',(22.45,2.144762183572,2.3471999261));
#2737 = SURFACE_CURVE('',#2738,(#2743,#2750),.PCURVE_S1.);
#2738 = CIRCLE('',#2739,3.125);
#2739 = AXIS2_PLACEMENT_3D('',#2740,#2741,#2742);
#2740 = CARTESIAN_POINT('',(22.45,0.,4.62));
#2741 = DIRECTION('',(-1.,0.,0.));
#2742 = DIRECTION('',(0.,1.,0.));
#2743 = PCURVE('',#265,#2744);
#2744 = DEFINITIONAL_REPRESENTATION('',(#2745),#2749);
#2745 = LINE('',#2746,#2747);
#2746 = CARTESIAN_POINT('',(-4.138911435803E-13,-2.65));
#2747 = VECTOR('',#2748,1.);
#2748 = DIRECTION('',(1.,-0.));
#2749 = ( GEOMETRIC_REPRESENTATION_CONTEXT(2) 
PARAMETRIC_REPRESENTATION_CONTEXT() REPRESENTATION_CONTEXT('2D SPACE',''
  ) );
#2750 = PCURVE('',#2751,#2756);
#2751 = PLANE('',#2752);
#2752 = AXIS2_PLACEMENT_3D('',#2753,#2754,#2755);
#2753 = CARTESIAN_POINT('',(22.45,1.948405630809,2.176776617287));
#2754 = DIRECTION('',(1.,0.,0.));
#2755 = DIRECTION('',(-0.,0.781831482468,0.623489801859));
#2756 = DEFINITIONAL_REPRESENTATION('',(#2757),#2765);
#2757 = ( BOUNDED_CURVE() B_SPLINE_CURVE(2,(#2758,#2759,#2760,#2761,
#2762,#2763,#2764),.UNSPECIFIED.,.T.,.F.) B_SPLINE_CURVE_WITH_KNOTS((1,2
    ,2,2,2,1),(-2.094395102393,0.,2.094395102393,4.188790204786,
6.28318530718,8.377580409573),.UNSPECIFIED.) CURVE() 
GEOMETRIC_REPRESENTATION_ITEM() RATIONAL_B_SPLINE_CURVE((1.,0.5,1.,0.5,
1.,0.5,1.)) REPRESENTATION_ITEM('') );
#2758 = CARTESIAN_POINT('',(2.443223382713,1.176594369192));
#2759 = CARTESIAN_POINT('',(-0.931514163602,-3.055192663906));
#2760 = CARTESIAN_POINT('',(-2.908980464513,1.983309298856));
#2761 = CARTESIAN_POINT('',(-4.886446765424,7.021811261619));
#2762 = CARTESIAN_POINT('',(0.465757081802,6.215096331954));
#2763 = CARTESIAN_POINT('',(5.817960929027,5.408381402289));
#2764 = CARTESIAN_POINT('',(2.443223382713,1.176594369192));
#2765 = ( GEOMETRIC_REPRESENTATION_CONTEXT(2) 
PARAMETRIC_REPRESENTATION_CONTEXT() REPRESENTATION_CONTEXT('2D SPACE',''
  ) );
#2766 = ORIENTED_EDGE('',*,*,#2767,.T.);
#2767 = EDGE_CURVE('',#2735,#2768,#2770,.T.);
#2768 = VERTEX_POINT('',#2769);
#2769 = CARTESIAN_POINT('',(19.8,2.144762183572,2.3471999261));
#2770 = SURFACE_CURVE('',#2771,(#2775,#2781),.PCURVE_S1.);
#2771 = LINE('',#2772,#2773);
#2772 = CARTESIAN_POINT('',(19.8,2.144762183572,2.3471999261));
#2773 = VECTOR('',#2774,1.);
#2774 = DIRECTION('',(-1.,-0.,-0.));
#2775 = PCURVE('',#265,#2776);
#2776 = DEFINITIONAL_REPRESENTATION('',(#2777),#2780);
#2777 = B_SPLINE_CURVE_WITH_KNOTS('',1,(#2778,#2779),.UNSPECIFIED.,.F.,
  .F.,(2,2),(-2.6500006,5.999999999062E-07),.PIECEWISE_BEZIER_KNOTS.);
#2778 = CARTESIAN_POINT('',(0.81437388522,-2.6500006));
#2779 = CARTESIAN_POINT('',(0.81437388522,5.999999999062E-07));
#2780 = ( GEOMETRIC_REPRESENTATION_CONTEXT(2) 
PARAMETRIC_REPRESENTATION_CONTEXT() REPRESENTATION_CONTEXT('2D SPACE',''
  ) );
#2781 = PCURVE('',#2723,#2782);
#2782 = DEFINITIONAL_REPRESENTATION('',(#2783),#2786);
#2783 = B_SPLINE_CURVE_WITH_KNOTS('',1,(#2784,#2785),.UNSPECIFIED.,.F.,
  .F.,(2,2),(-2.6500006,5.999999999062E-07),.PIECEWISE_BEZIER_KNOTS.);
#2784 = CARTESIAN_POINT('',(4.670776972482,-2.6500006));
#2785 = CARTESIAN_POINT('',(4.670776972482,5.999999999062E-07));
#2786 = ( GEOMETRIC_REPRESENTATION_CONTEXT(2) 
PARAMETRIC_REPRESENTATION_CONTEXT() REPRESENTATION_CONTEXT('2D SPACE',''
  ) );
#2787 = ORIENTED_EDGE('',*,*,#2788,.T.);
#2788 = EDGE_CURVE('',#2768,#2789,#2791,.T.);
#2789 = VERTEX_POINT('',#2790);
#2790 = CARTESIAN_POINT('',(19.8,2.2728000739,2.475237816428));
#2791 = SURFACE_CURVE('',#2792,(#2797,#2804),.PCURVE_S1.);
#2792 = CIRCLE('',#2793,3.125);
#2793 = AXIS2_PLACEMENT_3D('',#2794,#2795,#2796);
#2794 = CARTESIAN_POINT('',(19.8,0.,4.62));
#2795 = DIRECTION('',(1.,0.,0.));
#2796 = DIRECTION('',(-0.,1.,0.));
#2797 = PCURVE('',#265,#2798);
#2798 = DEFINITIONAL_REPRESENTATION('',(#2799),#2803);
#2799 = LINE('',#2800,#2801);
#2800 = CARTESIAN_POINT('',(6.28318530718,0.));
#2801 = VECTOR('',#2802,1.);
#2802 = DIRECTION('',(-1.,0.));
#2803 = ( GEOMETRIC_REPRESENTATION_CONTEXT(2) 
PARAMETRIC_REPRESENTATION_CONTEXT() REPRESENTATION_CONTEXT('2D SPACE',''
  ) );
#2804 = PCURVE('',#304,#2805);
#2805 = DEFINITIONAL_REPRESENTATION('',(#2806),#2810);
#2806 = CIRCLE('',#2807,3.125);
#2807 = AXIS2_PLACEMENT_2D('',#2808,#2809);
#2808 = CARTESIAN_POINT('',(0.,-1.093952106032E-16));
#2809 = DIRECTION('',(0.,-1.));
#2810 = ( GEOMETRIC_REPRESENTATION_CONTEXT(2) 
PARAMETRIC_REPRESENTATION_CONTEXT() REPRESENTATION_CONTEXT('2D SPACE',''
  ) );
#2811 = ORIENTED_EDGE('',*,*,#2812,.F.);
#2812 = EDGE_CURVE('',#2813,#2789,#2815,.T.);
#2813 = VERTEX_POINT('',#2814);
#2814 = CARTESIAN_POINT('',(22.45,2.2728000739,2.475237816428));
#2815 = SURFACE_CURVE('',#2816,(#2820,#2826),.PCURVE_S1.);
#2816 = LINE('',#2817,#2818);
#2817 = CARTESIAN_POINT('',(19.8,2.2728000739,2.475237816428));
#2818 = VECTOR('',#2819,1.);
#2819 = DIRECTION('',(-1.,-0.,-0.));
#2820 = PCURVE('',#265,#2821);
#2821 = DEFINITIONAL_REPRESENTATION('',(#2822),#2825);
#2822 = B_SPLINE_CURVE_WITH_KNOTS('',1,(#2823,#2824),.UNSPECIFIED.,.F.,
  .F.,(2,2),(-2.6500006,5.999999999062E-07),.PIECEWISE_BEZIER_KNOTS.);
#2823 = CARTESIAN_POINT('',(0.756422441575,-2.6500006));
#2824 = CARTESIAN_POINT('',(0.756422441575,5.999999999062E-07));
#2825 = ( GEOMETRIC_REPRESENTATION_CONTEXT(2) 
PARAMETRIC_REPRESENTATION_CONTEXT() REPRESENTATION_CONTEXT('2D SPACE',''
  ) );
#2826 = PCURVE('',#2827,#2832);
#2827 = CYLINDRICAL_SURFACE('',#2828,0.26);
#2828 = AXIS2_PLACEMENT_3D('',#2829,#2830,#2831);
#2829 = CARTESIAN_POINT('',(19.8,2.443223382713,2.671594369191));
#2830 = DIRECTION('',(-1.,-0.,0.));
#2831 = DIRECTION('',(-0.,0.781831482468,-0.623489801859));
#2832 = DEFINITIONAL_REPRESENTATION('',(#2833),#2836);
#2833 = B_SPLINE_CURVE_WITH_KNOTS('',1,(#2834,#2835),.UNSPECIFIED.,.F.,
  .F.,(2,2),(-2.6500006,5.999999999062E-07),.PIECEWISE_BEZIER_KNOTS.);
#2834 = CARTESIAN_POINT('',(1.612408334698,-2.6500006));
#2835 = CARTESIAN_POINT('',(1.612408334698,5.999999999062E-07));
#2836 = ( GEOMETRIC_REPRESENTATION_CONTEXT(2) 
PARAMETRIC_REPRESENTATION_CONTEXT() REPRESENTATION_CONTEXT('2D SPACE',''
  ) );
#2837 = ORIENTED_EDGE('',*,*,#2838,.F.);
#2838 = EDGE_CURVE('',#2839,#2813,#2841,.T.);
#2839 = VERTEX_POINT('',#2840);
#2840 = CARTESIAN_POINT('',(22.45,2.596734112897,2.881438253349));
#2841 = SURFACE_CURVE('',#2842,(#2847,#2854),.PCURVE_S1.);
#2842 = CIRCLE('',#2843,3.125);
#2843 = AXIS2_PLACEMENT_3D('',#2844,#2845,#2846);
#2844 = CARTESIAN_POINT('',(22.45,0.,4.62));
#2845 = DIRECTION('',(-1.,0.,0.));
#2846 = DIRECTION('',(0.,1.,0.));
#2847 = PCURVE('',#265,#2848);
#2848 = DEFINITIONAL_REPRESENTATION('',(#2849),#2853);
#2849 = LINE('',#2850,#2851);
#2850 = CARTESIAN_POINT('',(-4.138911435803E-13,-2.65));
#2851 = VECTOR('',#2852,1.);
#2852 = DIRECTION('',(1.,-0.));
#2853 = ( GEOMETRIC_REPRESENTATION_CONTEXT(2) 
PARAMETRIC_REPRESENTATION_CONTEXT() REPRESENTATION_CONTEXT('2D SPACE',''
  ) );
#2854 = PCURVE('',#2855,#2860);
#2855 = PLANE('',#2856);
#2856 = AXIS2_PLACEMENT_3D('',#2857,#2858,#2859);
#2857 = CARTESIAN_POINT('',(22.45,2.443223382713,2.671594369191));
#2858 = DIRECTION('',(1.,0.,0.));
#2859 = DIRECTION('',(-0.,0.623489801859,0.781831482468));
#2860 = DEFINITIONAL_REPRESENTATION('',(#2861),#2869);
#2861 = ( BOUNDED_CURVE() B_SPLINE_CURVE(2,(#2862,#2863,#2864,#2865,
#2866,#2867,#2868),.UNSPECIFIED.,.T.,.F.) B_SPLINE_CURVE_WITH_KNOTS((1,2
    ,2,2,2,1),(-2.094395102393,0.,2.094395102393,4.188790204786,
6.28318530718,8.377580409573),.UNSPECIFIED.) CURVE() 
GEOMETRIC_REPRESENTATION_ITEM() RATIONAL_B_SPLINE_CURVE((1.,0.5,1.,0.5,
1.,0.5,1.)) REPRESENTATION_ITEM('') );
#2862 = CARTESIAN_POINT('',(1.948405630808,0.681776617288));
#2863 = CARTESIAN_POINT('',(-2.283381402289,-2.692960929026));
#2864 = CARTESIAN_POINT('',(-3.090096331954,2.659242918199));
#2865 = CARTESIAN_POINT('',(-3.896811261619,8.011446765425));
#2866 = CARTESIAN_POINT('',(1.141690701144,6.033980464514));
#2867 = CARTESIAN_POINT('',(6.180192663906,4.056514163603));
#2868 = CARTESIAN_POINT('',(1.948405630808,0.681776617288));
#2869 = ( GEOMETRIC_REPRESENTATION_CONTEXT(2) 
PARAMETRIC_REPRESENTATION_CONTEXT() REPRESENTATION_CONTEXT('2D SPACE',''
  ) );
#2870 = ORIENTED_EDGE('',*,*,#2871,.T.);
#2871 = EDGE_CURVE('',#2839,#2872,#2874,.T.);
#2872 = VERTEX_POINT('',#2873);
#2873 = CARTESIAN_POINT('',(19.8,2.596734112897,2.881438253349));
#2874 = SURFACE_CURVE('',#2875,(#2879,#2885),.PCURVE_S1.);
#2875 = LINE('',#2876,#2877);
#2876 = CARTESIAN_POINT('',(19.8,2.596734112897,2.881438253349));
#2877 = VECTOR('',#2878,1.);
#2878 = DIRECTION('',(-1.,-0.,-0.));
#2879 = PCURVE('',#265,#2880);
#2880 = DEFINITIONAL_REPRESENTATION('',(#2881),#2884);
#2881 = B_SPLINE_CURVE_WITH_KNOTS('',1,(#2882,#2883),.UNSPECIFIED.,.F.,
  .F.,(2,2),(-2.6500006,5.999999999062E-07),.PIECEWISE_BEZIER_KNOTS.);
#2882 = CARTESIAN_POINT('',(0.589974409964,-2.6500006));
#2883 = CARTESIAN_POINT('',(0.589974409964,5.999999999062E-07));
#2884 = ( GEOMETRIC_REPRESENTATION_CONTEXT(2) 
PARAMETRIC_REPRESENTATION_CONTEXT() REPRESENTATION_CONTEXT('2D SPACE',''
  ) );
#2885 = PCURVE('',#2827,#2886);
#2886 = DEFINITIONAL_REPRESENTATION('',(#2887),#2890);
#2887 = B_SPLINE_CURVE_WITH_KNOTS('',1,(#2888,#2889),.UNSPECIFIED.,.F.,
  .F.,(2,2),(-2.6500006,5.999999999062E-07),.PIECEWISE_BEZIER_KNOTS.);
#2888 = CARTESIAN_POINT('',(4.670776972482,-2.6500006));
#2889 = CARTESIAN_POINT('',(4.670776972482,5.999999999062E-07));
#2890 = ( GEOMETRIC_REPRESENTATION_CONTEXT(2) 
PARAMETRIC_REPRESENTATION_CONTEXT() REPRESENTATION_CONTEXT('2D SPACE',''
  ) );
#2891 = ORIENTED_EDGE('',*,*,#2892,.T.);
#2892 = EDGE_CURVE('',#2872,#2893,#2895,.T.);
#2893 = VERTEX_POINT('',#2894);
#2894 = CARTESIAN_POINT('',(19.8,2.693070715056,3.034757077383));
#2895 = SURFACE_CURVE('',#2896,(#2901,#2908),.PCURVE_S1.);
#2896 = CIRCLE('',#2897,3.125);
#2897 = AXIS2_PLACEMENT_3D('',#2898,#2899,#2900);
#2898 = CARTESIAN_POINT('',(19.8,0.,4.62));
#2899 = DIRECTION('',(1.,0.,0.));
#2900 = DIRECTION('',(-0.,1.,0.));
#2901 = PCURVE('',#265,#2902);
#2902 = DEFINITIONAL_REPRESENTATION('',(#2903),#2907);
#2903 = LINE('',#2904,#2905);
#2904 = CARTESIAN_POINT('',(6.28318530718,0.));
#2905 = VECTOR('',#2906,1.);
#2906 = DIRECTION('',(-1.,0.));
#2907 = ( GEOMETRIC_REPRESENTATION_CONTEXT(2) 
PARAMETRIC_REPRESENTATION_CONTEXT() REPRESENTATION_CONTEXT('2D SPACE',''
  ) );
#2908 = PCURVE('',#304,#2909);
#2909 = DEFINITIONAL_REPRESENTATION('',(#2910),#2914);
#2910 = CIRCLE('',#2911,3.125);
#2911 = AXIS2_PLACEMENT_2D('',#2912,#2913);
#2912 = CARTESIAN_POINT('',(0.,-1.093952106032E-16));
#2913 = DIRECTION('',(0.,-1.));
#2914 = ( GEOMETRIC_REPRESENTATION_CONTEXT(2) 
PARAMETRIC_REPRESENTATION_CONTEXT() REPRESENTATION_CONTEXT('2D SPACE',''
  ) );
#2915 = ORIENTED_EDGE('',*,*,#2916,.F.);
#2916 = EDGE_CURVE('',#2917,#2893,#2919,.T.);
#2917 = VERTEX_POINT('',#2918);
#2918 = CARTESIAN_POINT('',(22.45,2.693070715056,3.034757077383));
#2919 = SURFACE_CURVE('',#2920,(#2924,#2930),.PCURVE_S1.);
#2920 = LINE('',#2921,#2922);
#2921 = CARTESIAN_POINT('',(19.8,2.693070715056,3.034757077383));
#2922 = VECTOR('',#2923,1.);
#2923 = DIRECTION('',(-1.,-0.,-0.));
#2924 = PCURVE('',#265,#2925);
#2925 = DEFINITIONAL_REPRESENTATION('',(#2926),#2929);
#2926 = B_SPLINE_CURVE_WITH_KNOTS('',1,(#2927,#2928),.UNSPECIFIED.,.F.,
  .F.,(2,2),(-2.6500006,5.999999999062E-07),.PIECEWISE_BEZIER_KNOTS.);
#2927 = CARTESIAN_POINT('',(0.532022966319,-2.6500006));
#2928 = CARTESIAN_POINT('',(0.532022966319,5.999999999062E-07));
#2929 = ( GEOMETRIC_REPRESENTATION_CONTEXT(2) 
PARAMETRIC_REPRESENTATION_CONTEXT() REPRESENTATION_CONTEXT('2D SPACE',''
  ) );
#2930 = PCURVE('',#2931,#2936);
#2931 = CYLINDRICAL_SURFACE('',#2932,0.26);
#2932 = AXIS2_PLACEMENT_3D('',#2933,#2934,#2935);
#2933 = CARTESIAN_POINT('',(19.8,2.815527712195,3.264113315258));
#2934 = DIRECTION('',(-1.,-0.,0.));
#2935 = DIRECTION('',(-0.,0.900968867902,-0.433883739118));
#2936 = DEFINITIONAL_REPRESENTATION('',(#2937),#2940);
#2937 = B_SPLINE_CURVE_WITH_KNOTS('',1,(#2938,#2939),.UNSPECIFIED.,.F.,
  .F.,(2,2),(-2.6500006,5.999999999062E-07),.PIECEWISE_BEZIER_KNOTS.);
#2938 = CARTESIAN_POINT('',(1.612408334698,-2.6500006));
#2939 = CARTESIAN_POINT('',(1.612408334698,5.999999999062E-07));
#2940 = ( GEOMETRIC_REPRESENTATION_CONTEXT(2) 
PARAMETRIC_REPRESENTATION_CONTEXT() REPRESENTATION_CONTEXT('2D SPACE',''
  ) );
#2941 = ORIENTED_EDGE('',*,*,#2942,.F.);
#2942 = EDGE_CURVE('',#2943,#2917,#2945,.T.);
#2943 = VERTEX_POINT('',#2944);
#2944 = CARTESIAN_POINT('',(22.45,2.918494950783,3.502855326176));
#2945 = SURFACE_CURVE('',#2946,(#2951,#2958),.PCURVE_S1.);
#2946 = CIRCLE('',#2947,3.125);
#2947 = AXIS2_PLACEMENT_3D('',#2948,#2949,#2950);
#2948 = CARTESIAN_POINT('',(22.45,0.,4.62));
#2949 = DIRECTION('',(-1.,0.,0.));
#2950 = DIRECTION('',(0.,1.,0.));
#2951 = PCURVE('',#265,#2952);
#2952 = DEFINITIONAL_REPRESENTATION('',(#2953),#2957);
#2953 = LINE('',#2954,#2955);
#2954 = CARTESIAN_POINT('',(-4.138911435803E-13,-2.65));
#2955 = VECTOR('',#2956,1.);
#2956 = DIRECTION('',(1.,-0.));
#2957 = ( GEOMETRIC_REPRESENTATION_CONTEXT(2) 
PARAMETRIC_REPRESENTATION_CONTEXT() REPRESENTATION_CONTEXT('2D SPACE',''
  ) );
#2958 = PCURVE('',#2959,#2964);
#2959 = PLANE('',#2960);
#2960 = AXIS2_PLACEMENT_3D('',#2961,#2962,#2963);
#2961 = CARTESIAN_POINT('',(22.45,2.815527712195,3.264113315258));
#2962 = DIRECTION('',(1.,0.,0.));
#2963 = DIRECTION('',(-0.,0.433883739118,0.900968867902));
#2964 = DEFINITIONAL_REPRESENTATION('',(#2965),#2973);
#2965 = ( BOUNDED_CURVE() B_SPLINE_CURVE(2,(#2966,#2967,#2968,#2969,
#2970,#2971,#2972),.UNSPECIFIED.,.T.,.F.) B_SPLINE_CURVE_WITH_KNOTS((1,2
    ,2,2,2,1),(-2.094395102393,0.,2.094395102393,4.188790204786,
6.28318530718,8.377580409573),.UNSPECIFIED.) CURVE() 
GEOMETRIC_REPRESENTATION_ITEM() RATIONAL_B_SPLINE_CURVE((1.,0.5,1.,0.5,
1.,0.5,1.)) REPRESENTATION_ITEM('') );
#2966 = CARTESIAN_POINT('',(1.355886684742,0.309472287806));
#2967 = CARTESIAN_POINT('',(-3.520750362897,-2.038992339477));
#2968 = CARTESIAN_POINT('',(-3.116261866193,3.358531542456));
#2969 = CARTESIAN_POINT('',(-2.71177336949,8.756055424388));
#2970 = CARTESIAN_POINT('',(1.760375181445,5.706996169738));
#2971 = CARTESIAN_POINT('',(6.232523732381,2.657936915088));
#2972 = CARTESIAN_POINT('',(1.355886684742,0.309472287806));
#2973 = ( GEOMETRIC_REPRESENTATION_CONTEXT(2) 
PARAMETRIC_REPRESENTATION_CONTEXT() REPRESENTATION_CONTEXT('2D SPACE',''
  ) );
#2974 = ORIENTED_EDGE('',*,*,#2975,.T.);
#2975 = EDGE_CURVE('',#2943,#2976,#2978,.T.);
#2976 = VERTEX_POINT('',#2977);
#2977 = CARTESIAN_POINT('',(19.8,2.918494950783,3.502855326176));
#2978 = SURFACE_CURVE('',#2979,(#2983,#2989),.PCURVE_S1.);
#2979 = LINE('',#2980,#2981);
#2980 = CARTESIAN_POINT('',(19.8,2.918494950783,3.502855326176));
#2981 = VECTOR('',#2982,1.);
#2982 = DIRECTION('',(-1.,-0.,-0.));
#2983 = PCURVE('',#265,#2984);
#2984 = DEFINITIONAL_REPRESENTATION('',(#2985),#2988);
#2985 = B_SPLINE_CURVE_WITH_KNOTS('',1,(#2986,#2987),.UNSPECIFIED.,.F.,
  .F.,(2,2),(-2.6500006,5.999999999062E-07),.PIECEWISE_BEZIER_KNOTS.);
#2986 = CARTESIAN_POINT('',(0.365574934708,-2.6500006));
#2987 = CARTESIAN_POINT('',(0.365574934708,5.999999999062E-07));
#2988 = ( GEOMETRIC_REPRESENTATION_CONTEXT(2) 
PARAMETRIC_REPRESENTATION_CONTEXT() REPRESENTATION_CONTEXT('2D SPACE',''
  ) );
#2989 = PCURVE('',#2931,#2990);
#2990 = DEFINITIONAL_REPRESENTATION('',(#2991),#2994);
#2991 = B_SPLINE_CURVE_WITH_KNOTS('',1,(#2992,#2993),.UNSPECIFIED.,.F.,
  .F.,(2,2),(-2.6500006,5.999999999062E-07),.PIECEWISE_BEZIER_KNOTS.);
#2992 = CARTESIAN_POINT('',(4.670776972482,-2.6500006));
#2993 = CARTESIAN_POINT('',(4.670776972482,5.999999999062E-07));
#2994 = ( GEOMETRIC_REPRESENTATION_CONTEXT(2) 
PARAMETRIC_REPRESENTATION_CONTEXT() REPRESENTATION_CONTEXT('2D SPACE',''
  ) );
#2995 = ORIENTED_EDGE('',*,*,#2996,.T.);
#2996 = EDGE_CURVE('',#2976,#2997,#2999,.T.);
#2997 = VERTEX_POINT('',#2998);
#2998 = CARTESIAN_POINT('',(19.8,2.978299545276,3.673767037877));
#2999 = SURFACE_CURVE('',#3000,(#3005,#3012),.PCURVE_S1.);
#3000 = CIRCLE('',#3001,3.125);
#3001 = AXIS2_PLACEMENT_3D('',#3002,#3003,#3004);
#3002 = CARTESIAN_POINT('',(19.8,0.,4.62));
#3003 = DIRECTION('',(1.,0.,0.));
#3004 = DIRECTION('',(-0.,1.,0.));
#3005 = PCURVE('',#265,#3006);
#3006 = DEFINITIONAL_REPRESENTATION('',(#3007),#3011);
#3007 = LINE('',#3008,#3009);
#3008 = CARTESIAN_POINT('',(6.28318530718,0.));
#3009 = VECTOR('',#3010,1.);
#3010 = DIRECTION('',(-1.,0.));
#3011 = ( GEOMETRIC_REPRESENTATION_CONTEXT(2) 
PARAMETRIC_REPRESENTATION_CONTEXT() REPRESENTATION_CONTEXT('2D SPACE',''
  ) );
#3012 = PCURVE('',#304,#3013);
#3013 = DEFINITIONAL_REPRESENTATION('',(#3014),#3018);
#3014 = CIRCLE('',#3015,3.125);
#3015 = AXIS2_PLACEMENT_2D('',#3016,#3017);
#3016 = CARTESIAN_POINT('',(0.,-1.093952106032E-16));
#3017 = DIRECTION('',(0.,-1.));
#3018 = ( GEOMETRIC_REPRESENTATION_CONTEXT(2) 
PARAMETRIC_REPRESENTATION_CONTEXT() REPRESENTATION_CONTEXT('2D SPACE',''
  ) );
#3019 = ORIENTED_EDGE('',*,*,#3020,.F.);
#3020 = EDGE_CURVE('',#3021,#2997,#3023,.T.);
#3021 = VERTEX_POINT('',#3022);
#3022 = CARTESIAN_POINT('',(22.45,2.978299545276,3.673767037877));
#3023 = SURFACE_CURVE('',#3024,(#3028,#3034),.PCURVE_S1.);
#3024 = LINE('',#3025,#3026);
#3025 = CARTESIAN_POINT('',(19.8,2.978299545276,3.673767037877));
#3026 = VECTOR('',#3027,1.);
#3027 = DIRECTION('',(-1.,-0.,-0.));
#3028 = PCURVE('',#265,#3029);
#3029 = DEFINITIONAL_REPRESENTATION('',(#3030),#3033);
#3030 = B_SPLINE_CURVE_WITH_KNOTS('',1,(#3031,#3032),.UNSPECIFIED.,.F.,
  .F.,(2,2),(-2.6500006,5.999999999062E-07),.PIECEWISE_BEZIER_KNOTS.);
#3031 = CARTESIAN_POINT('',(0.307623491063,-2.6500006));
#3032 = CARTESIAN_POINT('',(0.307623491063,5.999999999062E-07));
#3033 = ( GEOMETRIC_REPRESENTATION_CONTEXT(2) 
PARAMETRIC_REPRESENTATION_CONTEXT() REPRESENTATION_CONTEXT('2D SPACE',''
  ) );
#3034 = PCURVE('',#3035,#3040);
#3035 = CYLINDRICAL_SURFACE('',#3036,0.26);
#3036 = AXIS2_PLACEMENT_3D('',#3037,#3038,#3039);
#3037 = CARTESIAN_POINT('',(19.8,3.046649725568,3.924622081387));
#3038 = DIRECTION('',(-1.,-0.,0.));
#3039 = DIRECTION('',(-0.,0.974927912182,-0.222520933956));
#3040 = DEFINITIONAL_REPRESENTATION('',(#3041),#3044);
#3041 = B_SPLINE_CURVE_WITH_KNOTS('',1,(#3042,#3043),.UNSPECIFIED.,.F.,
  .F.,(2,2),(-2.6500006,5.999999999062E-07),.PIECEWISE_BEZIER_KNOTS.);
#3042 = CARTESIAN_POINT('',(1.612408334698,-2.6500006));
#3043 = CARTESIAN_POINT('',(1.612408334698,5.999999999062E-07));
#3044 = ( GEOMETRIC_REPRESENTATION_CONTEXT(2) 
PARAMETRIC_REPRESENTATION_CONTEXT() REPRESENTATION_CONTEXT('2D SPACE',''
  ) );
#3045 = ORIENTED_EDGE('',*,*,#3046,.F.);
#3046 = EDGE_CURVE('',#3047,#3021,#3049,.T.);
#3047 = VERTEX_POINT('',#3048);
#3048 = CARTESIAN_POINT('',(22.45,3.093910265264,4.180290697739));
#3049 = SURFACE_CURVE('',#3050,(#3055,#3062),.PCURVE_S1.);
#3050 = CIRCLE('',#3051,3.125);
#3051 = AXIS2_PLACEMENT_3D('',#3052,#3053,#3054);
#3052 = CARTESIAN_POINT('',(22.45,0.,4.62));
#3053 = DIRECTION('',(-1.,0.,0.));
#3054 = DIRECTION('',(0.,1.,0.));
#3055 = PCURVE('',#265,#3056);
#3056 = DEFINITIONAL_REPRESENTATION('',(#3057),#3061);
#3057 = LINE('',#3058,#3059);
#3058 = CARTESIAN_POINT('',(-4.138911435803E-13,-2.65));
#3059 = VECTOR('',#3060,1.);
#3060 = DIRECTION('',(1.,-0.));
#3061 = ( GEOMETRIC_REPRESENTATION_CONTEXT(2) 
PARAMETRIC_REPRESENTATION_CONTEXT() REPRESENTATION_CONTEXT('2D SPACE',''
  ) );
#3062 = PCURVE('',#3063,#3068);
#3063 = PLANE('',#3064);
#3064 = AXIS2_PLACEMENT_3D('',#3065,#3066,#3067);
#3065 = CARTESIAN_POINT('',(22.45,3.046649725568,3.924622081387));
#3066 = DIRECTION('',(1.,0.,0.));
#3067 = DIRECTION('',(-0.,0.222520933956,0.974927912182));
#3068 = DEFINITIONAL_REPRESENTATION('',(#3069),#3077);
#3069 = ( BOUNDED_CURVE() B_SPLINE_CURVE(2,(#3070,#3071,#3072,#3073,
#3074,#3075,#3076),.UNSPECIFIED.,.T.,.F.) B_SPLINE_CURVE_WITH_KNOTS((1,2
    ,2,2,2,1),(-2.094395102393,0.,2.094395102393,4.188790204786,
6.28318530718,8.377580409573),.UNSPECIFIED.) CURVE() 
GEOMETRIC_REPRESENTATION_ITEM() RATIONAL_B_SPLINE_CURVE((1.,0.5,1.,0.5,
1.,0.5,1.)) REPRESENTATION_ITEM('') );
#3070 = CARTESIAN_POINT('',(0.695377918613,7.835027443126E-02));
#3071 = CARTESIAN_POINT('',(-4.581574198937,-1.126079611067));
#3072 = CARTESIAN_POINT('',(-2.986165018081,4.046109920035));
#3073 = CARTESIAN_POINT('',(-1.390755837224,9.218299451137));
#3074 = CARTESIAN_POINT('',(2.29078709947,5.250539805533));
#3075 = CARTESIAN_POINT('',(5.972330036163,1.282780159929));
#3076 = CARTESIAN_POINT('',(0.695377918613,7.835027443126E-02));
#3077 = ( GEOMETRIC_REPRESENTATION_CONTEXT(2) 
PARAMETRIC_REPRESENTATION_CONTEXT() REPRESENTATION_CONTEXT('2D SPACE',''
  ) );
#3078 = ORIENTED_EDGE('',*,*,#3079,.T.);
#3079 = EDGE_CURVE('',#3047,#3080,#3082,.T.);
#3080 = VERTEX_POINT('',#3081);
#3081 = CARTESIAN_POINT('',(19.8,3.093910265264,4.180290697739));
#3082 = SURFACE_CURVE('',#3083,(#3087,#3093),.PCURVE_S1.);
#3083 = LINE('',#3084,#3085);
#3084 = CARTESIAN_POINT('',(19.8,3.093910265264,4.180290697739));
#3085 = VECTOR('',#3086,1.);
#3086 = DIRECTION('',(-1.,-0.,-0.));
#3087 = PCURVE('',#265,#3088);
#3088 = DEFINITIONAL_REPRESENTATION('',(#3089),#3092);
#3089 = B_SPLINE_CURVE_WITH_KNOTS('',1,(#3090,#3091),.UNSPECIFIED.,.F.,
  .F.,(2,2),(-2.6500006,5.999999999062E-07),.PIECEWISE_BEZIER_KNOTS.);
#3090 = CARTESIAN_POINT('',(0.141175459451,-2.6500006));
#3091 = CARTESIAN_POINT('',(0.141175459451,5.999999999062E-07));
#3092 = ( GEOMETRIC_REPRESENTATION_CONTEXT(2) 
PARAMETRIC_REPRESENTATION_CONTEXT() REPRESENTATION_CONTEXT('2D SPACE',''
  ) );
#3093 = PCURVE('',#3035,#3094);
#3094 = DEFINITIONAL_REPRESENTATION('',(#3095),#3098);
#3095 = B_SPLINE_CURVE_WITH_KNOTS('',1,(#3096,#3097),.UNSPECIFIED.,.F.,
  .F.,(2,2),(-2.6500006,5.999999999062E-07),.PIECEWISE_BEZIER_KNOTS.);
#3096 = CARTESIAN_POINT('',(4.670776972482,-2.6500006));
#3097 = CARTESIAN_POINT('',(4.670776972482,5.999999999062E-07));
#3098 = ( GEOMETRIC_REPRESENTATION_CONTEXT(2) 
PARAMETRIC_REPRESENTATION_CONTEXT() REPRESENTATION_CONTEXT('2D SPACE',''
  ) );
#3099 = ORIENTED_EDGE('',*,*,#3100,.T.);
#3100 = EDGE_CURVE('',#3080,#3101,#3103,.T.);
#3101 = VERTEX_POINT('',#3102);
#3102 = CARTESIAN_POINT('',(19.8,3.114184,4.360225070217));
#3103 = SURFACE_CURVE('',#3104,(#3109,#3116),.PCURVE_S1.);
#3104 = CIRCLE('',#3105,3.125);
#3105 = AXIS2_PLACEMENT_3D('',#3106,#3107,#3108);
#3106 = CARTESIAN_POINT('',(19.8,0.,4.62));
#3107 = DIRECTION('',(1.,0.,0.));
#3108 = DIRECTION('',(-0.,1.,0.));
#3109 = PCURVE('',#265,#3110);
#3110 = DEFINITIONAL_REPRESENTATION('',(#3111),#3115);
#3111 = LINE('',#3112,#3113);
#3112 = CARTESIAN_POINT('',(6.28318530718,0.));
#3113 = VECTOR('',#3114,1.);
#3114 = DIRECTION('',(-1.,0.));
#3115 = ( GEOMETRIC_REPRESENTATION_CONTEXT(2) 
PARAMETRIC_REPRESENTATION_CONTEXT() REPRESENTATION_CONTEXT('2D SPACE',''
  ) );
#3116 = PCURVE('',#304,#3117);
#3117 = DEFINITIONAL_REPRESENTATION('',(#3118),#3122);
#3118 = CIRCLE('',#3119,3.125);
#3119 = AXIS2_PLACEMENT_2D('',#3120,#3121);
#3120 = CARTESIAN_POINT('',(0.,-1.093952106032E-16));
#3121 = DIRECTION('',(0.,-1.));
#3122 = ( GEOMETRIC_REPRESENTATION_CONTEXT(2) 
PARAMETRIC_REPRESENTATION_CONTEXT() REPRESENTATION_CONTEXT('2D SPACE',''
  ) );
#3123 = ORIENTED_EDGE('',*,*,#3124,.F.);
#3124 = EDGE_CURVE('',#3125,#3101,#3127,.T.);
#3125 = VERTEX_POINT('',#3126);
#3126 = CARTESIAN_POINT('',(22.45,3.114184,4.360225070217));
#3127 = SURFACE_CURVE('',#3128,(#3132,#3138),.PCURVE_S1.);
#3128 = LINE('',#3129,#3130);
#3129 = CARTESIAN_POINT('',(19.8,3.114184,4.360225070217));
#3130 = VECTOR('',#3131,1.);
#3131 = DIRECTION('',(-1.,-0.,-0.));
#3132 = PCURVE('',#265,#3133);
#3133 = DEFINITIONAL_REPRESENTATION('',(#3134),#3137);
#3134 = B_SPLINE_CURVE_WITH_KNOTS('',1,(#3135,#3136),.UNSPECIFIED.,.F.,
  .F.,(2,2),(-2.6500006,5.999999999062E-07),.PIECEWISE_BEZIER_KNOTS.);
#3135 = CARTESIAN_POINT('',(8.322401580559E-02,-2.6500006));
#3136 = CARTESIAN_POINT('',(8.322401580559E-02,5.999999999062E-07));
#3137 = ( GEOMETRIC_REPRESENTATION_CONTEXT(2) 
PARAMETRIC_REPRESENTATION_CONTEXT() REPRESENTATION_CONTEXT('2D SPACE',''
  ) );
#3138 = PCURVE('',#276,#3139);
#3139 = DEFINITIONAL_REPRESENTATION('',(#3140),#3143);
#3140 = B_SPLINE_CURVE_WITH_KNOTS('',1,(#3141,#3142),.UNSPECIFIED.,.F.,
  .F.,(2,2),(-2.6500006,5.999999999062E-07),.PIECEWISE_BEZIER_KNOTS.);
#3141 = CARTESIAN_POINT('',(1.612408334698,-2.6500006));
#3142 = CARTESIAN_POINT('',(1.612408334698,5.999999999062E-07));
#3143 = ( GEOMETRIC_REPRESENTATION_CONTEXT(2) 
PARAMETRIC_REPRESENTATION_CONTEXT() REPRESENTATION_CONTEXT('2D SPACE',''
  ) );
#3144 = ORIENTED_EDGE('',*,*,#3145,.F.);
#3145 = EDGE_CURVE('',#3146,#3125,#3148,.T.);
#3146 = VERTEX_POINT('',#3147);
#3147 = CARTESIAN_POINT('',(22.45,3.125,4.62));
#3148 = SURFACE_CURVE('',#3149,(#3154,#3161),.PCURVE_S1.);
#3149 = CIRCLE('',#3150,3.125);
#3150 = AXIS2_PLACEMENT_3D('',#3151,#3152,#3153);
#3151 = CARTESIAN_POINT('',(22.45,0.,4.62));
#3152 = DIRECTION('',(-1.,0.,0.));
#3153 = DIRECTION('',(0.,1.,0.));
#3154 = PCURVE('',#265,#3155);
#3155 = DEFINITIONAL_REPRESENTATION('',(#3156),#3160);
#3156 = LINE('',#3157,#3158);
#3157 = CARTESIAN_POINT('',(-4.138911435803E-13,-2.65));
#3158 = VECTOR('',#3159,1.);
#3159 = DIRECTION('',(1.,-0.));
#3160 = ( GEOMETRIC_REPRESENTATION_CONTEXT(2) 
PARAMETRIC_REPRESENTATION_CONTEXT() REPRESENTATION_CONTEXT('2D SPACE',''
  ) );
#3161 = PCURVE('',#3162,#3167);
#3162 = PLANE('',#3163);
#3163 = AXIS2_PLACEMENT_3D('',#3164,#3165,#3166);
#3164 = CARTESIAN_POINT('',(22.45,3.125,4.62));
#3165 = DIRECTION('',(1.,0.,0.));
#3166 = DIRECTION('',(0.,0.,1.));
#3167 = DEFINITIONAL_REPRESENTATION('',(#3168),#3176);
#3168 = ( BOUNDED_CURVE() B_SPLINE_CURVE(2,(#3169,#3170,#3171,#3172,
#3173,#3174,#3175),.UNSPECIFIED.,.T.,.F.) B_SPLINE_CURVE_WITH_KNOTS((1,2
    ,2,2,2,1),(-2.094395102393,0.,2.094395102393,4.188790204786,
6.28318530718,8.377580409573),.UNSPECIFIED.) CURVE() 
GEOMETRIC_REPRESENTATION_ITEM() RATIONAL_B_SPLINE_CURVE((1.,0.5,1.,0.5,
1.,0.5,1.)) REPRESENTATION_ITEM('') );
#3169 = CARTESIAN_POINT('',(0.,0.));
#3170 = CARTESIAN_POINT('',(-5.412658773653,0.));
#3171 = CARTESIAN_POINT('',(-2.706329386826,4.6875));
#3172 = CARTESIAN_POINT('',(-7.654042494671E-16,9.375));
#3173 = CARTESIAN_POINT('',(2.706329386826,4.6875));
#3174 = CARTESIAN_POINT('',(5.412658773653,4.884981308351E-15));
#3175 = CARTESIAN_POINT('',(0.,0.));
#3176 = ( GEOMETRIC_REPRESENTATION_CONTEXT(2) 
PARAMETRIC_REPRESENTATION_CONTEXT() REPRESENTATION_CONTEXT('2D SPACE',''
  ) );
#3177 = ORIENTED_EDGE('',*,*,#3178,.T.);
#3178 = EDGE_CURVE('',#3146,#3179,#3181,.T.);
#3179 = VERTEX_POINT('',#3180);
#3180 = CARTESIAN_POINT('',(23.65,3.125,4.62));
#3181 = SEAM_CURVE('',#3182,(#3186,#3193),.PCURVE_S1.);
#3182 = LINE('',#3183,#3184);
#3183 = CARTESIAN_POINT('',(19.8,3.125,4.62));
#3184 = VECTOR('',#3185,1.);
#3185 = DIRECTION('',(1.,0.,0.));
#3186 = PCURVE('',#265,#3187);
#3187 = DEFINITIONAL_REPRESENTATION('',(#3188),#3192);
#3188 = LINE('',#3189,#3190);
#3189 = CARTESIAN_POINT('',(-4.138911435803E-13,0.));
#3190 = VECTOR('',#3191,1.);
#3191 = DIRECTION('',(-0.,-1.));
#3192 = ( GEOMETRIC_REPRESENTATION_CONTEXT(2) 
PARAMETRIC_REPRESENTATION_CONTEXT() REPRESENTATION_CONTEXT('2D SPACE',''
  ) );
#3193 = PCURVE('',#265,#3194);
#3194 = DEFINITIONAL_REPRESENTATION('',(#3195),#3199);
#3195 = LINE('',#3196,#3197);
#3196 = CARTESIAN_POINT('',(6.28318530718,0.));
#3197 = VECTOR('',#3198,1.);
#3198 = DIRECTION('',(-0.,-1.));
#3199 = ( GEOMETRIC_REPRESENTATION_CONTEXT(2) 
PARAMETRIC_REPRESENTATION_CONTEXT() REPRESENTATION_CONTEXT('2D SPACE',''
  ) );
#3200 = ORIENTED_EDGE('',*,*,#3201,.F.);
#3201 = EDGE_CURVE('',#3179,#3179,#3202,.T.);
#3202 = SURFACE_CURVE('',#3203,(#3208,#3215),.PCURVE_S1.);
#3203 = CIRCLE('',#3204,3.125);
#3204 = AXIS2_PLACEMENT_3D('',#3205,#3206,#3207);
#3205 = CARTESIAN_POINT('',(23.65,0.,4.62));
#3206 = DIRECTION('',(1.,0.,0.));
#3207 = DIRECTION('',(-0.,1.,0.));
#3208 = PCURVE('',#265,#3209);
#3209 = DEFINITIONAL_REPRESENTATION('',(#3210),#3214);
#3210 = LINE('',#3211,#3212);
#3211 = CARTESIAN_POINT('',(6.28318530718,-3.85));
#3212 = VECTOR('',#3213,1.);
#3213 = DIRECTION('',(-1.,0.));
#3214 = ( GEOMETRIC_REPRESENTATION_CONTEXT(2) 
PARAMETRIC_REPRESENTATION_CONTEXT() REPRESENTATION_CONTEXT('2D SPACE',''
  ) );
#3215 = PCURVE('',#3216,#3221);
#3216 = PLANE('',#3217);
#3217 = AXIS2_PLACEMENT_3D('',#3218,#3219,#3220);
#3218 = CARTESIAN_POINT('',(23.65,-1.093952106032E-16,4.62));
#3219 = DIRECTION('',(1.,0.,0.));
#3220 = DIRECTION('',(-0.,0.,1.));
#3221 = DEFINITIONAL_REPRESENTATION('',(#3222),#3226);
#3222 = CIRCLE('',#3223,3.125);
#3223 = AXIS2_PLACEMENT_2D('',#3224,#3225);
#3224 = CARTESIAN_POINT('',(0.,-1.093952106032E-16));
#3225 = DIRECTION('',(0.,-1.));
#3226 = ( GEOMETRIC_REPRESENTATION_CONTEXT(2) 
PARAMETRIC_REPRESENTATION_CONTEXT() REPRESENTATION_CONTEXT('2D SPACE',''
  ) );
#3227 = ORIENTED_EDGE('',*,*,#3178,.F.);
#3228 = ORIENTED_EDGE('',*,*,#3229,.F.);
#3229 = EDGE_CURVE('',#255,#3146,#3230,.T.);
#3230 = SURFACE_CURVE('',#3231,(#3236,#3243),.PCURVE_S1.);
#3231 = CIRCLE('',#3232,3.125);
#3232 = AXIS2_PLACEMENT_3D('',#3233,#3234,#3235);
#3233 = CARTESIAN_POINT('',(22.45,0.,4.62));
#3234 = DIRECTION('',(-1.,0.,0.));
#3235 = DIRECTION('',(0.,1.,0.));
#3236 = PCURVE('',#265,#3237);
#3237 = DEFINITIONAL_REPRESENTATION('',(#3238),#3242);
#3238 = LINE('',#3239,#3240);
#3239 = CARTESIAN_POINT('',(-4.138911435803E-13,-2.65));
#3240 = VECTOR('',#3241,1.);
#3241 = DIRECTION('',(1.,-0.));
#3242 = ( GEOMETRIC_REPRESENTATION_CONTEXT(2) 
PARAMETRIC_REPRESENTATION_CONTEXT() REPRESENTATION_CONTEXT('2D SPACE',''
  ) );
#3243 = PCURVE('',#3162,#3244);
#3244 = DEFINITIONAL_REPRESENTATION('',(#3245),#3253);
#3245 = ( BOUNDED_CURVE() B_SPLINE_CURVE(2,(#3246,#3247,#3248,#3249,
#3250,#3251,#3252),.UNSPECIFIED.,.T.,.F.) B_SPLINE_CURVE_WITH_KNOTS((1,2
    ,2,2,2,1),(-2.094395102393,0.,2.094395102393,4.188790204786,
6.28318530718,8.377580409573),.UNSPECIFIED.) CURVE() 
GEOMETRIC_REPRESENTATION_ITEM() RATIONAL_B_SPLINE_CURVE((1.,0.5,1.,0.5,
1.,0.5,1.)) REPRESENTATION_ITEM('') );
#3246 = CARTESIAN_POINT('',(0.,0.));
#3247 = CARTESIAN_POINT('',(-5.412658773653,0.));
#3248 = CARTESIAN_POINT('',(-2.706329386826,4.6875));
#3249 = CARTESIAN_POINT('',(-7.654042494671E-16,9.375));
#3250 = CARTESIAN_POINT('',(2.706329386826,4.6875));
#3251 = CARTESIAN_POINT('',(5.412658773653,4.884981308351E-15));
#3252 = CARTESIAN_POINT('',(0.,0.));
#3253 = ( GEOMETRIC_REPRESENTATION_CONTEXT(2) 
PARAMETRIC_REPRESENTATION_CONTEXT() REPRESENTATION_CONTEXT('2D SPACE',''
  ) );
#3254 = ADVANCED_FACE('',(#3255),#3162,.F.);
#3255 = FACE_BOUND('',#3256,.F.);
#3256 = EDGE_LOOP('',(#3257,#3258,#3280));
#3257 = ORIENTED_EDGE('',*,*,#3229,.F.);
#3258 = ORIENTED_EDGE('',*,*,#3259,.T.);
#3259 = EDGE_CURVE('',#255,#3125,#3260,.T.);
#3260 = SURFACE_CURVE('',#3261,(#3266,#3273),.PCURVE_S1.);
#3261 = CIRCLE('',#3262,0.26);
#3262 = AXIS2_PLACEMENT_3D('',#3263,#3264,#3265);
#3263 = CARTESIAN_POINT('',(22.45,3.125,4.62));
#3264 = DIRECTION('',(1.,0.,0.));
#3265 = DIRECTION('',(-0.,1.,0.));
#3266 = PCURVE('',#3162,#3267);
#3267 = DEFINITIONAL_REPRESENTATION('',(#3268),#3272);
#3268 = CIRCLE('',#3269,0.26);
#3269 = AXIS2_PLACEMENT_2D('',#3270,#3271);
#3270 = CARTESIAN_POINT('',(0.,0.));
#3271 = DIRECTION('',(0.,-1.));
#3272 = ( GEOMETRIC_REPRESENTATION_CONTEXT(2) 
PARAMETRIC_REPRESENTATION_CONTEXT() REPRESENTATION_CONTEXT('2D SPACE',''
  ) );
#3273 = PCURVE('',#276,#3274);
#3274 = DEFINITIONAL_REPRESENTATION('',(#3275),#3279);
#3275 = LINE('',#3276,#3277);
#3276 = CARTESIAN_POINT('',(6.28318530718,-2.65));
#3277 = VECTOR('',#3278,1.);
#3278 = DIRECTION('',(-1.,0.));
#3279 = ( GEOMETRIC_REPRESENTATION_CONTEXT(2) 
PARAMETRIC_REPRESENTATION_CONTEXT() REPRESENTATION_CONTEXT('2D SPACE',''
  ) );
#3280 = ORIENTED_EDGE('',*,*,#3145,.F.);
#3281 = ADVANCED_FACE('',(#3282),#276,.F.);
#3282 = FACE_BOUND('',#3283,.F.);
#3283 = EDGE_LOOP('',(#3284,#3285,#3286,#3287));
#3284 = ORIENTED_EDGE('',*,*,#3124,.F.);
#3285 = ORIENTED_EDGE('',*,*,#3259,.F.);
#3286 = ORIENTED_EDGE('',*,*,#254,.T.);
#3287 = ORIENTED_EDGE('',*,*,#3288,.T.);
#3288 = EDGE_CURVE('',#257,#3101,#3289,.T.);
#3289 = SURFACE_CURVE('',#3290,(#3295,#3302),.PCURVE_S1.);
#3290 = CIRCLE('',#3291,0.26);
#3291 = AXIS2_PLACEMENT_3D('',#3292,#3293,#3294);
#3292 = CARTESIAN_POINT('',(19.8,3.125,4.62));
#3293 = DIRECTION('',(1.,0.,0.));
#3294 = DIRECTION('',(-0.,1.,0.));
#3295 = PCURVE('',#276,#3296);
#3296 = DEFINITIONAL_REPRESENTATION('',(#3297),#3301);
#3297 = LINE('',#3298,#3299);
#3298 = CARTESIAN_POINT('',(6.28318530718,0.));
#3299 = VECTOR('',#3300,1.);
#3300 = DIRECTION('',(-1.,0.));
#3301 = ( GEOMETRIC_REPRESENTATION_CONTEXT(2) 
PARAMETRIC_REPRESENTATION_CONTEXT() REPRESENTATION_CONTEXT('2D SPACE',''
  ) );
#3302 = PCURVE('',#304,#3303);
#3303 = DEFINITIONAL_REPRESENTATION('',(#3304),#3308);
#3304 = CIRCLE('',#3305,0.26);
#3305 = AXIS2_PLACEMENT_2D('',#3306,#3307);
#3306 = CARTESIAN_POINT('',(0.,-3.125));
#3307 = DIRECTION('',(0.,-1.));
#3308 = ( GEOMETRIC_REPRESENTATION_CONTEXT(2) 
PARAMETRIC_REPRESENTATION_CONTEXT() REPRESENTATION_CONTEXT('2D SPACE',''
  ) );
#3309 = ADVANCED_FACE('',(#3310,#3935),#304,.F.);
#3310 = FACE_BOUND('',#3311,.F.);
#3311 = EDGE_LOOP('',(#3312,#3313,#3314,#3336,#3337,#3359,#3360,#3382,
    #3383,#3405,#3406,#3428,#3429,#3451,#3452,#3474,#3475,#3497,#3498,
    #3520,#3521,#3543,#3544,#3566,#3567,#3589,#3590,#3612,#3613,#3635,
    #3636,#3658,#3659,#3681,#3682,#3704,#3705,#3727,#3728,#3750,#3751,
    #3773,#3774,#3796,#3797,#3819,#3820,#3842,#3843,#3865,#3866,#3888,
    #3889,#3911,#3912,#3934));
#3312 = ORIENTED_EDGE('',*,*,#3288,.F.);
#3313 = ORIENTED_EDGE('',*,*,#287,.T.);
#3314 = ORIENTED_EDGE('',*,*,#3315,.F.);
#3315 = EDGE_CURVE('',#376,#288,#3316,.T.);
#3316 = SURFACE_CURVE('',#3317,(#3322,#3329),.PCURVE_S1.);
#3317 = CIRCLE('',#3318,0.26);
#3318 = AXIS2_PLACEMENT_3D('',#3319,#3320,#3321);
#3319 = CARTESIAN_POINT('',(19.8,3.046649725568,5.315377918613));
#3320 = DIRECTION('',(1.,0.,-0.));
#3321 = DIRECTION('',(0.,0.974927912182,0.222520933956));
#3322 = PCURVE('',#304,#3323);
#3323 = DEFINITIONAL_REPRESENTATION('',(#3324),#3328);
#3324 = CIRCLE('',#3325,0.26);
#3325 = AXIS2_PLACEMENT_2D('',#3326,#3327);
#3326 = CARTESIAN_POINT('',(0.695377918613,-3.046649725568));
#3327 = DIRECTION('',(0.222520933956,-0.974927912182));
#3328 = ( GEOMETRIC_REPRESENTATION_CONTEXT(2) 
PARAMETRIC_REPRESENTATION_CONTEXT() REPRESENTATION_CONTEXT('2D SPACE',''
  ) );
#3329 = PCURVE('',#331,#3330);
#3330 = DEFINITIONAL_REPRESENTATION('',(#3331),#3335);
#3331 = LINE('',#3332,#3333);
#3332 = CARTESIAN_POINT('',(6.28318530718,0.));
#3333 = VECTOR('',#3334,1.);
#3334 = DIRECTION('',(-1.,0.));
#3335 = ( GEOMETRIC_REPRESENTATION_CONTEXT(2) 
PARAMETRIC_REPRESENTATION_CONTEXT() REPRESENTATION_CONTEXT('2D SPACE',''
  ) );
#3336 = ORIENTED_EDGE('',*,*,#396,.T.);
#3337 = ORIENTED_EDGE('',*,*,#3338,.F.);
#3338 = EDGE_CURVE('',#480,#397,#3339,.T.);
#3339 = SURFACE_CURVE('',#3340,(#3345,#3352),.PCURVE_S1.);
#3340 = CIRCLE('',#3341,0.26);
#3341 = AXIS2_PLACEMENT_3D('',#3342,#3343,#3344);
#3342 = CARTESIAN_POINT('',(19.8,2.815527712195,5.975886684742));
#3343 = DIRECTION('',(1.,0.,-0.));
#3344 = DIRECTION('',(0.,0.900968867902,0.433883739118));
#3345 = PCURVE('',#304,#3346);
#3346 = DEFINITIONAL_REPRESENTATION('',(#3347),#3351);
#3347 = CIRCLE('',#3348,0.26);
#3348 = AXIS2_PLACEMENT_2D('',#3349,#3350);
#3349 = CARTESIAN_POINT('',(1.355886684742,-2.815527712195));
#3350 = DIRECTION('',(0.433883739118,-0.900968867902));
#3351 = ( GEOMETRIC_REPRESENTATION_CONTEXT(2) 
PARAMETRIC_REPRESENTATION_CONTEXT() REPRESENTATION_CONTEXT('2D SPACE',''
  ) );
#3352 = PCURVE('',#435,#3353);
#3353 = DEFINITIONAL_REPRESENTATION('',(#3354),#3358);
#3354 = LINE('',#3355,#3356);
#3355 = CARTESIAN_POINT('',(6.28318530718,0.));
#3356 = VECTOR('',#3357,1.);
#3357 = DIRECTION('',(-1.,0.));
#3358 = ( GEOMETRIC_REPRESENTATION_CONTEXT(2) 
PARAMETRIC_REPRESENTATION_CONTEXT() REPRESENTATION_CONTEXT('2D SPACE',''
  ) );
#3359 = ORIENTED_EDGE('',*,*,#500,.T.);
#3360 = ORIENTED_EDGE('',*,*,#3361,.F.);
#3361 = EDGE_CURVE('',#584,#501,#3362,.T.);
#3362 = SURFACE_CURVE('',#3363,(#3368,#3375),.PCURVE_S1.);
#3363 = CIRCLE('',#3364,0.26);
#3364 = AXIS2_PLACEMENT_3D('',#3365,#3366,#3367);
#3365 = CARTESIAN_POINT('',(19.8,2.443223382713,6.568405630809));
#3366 = DIRECTION('',(1.,0.,-0.));
#3367 = DIRECTION('',(0.,0.781831482468,0.623489801859));
#3368 = PCURVE('',#304,#3369);
#3369 = DEFINITIONAL_REPRESENTATION('',(#3370),#3374);
#3370 = CIRCLE('',#3371,0.26);
#3371 = AXIS2_PLACEMENT_2D('',#3372,#3373);
#3372 = CARTESIAN_POINT('',(1.948405630809,-2.443223382713));
#3373 = DIRECTION('',(0.623489801859,-0.781831482468));
#3374 = ( GEOMETRIC_REPRESENTATION_CONTEXT(2) 
PARAMETRIC_REPRESENTATION_CONTEXT() REPRESENTATION_CONTEXT('2D SPACE',''
  ) );
#3375 = PCURVE('',#539,#3376);
#3376 = DEFINITIONAL_REPRESENTATION('',(#3377),#3381);
#3377 = LINE('',#3378,#3379);
#3378 = CARTESIAN_POINT('',(6.28318530718,0.));
#3379 = VECTOR('',#3380,1.);
#3380 = DIRECTION('',(-1.,0.));
#3381 = ( GEOMETRIC_REPRESENTATION_CONTEXT(2) 
PARAMETRIC_REPRESENTATION_CONTEXT() REPRESENTATION_CONTEXT('2D SPACE',''
  ) );
#3382 = ORIENTED_EDGE('',*,*,#604,.T.);
#3383 = ORIENTED_EDGE('',*,*,#3384,.F.);
#3384 = EDGE_CURVE('',#688,#605,#3385,.T.);
#3385 = SURFACE_CURVE('',#3386,(#3391,#3398),.PCURVE_S1.);
#3386 = CIRCLE('',#3387,0.26);
#3387 = AXIS2_PLACEMENT_3D('',#3388,#3389,#3390);
#3388 = CARTESIAN_POINT('',(19.8,1.948405630809,7.063223382713));
#3389 = DIRECTION('',(1.,0.,-0.));
#3390 = DIRECTION('',(0.,0.623489801859,0.781831482468));
#3391 = PCURVE('',#304,#3392);
#3392 = DEFINITIONAL_REPRESENTATION('',(#3393),#3397);
#3393 = CIRCLE('',#3394,0.26);
#3394 = AXIS2_PLACEMENT_2D('',#3395,#3396);
#3395 = CARTESIAN_POINT('',(2.443223382713,-1.948405630809));
#3396 = DIRECTION('',(0.781831482468,-0.623489801859));
#3397 = ( GEOMETRIC_REPRESENTATION_CONTEXT(2) 
PARAMETRIC_REPRESENTATION_CONTEXT() REPRESENTATION_CONTEXT('2D SPACE',''
  ) );
#3398 = PCURVE('',#643,#3399);
#3399 = DEFINITIONAL_REPRESENTATION('',(#3400),#3404);
#3400 = LINE('',#3401,#3402);
#3401 = CARTESIAN_POINT('',(6.28318530718,0.));
#3402 = VECTOR('',#3403,1.);
#3403 = DIRECTION('',(-1.,0.));
#3404 = ( GEOMETRIC_REPRESENTATION_CONTEXT(2) 
PARAMETRIC_REPRESENTATION_CONTEXT() REPRESENTATION_CONTEXT('2D SPACE',''
  ) );
#3405 = ORIENTED_EDGE('',*,*,#708,.T.);
#3406 = ORIENTED_EDGE('',*,*,#3407,.F.);
#3407 = EDGE_CURVE('',#792,#709,#3408,.T.);
#3408 = SURFACE_CURVE('',#3409,(#3414,#3421),.PCURVE_S1.);
#3409 = CIRCLE('',#3410,0.26);
#3410 = AXIS2_PLACEMENT_3D('',#3411,#3412,#3413);
#3411 = CARTESIAN_POINT('',(19.8,1.355886684742,7.435527712195));
#3412 = DIRECTION('',(1.,0.,-0.));
#3413 = DIRECTION('',(0.,0.433883739118,0.900968867902));
#3414 = PCURVE('',#304,#3415);
#3415 = DEFINITIONAL_REPRESENTATION('',(#3416),#3420);
#3416 = CIRCLE('',#3417,0.26);
#3417 = AXIS2_PLACEMENT_2D('',#3418,#3419);
#3418 = CARTESIAN_POINT('',(2.815527712195,-1.355886684742));
#3419 = DIRECTION('',(0.900968867902,-0.433883739118));
#3420 = ( GEOMETRIC_REPRESENTATION_CONTEXT(2) 
PARAMETRIC_REPRESENTATION_CONTEXT() REPRESENTATION_CONTEXT('2D SPACE',''
  ) );
#3421 = PCURVE('',#747,#3422);
#3422 = DEFINITIONAL_REPRESENTATION('',(#3423),#3427);
#3423 = LINE('',#3424,#3425);
#3424 = CARTESIAN_POINT('',(6.28318530718,0.));
#3425 = VECTOR('',#3426,1.);
#3426 = DIRECTION('',(-1.,0.));
#3427 = ( GEOMETRIC_REPRESENTATION_CONTEXT(2) 
PARAMETRIC_REPRESENTATION_CONTEXT() REPRESENTATION_CONTEXT('2D SPACE',''
  ) );
#3428 = ORIENTED_EDGE('',*,*,#812,.T.);
#3429 = ORIENTED_EDGE('',*,*,#3430,.F.);
#3430 = EDGE_CURVE('',#896,#813,#3431,.T.);
#3431 = SURFACE_CURVE('',#3432,(#3437,#3444),.PCURVE_S1.);
#3432 = CIRCLE('',#3433,0.26);
#3433 = AXIS2_PLACEMENT_3D('',#3434,#3435,#3436);
#3434 = CARTESIAN_POINT('',(19.8,0.695377918613,7.666649725568));
#3435 = DIRECTION('',(1.,0.,-0.));
#3436 = DIRECTION('',(0.,0.222520933956,0.974927912182));
#3437 = PCURVE('',#304,#3438);
#3438 = DEFINITIONAL_REPRESENTATION('',(#3439),#3443);
#3439 = CIRCLE('',#3440,0.26);
#3440 = AXIS2_PLACEMENT_2D('',#3441,#3442);
#3441 = CARTESIAN_POINT('',(3.046649725568,-0.695377918613));
#3442 = DIRECTION('',(0.974927912182,-0.222520933956));
#3443 = ( GEOMETRIC_REPRESENTATION_CONTEXT(2) 
PARAMETRIC_REPRESENTATION_CONTEXT() REPRESENTATION_CONTEXT('2D SPACE',''
  ) );
#3444 = PCURVE('',#851,#3445);
#3445 = DEFINITIONAL_REPRESENTATION('',(#3446),#3450);
#3446 = LINE('',#3447,#3448);
#3447 = CARTESIAN_POINT('',(6.28318530718,0.));
#3448 = VECTOR('',#3449,1.);
#3449 = DIRECTION('',(-1.,0.));
#3450 = ( GEOMETRIC_REPRESENTATION_CONTEXT(2) 
PARAMETRIC_REPRESENTATION_CONTEXT() REPRESENTATION_CONTEXT('2D SPACE',''
  ) );
#3451 = ORIENTED_EDGE('',*,*,#916,.T.);
#3452 = ORIENTED_EDGE('',*,*,#3453,.F.);
#3453 = EDGE_CURVE('',#1000,#917,#3454,.T.);
#3454 = SURFACE_CURVE('',#3455,(#3460,#3467),.PCURVE_S1.);
#3455 = CIRCLE('',#3456,0.26);
#3456 = AXIS2_PLACEMENT_3D('',#3457,#3458,#3459);
#3457 = CARTESIAN_POINT('',(19.8,0.,7.745));
#3458 = DIRECTION('',(1.,0.,-0.));
#3459 = DIRECTION('',(0.,1.110223024625E-16,1.));
#3460 = PCURVE('',#304,#3461);
#3461 = DEFINITIONAL_REPRESENTATION('',(#3462),#3466);
#3462 = CIRCLE('',#3463,0.26);
#3463 = AXIS2_PLACEMENT_2D('',#3464,#3465);
#3464 = CARTESIAN_POINT('',(3.125,-1.093952106032E-16));
#3465 = DIRECTION('',(1.,-1.110223024625E-16));
#3466 = ( GEOMETRIC_REPRESENTATION_CONTEXT(2) 
PARAMETRIC_REPRESENTATION_CONTEXT() REPRESENTATION_CONTEXT('2D SPACE',''
  ) );
#3467 = PCURVE('',#955,#3468);
#3468 = DEFINITIONAL_REPRESENTATION('',(#3469),#3473);
#3469 = LINE('',#3470,#3471);
#3470 = CARTESIAN_POINT('',(6.28318530718,0.));
#3471 = VECTOR('',#3472,1.);
#3472 = DIRECTION('',(-1.,0.));
#3473 = ( GEOMETRIC_REPRESENTATION_CONTEXT(2) 
PARAMETRIC_REPRESENTATION_CONTEXT() REPRESENTATION_CONTEXT('2D SPACE',''
  ) );
#3474 = ORIENTED_EDGE('',*,*,#1020,.T.);
#3475 = ORIENTED_EDGE('',*,*,#3476,.F.);
#3476 = EDGE_CURVE('',#1104,#1021,#3477,.T.);
#3477 = SURFACE_CURVE('',#3478,(#3483,#3490),.PCURVE_S1.);
#3478 = CIRCLE('',#3479,0.26);
#3479 = AXIS2_PLACEMENT_3D('',#3480,#3481,#3482);
#3480 = CARTESIAN_POINT('',(19.8,-0.695377918613,7.666649725568));
#3481 = DIRECTION('',(1.,0.,0.));
#3482 = DIRECTION('',(0.,-0.222520933956,0.974927912182));
#3483 = PCURVE('',#304,#3484);
#3484 = DEFINITIONAL_REPRESENTATION('',(#3485),#3489);
#3485 = CIRCLE('',#3486,0.26);
#3486 = AXIS2_PLACEMENT_2D('',#3487,#3488);
#3487 = CARTESIAN_POINT('',(3.046649725568,0.695377918613));
#3488 = DIRECTION('',(0.974927912182,0.222520933956));
#3489 = ( GEOMETRIC_REPRESENTATION_CONTEXT(2) 
PARAMETRIC_REPRESENTATION_CONTEXT() REPRESENTATION_CONTEXT('2D SPACE',''
  ) );
#3490 = PCURVE('',#1059,#3491);
#3491 = DEFINITIONAL_REPRESENTATION('',(#3492),#3496);
#3492 = LINE('',#3493,#3494);
#3493 = CARTESIAN_POINT('',(6.28318530718,0.));
#3494 = VECTOR('',#3495,1.);
#3495 = DIRECTION('',(-1.,0.));
#3496 = ( GEOMETRIC_REPRESENTATION_CONTEXT(2) 
PARAMETRIC_REPRESENTATION_CONTEXT() REPRESENTATION_CONTEXT('2D SPACE',''
  ) );
#3497 = ORIENTED_EDGE('',*,*,#1124,.T.);
#3498 = ORIENTED_EDGE('',*,*,#3499,.F.);
#3499 = EDGE_CURVE('',#1208,#1125,#3500,.T.);
#3500 = SURFACE_CURVE('',#3501,(#3506,#3513),.PCURVE_S1.);
#3501 = CIRCLE('',#3502,0.26);
#3502 = AXIS2_PLACEMENT_3D('',#3503,#3504,#3505);
#3503 = CARTESIAN_POINT('',(19.8,-1.355886684742,7.435527712195));
#3504 = DIRECTION('',(1.,0.,0.));
#3505 = DIRECTION('',(0.,-0.433883739118,0.900968867902));
#3506 = PCURVE('',#304,#3507);
#3507 = DEFINITIONAL_REPRESENTATION('',(#3508),#3512);
#3508 = CIRCLE('',#3509,0.26);
#3509 = AXIS2_PLACEMENT_2D('',#3510,#3511);
#3510 = CARTESIAN_POINT('',(2.815527712195,1.355886684742));
#3511 = DIRECTION('',(0.900968867902,0.433883739118));
#3512 = ( GEOMETRIC_REPRESENTATION_CONTEXT(2) 
PARAMETRIC_REPRESENTATION_CONTEXT() REPRESENTATION_CONTEXT('2D SPACE',''
  ) );
#3513 = PCURVE('',#1163,#3514);
#3514 = DEFINITIONAL_REPRESENTATION('',(#3515),#3519);
#3515 = LINE('',#3516,#3517);
#3516 = CARTESIAN_POINT('',(6.28318530718,0.));
#3517 = VECTOR('',#3518,1.);
#3518 = DIRECTION('',(-1.,0.));
#3519 = ( GEOMETRIC_REPRESENTATION_CONTEXT(2) 
PARAMETRIC_REPRESENTATION_CONTEXT() REPRESENTATION_CONTEXT('2D SPACE',''
  ) );
#3520 = ORIENTED_EDGE('',*,*,#1228,.T.);
#3521 = ORIENTED_EDGE('',*,*,#3522,.F.);
#3522 = EDGE_CURVE('',#1312,#1229,#3523,.T.);
#3523 = SURFACE_CURVE('',#3524,(#3529,#3536),.PCURVE_S1.);
#3524 = CIRCLE('',#3525,0.26);
#3525 = AXIS2_PLACEMENT_3D('',#3526,#3527,#3528);
#3526 = CARTESIAN_POINT('',(19.8,-1.948405630809,7.063223382713));
#3527 = DIRECTION('',(1.,0.,0.));
#3528 = DIRECTION('',(0.,-0.623489801859,0.781831482468));
#3529 = PCURVE('',#304,#3530);
#3530 = DEFINITIONAL_REPRESENTATION('',(#3531),#3535);
#3531 = CIRCLE('',#3532,0.26);
#3532 = AXIS2_PLACEMENT_2D('',#3533,#3534);
#3533 = CARTESIAN_POINT('',(2.443223382713,1.948405630809));
#3534 = DIRECTION('',(0.781831482468,0.623489801859));
#3535 = ( GEOMETRIC_REPRESENTATION_CONTEXT(2) 
PARAMETRIC_REPRESENTATION_CONTEXT() REPRESENTATION_CONTEXT('2D SPACE',''
  ) );
#3536 = PCURVE('',#1267,#3537);
#3537 = DEFINITIONAL_REPRESENTATION('',(#3538),#3542);
#3538 = LINE('',#3539,#3540);
#3539 = CARTESIAN_POINT('',(6.28318530718,0.));
#3540 = VECTOR('',#3541,1.);
#3541 = DIRECTION('',(-1.,0.));
#3542 = ( GEOMETRIC_REPRESENTATION_CONTEXT(2) 
PARAMETRIC_REPRESENTATION_CONTEXT() REPRESENTATION_CONTEXT('2D SPACE',''
  ) );
#3543 = ORIENTED_EDGE('',*,*,#1332,.T.);
#3544 = ORIENTED_EDGE('',*,*,#3545,.F.);
#3545 = EDGE_CURVE('',#1416,#1333,#3546,.T.);
#3546 = SURFACE_CURVE('',#3547,(#3552,#3559),.PCURVE_S1.);
#3547 = CIRCLE('',#3548,0.26);
#3548 = AXIS2_PLACEMENT_3D('',#3549,#3550,#3551);
#3549 = CARTESIAN_POINT('',(19.8,-2.443223382713,6.568405630809));
#3550 = DIRECTION('',(1.,0.,0.));
#3551 = DIRECTION('',(0.,-0.781831482468,0.623489801859));
#3552 = PCURVE('',#304,#3553);
#3553 = DEFINITIONAL_REPRESENTATION('',(#3554),#3558);
#3554 = CIRCLE('',#3555,0.26);
#3555 = AXIS2_PLACEMENT_2D('',#3556,#3557);
#3556 = CARTESIAN_POINT('',(1.948405630809,2.443223382713));
#3557 = DIRECTION('',(0.623489801859,0.781831482468));
#3558 = ( GEOMETRIC_REPRESENTATION_CONTEXT(2) 
PARAMETRIC_REPRESENTATION_CONTEXT() REPRESENTATION_CONTEXT('2D SPACE',''
  ) );
#3559 = PCURVE('',#1371,#3560);
#3560 = DEFINITIONAL_REPRESENTATION('',(#3561),#3565);
#3561 = LINE('',#3562,#3563);
#3562 = CARTESIAN_POINT('',(6.28318530718,0.));
#3563 = VECTOR('',#3564,1.);
#3564 = DIRECTION('',(-1.,0.));
#3565 = ( GEOMETRIC_REPRESENTATION_CONTEXT(2) 
PARAMETRIC_REPRESENTATION_CONTEXT() REPRESENTATION_CONTEXT('2D SPACE',''
  ) );
#3566 = ORIENTED_EDGE('',*,*,#1436,.T.);
#3567 = ORIENTED_EDGE('',*,*,#3568,.F.);
#3568 = EDGE_CURVE('',#1520,#1437,#3569,.T.);
#3569 = SURFACE_CURVE('',#3570,(#3575,#3582),.PCURVE_S1.);
#3570 = CIRCLE('',#3571,0.26);
#3571 = AXIS2_PLACEMENT_3D('',#3572,#3573,#3574);
#3572 = CARTESIAN_POINT('',(19.8,-2.815527712195,5.975886684742));
#3573 = DIRECTION('',(1.,0.,0.));
#3574 = DIRECTION('',(0.,-0.900968867902,0.433883739118));
#3575 = PCURVE('',#304,#3576);
#3576 = DEFINITIONAL_REPRESENTATION('',(#3577),#3581);
#3577 = CIRCLE('',#3578,0.26);
#3578 = AXIS2_PLACEMENT_2D('',#3579,#3580);
#3579 = CARTESIAN_POINT('',(1.355886684742,2.815527712195));
#3580 = DIRECTION('',(0.433883739118,0.900968867902));
#3581 = ( GEOMETRIC_REPRESENTATION_CONTEXT(2) 
PARAMETRIC_REPRESENTATION_CONTEXT() REPRESENTATION_CONTEXT('2D SPACE',''
  ) );
#3582 = PCURVE('',#1475,#3583);
#3583 = DEFINITIONAL_REPRESENTATION('',(#3584),#3588);
#3584 = LINE('',#3585,#3586);
#3585 = CARTESIAN_POINT('',(6.28318530718,0.));
#3586 = VECTOR('',#3587,1.);
#3587 = DIRECTION('',(-1.,0.));
#3588 = ( GEOMETRIC_REPRESENTATION_CONTEXT(2) 
PARAMETRIC_REPRESENTATION_CONTEXT() REPRESENTATION_CONTEXT('2D SPACE',''
  ) );
#3589 = ORIENTED_EDGE('',*,*,#1540,.T.);
#3590 = ORIENTED_EDGE('',*,*,#3591,.F.);
#3591 = EDGE_CURVE('',#1624,#1541,#3592,.T.);
#3592 = SURFACE_CURVE('',#3593,(#3598,#3605),.PCURVE_S1.);
#3593 = CIRCLE('',#3594,0.26);
#3594 = AXIS2_PLACEMENT_3D('',#3595,#3596,#3597);
#3595 = CARTESIAN_POINT('',(19.8,-3.046649725568,5.315377918613));
#3596 = DIRECTION('',(1.,0.,0.));
#3597 = DIRECTION('',(0.,-0.974927912182,0.222520933956));
#3598 = PCURVE('',#304,#3599);
#3599 = DEFINITIONAL_REPRESENTATION('',(#3600),#3604);
#3600 = CIRCLE('',#3601,0.26);
#3601 = AXIS2_PLACEMENT_2D('',#3602,#3603);
#3602 = CARTESIAN_POINT('',(0.695377918613,3.046649725568));
#3603 = DIRECTION('',(0.222520933956,0.974927912182));
#3604 = ( GEOMETRIC_REPRESENTATION_CONTEXT(2) 
PARAMETRIC_REPRESENTATION_CONTEXT() REPRESENTATION_CONTEXT('2D SPACE',''
  ) );
#3605 = PCURVE('',#1579,#3606);
#3606 = DEFINITIONAL_REPRESENTATION('',(#3607),#3611);
#3607 = LINE('',#3608,#3609);
#3608 = CARTESIAN_POINT('',(6.28318530718,0.));
#3609 = VECTOR('',#3610,1.);
#3610 = DIRECTION('',(-1.,0.));
#3611 = ( GEOMETRIC_REPRESENTATION_CONTEXT(2) 
PARAMETRIC_REPRESENTATION_CONTEXT() REPRESENTATION_CONTEXT('2D SPACE',''
  ) );
#3612 = ORIENTED_EDGE('',*,*,#1644,.T.);
#3613 = ORIENTED_EDGE('',*,*,#3614,.F.);
#3614 = EDGE_CURVE('',#1728,#1645,#3615,.T.);
#3615 = SURFACE_CURVE('',#3616,(#3621,#3628),.PCURVE_S1.);
#3616 = CIRCLE('',#3617,0.26);
#3617 = AXIS2_PLACEMENT_3D('',#3618,#3619,#3620);
#3618 = CARTESIAN_POINT('',(19.8,-3.125,4.62));
#3619 = DIRECTION('',(1.,0.,0.));
#3620 = DIRECTION('',(0.,-1.,1.224646799147E-16));
#3621 = PCURVE('',#304,#3622);
#3622 = DEFINITIONAL_REPRESENTATION('',(#3623),#3627);
#3623 = CIRCLE('',#3624,0.26);
#3624 = AXIS2_PLACEMENT_2D('',#3625,#3626);
#3625 = CARTESIAN_POINT('',(0.,3.125));
#3626 = DIRECTION('',(1.224646799147E-16,1.));
#3627 = ( GEOMETRIC_REPRESENTATION_CONTEXT(2) 
PARAMETRIC_REPRESENTATION_CONTEXT() REPRESENTATION_CONTEXT('2D SPACE',''
  ) );
#3628 = PCURVE('',#1683,#3629);
#3629 = DEFINITIONAL_REPRESENTATION('',(#3630),#3634);
#3630 = LINE('',#3631,#3632);
#3631 = CARTESIAN_POINT('',(6.28318530718,0.));
#3632 = VECTOR('',#3633,1.);
#3633 = DIRECTION('',(-1.,0.));
#3634 = ( GEOMETRIC_REPRESENTATION_CONTEXT(2) 
PARAMETRIC_REPRESENTATION_CONTEXT() REPRESENTATION_CONTEXT('2D SPACE',''
  ) );
#3635 = ORIENTED_EDGE('',*,*,#1748,.T.);
#3636 = ORIENTED_EDGE('',*,*,#3637,.F.);
#3637 = EDGE_CURVE('',#1832,#1749,#3638,.T.);
#3638 = SURFACE_CURVE('',#3639,(#3644,#3651),.PCURVE_S1.);
#3639 = CIRCLE('',#3640,0.26);
#3640 = AXIS2_PLACEMENT_3D('',#3641,#3642,#3643);
#3641 = CARTESIAN_POINT('',(19.8,-3.046649725568,3.924622081387));
#3642 = DIRECTION('',(1.,0.,0.));
#3643 = DIRECTION('',(0.,-0.974927912182,-0.222520933956));
#3644 = PCURVE('',#304,#3645);
#3645 = DEFINITIONAL_REPRESENTATION('',(#3646),#3650);
#3646 = CIRCLE('',#3647,0.26);
#3647 = AXIS2_PLACEMENT_2D('',#3648,#3649);
#3648 = CARTESIAN_POINT('',(-0.695377918613,3.046649725568));
#3649 = DIRECTION('',(-0.222520933956,0.974927912182));
#3650 = ( GEOMETRIC_REPRESENTATION_CONTEXT(2) 
PARAMETRIC_REPRESENTATION_CONTEXT() REPRESENTATION_CONTEXT('2D SPACE',''
  ) );
#3651 = PCURVE('',#1787,#3652);
#3652 = DEFINITIONAL_REPRESENTATION('',(#3653),#3657);
#3653 = LINE('',#3654,#3655);
#3654 = CARTESIAN_POINT('',(6.28318530718,0.));
#3655 = VECTOR('',#3656,1.);
#3656 = DIRECTION('',(-1.,0.));
#3657 = ( GEOMETRIC_REPRESENTATION_CONTEXT(2) 
PARAMETRIC_REPRESENTATION_CONTEXT() REPRESENTATION_CONTEXT('2D SPACE',''
  ) );
#3658 = ORIENTED_EDGE('',*,*,#1852,.T.);
#3659 = ORIENTED_EDGE('',*,*,#3660,.F.);
#3660 = EDGE_CURVE('',#1936,#1853,#3661,.T.);
#3661 = SURFACE_CURVE('',#3662,(#3667,#3674),.PCURVE_S1.);
#3662 = CIRCLE('',#3663,0.26);
#3663 = AXIS2_PLACEMENT_3D('',#3664,#3665,#3666);
#3664 = CARTESIAN_POINT('',(19.8,-2.815527712195,3.264113315258));
#3665 = DIRECTION('',(1.,0.,0.));
#3666 = DIRECTION('',(0.,-0.900968867902,-0.433883739118));
#3667 = PCURVE('',#304,#3668);
#3668 = DEFINITIONAL_REPRESENTATION('',(#3669),#3673);
#3669 = CIRCLE('',#3670,0.26);
#3670 = AXIS2_PLACEMENT_2D('',#3671,#3672);
#3671 = CARTESIAN_POINT('',(-1.355886684742,2.815527712195));
#3672 = DIRECTION('',(-0.433883739118,0.900968867902));
#3673 = ( GEOMETRIC_REPRESENTATION_CONTEXT(2) 
PARAMETRIC_REPRESENTATION_CONTEXT() REPRESENTATION_CONTEXT('2D SPACE',''
  ) );
#3674 = PCURVE('',#1891,#3675);
#3675 = DEFINITIONAL_REPRESENTATION('',(#3676),#3680);
#3676 = LINE('',#3677,#3678);
#3677 = CARTESIAN_POINT('',(6.28318530718,0.));
#3678 = VECTOR('',#3679,1.);
#3679 = DIRECTION('',(-1.,0.));
#3680 = ( GEOMETRIC_REPRESENTATION_CONTEXT(2) 
PARAMETRIC_REPRESENTATION_CONTEXT() REPRESENTATION_CONTEXT('2D SPACE',''
  ) );
#3681 = ORIENTED_EDGE('',*,*,#1956,.T.);
#3682 = ORIENTED_EDGE('',*,*,#3683,.F.);
#3683 = EDGE_CURVE('',#2040,#1957,#3684,.T.);
#3684 = SURFACE_CURVE('',#3685,(#3690,#3697),.PCURVE_S1.);
#3685 = CIRCLE('',#3686,0.26);
#3686 = AXIS2_PLACEMENT_3D('',#3687,#3688,#3689);
#3687 = CARTESIAN_POINT('',(19.8,-2.443223382713,2.671594369191));
#3688 = DIRECTION('',(1.,0.,0.));
#3689 = DIRECTION('',(0.,-0.781831482468,-0.623489801859));
#3690 = PCURVE('',#304,#3691);
#3691 = DEFINITIONAL_REPRESENTATION('',(#3692),#3696);
#3692 = CIRCLE('',#3693,0.26);
#3693 = AXIS2_PLACEMENT_2D('',#3694,#3695);
#3694 = CARTESIAN_POINT('',(-1.948405630809,2.443223382713));
#3695 = DIRECTION('',(-0.623489801859,0.781831482468));
#3696 = ( GEOMETRIC_REPRESENTATION_CONTEXT(2) 
PARAMETRIC_REPRESENTATION_CONTEXT() REPRESENTATION_CONTEXT('2D SPACE',''
  ) );
#3697 = PCURVE('',#1995,#3698);
#3698 = DEFINITIONAL_REPRESENTATION('',(#3699),#3703);
#3699 = LINE('',#3700,#3701);
#3700 = CARTESIAN_POINT('',(6.28318530718,0.));
#3701 = VECTOR('',#3702,1.);
#3702 = DIRECTION('',(-1.,0.));
#3703 = ( GEOMETRIC_REPRESENTATION_CONTEXT(2) 
PARAMETRIC_REPRESENTATION_CONTEXT() REPRESENTATION_CONTEXT('2D SPACE',''
  ) );
#3704 = ORIENTED_EDGE('',*,*,#2060,.T.);
#3705 = ORIENTED_EDGE('',*,*,#3706,.F.);
#3706 = EDGE_CURVE('',#2144,#2061,#3707,.T.);
#3707 = SURFACE_CURVE('',#3708,(#3713,#3720),.PCURVE_S1.);
#3708 = CIRCLE('',#3709,0.26);
#3709 = AXIS2_PLACEMENT_3D('',#3710,#3711,#3712);
#3710 = CARTESIAN_POINT('',(19.8,-1.948405630809,2.176776617287));
#3711 = DIRECTION('',(1.,0.,0.));
#3712 = DIRECTION('',(0.,-0.623489801859,-0.781831482468));
#3713 = PCURVE('',#304,#3714);
#3714 = DEFINITIONAL_REPRESENTATION('',(#3715),#3719);
#3715 = CIRCLE('',#3716,0.26);
#3716 = AXIS2_PLACEMENT_2D('',#3717,#3718);
#3717 = CARTESIAN_POINT('',(-2.443223382713,1.948405630809));
#3718 = DIRECTION('',(-0.781831482468,0.623489801859));
#3719 = ( GEOMETRIC_REPRESENTATION_CONTEXT(2) 
PARAMETRIC_REPRESENTATION_CONTEXT() REPRESENTATION_CONTEXT('2D SPACE',''
  ) );
#3720 = PCURVE('',#2099,#3721);
#3721 = DEFINITIONAL_REPRESENTATION('',(#3722),#3726);
#3722 = LINE('',#3723,#3724);
#3723 = CARTESIAN_POINT('',(6.28318530718,0.));
#3724 = VECTOR('',#3725,1.);
#3725 = DIRECTION('',(-1.,0.));
#3726 = ( GEOMETRIC_REPRESENTATION_CONTEXT(2) 
PARAMETRIC_REPRESENTATION_CONTEXT() REPRESENTATION_CONTEXT('2D SPACE',''
  ) );
#3727 = ORIENTED_EDGE('',*,*,#2164,.T.);
#3728 = ORIENTED_EDGE('',*,*,#3729,.F.);
#3729 = EDGE_CURVE('',#2248,#2165,#3730,.T.);
#3730 = SURFACE_CURVE('',#3731,(#3736,#3743),.PCURVE_S1.);
#3731 = CIRCLE('',#3732,0.26);
#3732 = AXIS2_PLACEMENT_3D('',#3733,#3734,#3735);
#3733 = CARTESIAN_POINT('',(19.8,-1.355886684742,1.804472287805));
#3734 = DIRECTION('',(1.,0.,0.));
#3735 = DIRECTION('',(0.,-0.433883739118,-0.900968867902));
#3736 = PCURVE('',#304,#3737);
#3737 = DEFINITIONAL_REPRESENTATION('',(#3738),#3742);
#3738 = CIRCLE('',#3739,0.26);
#3739 = AXIS2_PLACEMENT_2D('',#3740,#3741);
#3740 = CARTESIAN_POINT('',(-2.815527712195,1.355886684742));
#3741 = DIRECTION('',(-0.900968867902,0.433883739118));
#3742 = ( GEOMETRIC_REPRESENTATION_CONTEXT(2) 
PARAMETRIC_REPRESENTATION_CONTEXT() REPRESENTATION_CONTEXT('2D SPACE',''
  ) );
#3743 = PCURVE('',#2203,#3744);
#3744 = DEFINITIONAL_REPRESENTATION('',(#3745),#3749);
#3745 = LINE('',#3746,#3747);
#3746 = CARTESIAN_POINT('',(6.28318530718,0.));
#3747 = VECTOR('',#3748,1.);
#3748 = DIRECTION('',(-1.,0.));
#3749 = ( GEOMETRIC_REPRESENTATION_CONTEXT(2) 
PARAMETRIC_REPRESENTATION_CONTEXT() REPRESENTATION_CONTEXT('2D SPACE',''
  ) );
#3750 = ORIENTED_EDGE('',*,*,#2268,.T.);
#3751 = ORIENTED_EDGE('',*,*,#3752,.F.);
#3752 = EDGE_CURVE('',#2352,#2269,#3753,.T.);
#3753 = SURFACE_CURVE('',#3754,(#3759,#3766),.PCURVE_S1.);
#3754 = CIRCLE('',#3755,0.26);
#3755 = AXIS2_PLACEMENT_3D('',#3756,#3757,#3758);
#3756 = CARTESIAN_POINT('',(19.8,-0.695377918613,1.573350274432));
#3757 = DIRECTION('',(1.,0.,0.));
#3758 = DIRECTION('',(0.,-0.222520933956,-0.974927912182));
#3759 = PCURVE('',#304,#3760);
#3760 = DEFINITIONAL_REPRESENTATION('',(#3761),#3765);
#3761 = CIRCLE('',#3762,0.26);
#3762 = AXIS2_PLACEMENT_2D('',#3763,#3764);
#3763 = CARTESIAN_POINT('',(-3.046649725568,0.695377918613));
#3764 = DIRECTION('',(-0.974927912182,0.222520933956));
#3765 = ( GEOMETRIC_REPRESENTATION_CONTEXT(2) 
PARAMETRIC_REPRESENTATION_CONTEXT() REPRESENTATION_CONTEXT('2D SPACE',''
  ) );
#3766 = PCURVE('',#2307,#3767);
#3767 = DEFINITIONAL_REPRESENTATION('',(#3768),#3772);
#3768 = LINE('',#3769,#3770);
#3769 = CARTESIAN_POINT('',(6.28318530718,0.));
#3770 = VECTOR('',#3771,1.);
#3771 = DIRECTION('',(-1.,0.));
#3772 = ( GEOMETRIC_REPRESENTATION_CONTEXT(2) 
PARAMETRIC_REPRESENTATION_CONTEXT() REPRESENTATION_CONTEXT('2D SPACE',''
  ) );
#3773 = ORIENTED_EDGE('',*,*,#2372,.T.);
#3774 = ORIENTED_EDGE('',*,*,#3775,.F.);
#3775 = EDGE_CURVE('',#2456,#2373,#3776,.T.);
#3776 = SURFACE_CURVE('',#3777,(#3782,#3789),.PCURVE_S1.);
#3777 = CIRCLE('',#3778,0.26);
#3778 = AXIS2_PLACEMENT_3D('',#3779,#3780,#3781);
#3779 = CARTESIAN_POINT('',(19.8,-8.881784197001E-16,1.495));
#3780 = DIRECTION('',(1.,0.,0.));
#3781 = DIRECTION('',(0.,-2.22044604925E-16,-1.));
#3782 = PCURVE('',#304,#3783);
#3783 = DEFINITIONAL_REPRESENTATION('',(#3784),#3788);
#3784 = CIRCLE('',#3785,0.26);
#3785 = AXIS2_PLACEMENT_2D('',#3786,#3787);
#3786 = CARTESIAN_POINT('',(-3.125,7.787832090969E-16));
#3787 = DIRECTION('',(-1.,2.22044604925E-16));
#3788 = ( GEOMETRIC_REPRESENTATION_CONTEXT(2) 
PARAMETRIC_REPRESENTATION_CONTEXT() REPRESENTATION_CONTEXT('2D SPACE',''
  ) );
#3789 = PCURVE('',#2411,#3790);
#3790 = DEFINITIONAL_REPRESENTATION('',(#3791),#3795);
#3791 = LINE('',#3792,#3793);
#3792 = CARTESIAN_POINT('',(6.28318530718,0.));
#3793 = VECTOR('',#3794,1.);
#3794 = DIRECTION('',(-1.,0.));
#3795 = ( GEOMETRIC_REPRESENTATION_CONTEXT(2) 
PARAMETRIC_REPRESENTATION_CONTEXT() REPRESENTATION_CONTEXT('2D SPACE',''
  ) );
#3796 = ORIENTED_EDGE('',*,*,#2476,.T.);
#3797 = ORIENTED_EDGE('',*,*,#3798,.F.);
#3798 = EDGE_CURVE('',#2560,#2477,#3799,.T.);
#3799 = SURFACE_CURVE('',#3800,(#3805,#3812),.PCURVE_S1.);
#3800 = CIRCLE('',#3801,0.26);
#3801 = AXIS2_PLACEMENT_3D('',#3802,#3803,#3804);
#3802 = CARTESIAN_POINT('',(19.8,0.695377918613,1.573350274432));
#3803 = DIRECTION('',(1.,-0.,0.));
#3804 = DIRECTION('',(0.,0.222520933956,-0.974927912182));
#3805 = PCURVE('',#304,#3806);
#3806 = DEFINITIONAL_REPRESENTATION('',(#3807),#3811);
#3807 = CIRCLE('',#3808,0.26);
#3808 = AXIS2_PLACEMENT_2D('',#3809,#3810);
#3809 = CARTESIAN_POINT('',(-3.046649725568,-0.695377918613));
#3810 = DIRECTION('',(-0.974927912182,-0.222520933956));
#3811 = ( GEOMETRIC_REPRESENTATION_CONTEXT(2) 
PARAMETRIC_REPRESENTATION_CONTEXT() REPRESENTATION_CONTEXT('2D SPACE',''
  ) );
#3812 = PCURVE('',#2515,#3813);
#3813 = DEFINITIONAL_REPRESENTATION('',(#3814),#3818);
#3814 = LINE('',#3815,#3816);
#3815 = CARTESIAN_POINT('',(6.28318530718,0.));
#3816 = VECTOR('',#3817,1.);
#3817 = DIRECTION('',(-1.,0.));
#3818 = ( GEOMETRIC_REPRESENTATION_CONTEXT(2) 
PARAMETRIC_REPRESENTATION_CONTEXT() REPRESENTATION_CONTEXT('2D SPACE',''
  ) );
#3819 = ORIENTED_EDGE('',*,*,#2580,.T.);
#3820 = ORIENTED_EDGE('',*,*,#3821,.F.);
#3821 = EDGE_CURVE('',#2664,#2581,#3822,.T.);
#3822 = SURFACE_CURVE('',#3823,(#3828,#3835),.PCURVE_S1.);
#3823 = CIRCLE('',#3824,0.26);
#3824 = AXIS2_PLACEMENT_3D('',#3825,#3826,#3827);
#3825 = CARTESIAN_POINT('',(19.8,1.355886684742,1.804472287805));
#3826 = DIRECTION('',(1.,-0.,0.));
#3827 = DIRECTION('',(0.,0.433883739118,-0.900968867902));
#3828 = PCURVE('',#304,#3829);
#3829 = DEFINITIONAL_REPRESENTATION('',(#3830),#3834);
#3830 = CIRCLE('',#3831,0.26);
#3831 = AXIS2_PLACEMENT_2D('',#3832,#3833);
#3832 = CARTESIAN_POINT('',(-2.815527712195,-1.355886684742));
#3833 = DIRECTION('',(-0.900968867902,-0.433883739118));
#3834 = ( GEOMETRIC_REPRESENTATION_CONTEXT(2) 
PARAMETRIC_REPRESENTATION_CONTEXT() REPRESENTATION_CONTEXT('2D SPACE',''
  ) );
#3835 = PCURVE('',#2619,#3836);
#3836 = DEFINITIONAL_REPRESENTATION('',(#3837),#3841);
#3837 = LINE('',#3838,#3839);
#3838 = CARTESIAN_POINT('',(6.28318530718,0.));
#3839 = VECTOR('',#3840,1.);
#3840 = DIRECTION('',(-1.,0.));
#3841 = ( GEOMETRIC_REPRESENTATION_CONTEXT(2) 
PARAMETRIC_REPRESENTATION_CONTEXT() REPRESENTATION_CONTEXT('2D SPACE',''
  ) );
#3842 = ORIENTED_EDGE('',*,*,#2684,.T.);
#3843 = ORIENTED_EDGE('',*,*,#3844,.F.);
#3844 = EDGE_CURVE('',#2768,#2685,#3845,.T.);
#3845 = SURFACE_CURVE('',#3846,(#3851,#3858),.PCURVE_S1.);
#3846 = CIRCLE('',#3847,0.26);
#3847 = AXIS2_PLACEMENT_3D('',#3848,#3849,#3850);
#3848 = CARTESIAN_POINT('',(19.8,1.948405630809,2.176776617287));
#3849 = DIRECTION('',(1.,-0.,0.));
#3850 = DIRECTION('',(0.,0.623489801859,-0.781831482468));
#3851 = PCURVE('',#304,#3852);
#3852 = DEFINITIONAL_REPRESENTATION('',(#3853),#3857);
#3853 = CIRCLE('',#3854,0.26);
#3854 = AXIS2_PLACEMENT_2D('',#3855,#3856);
#3855 = CARTESIAN_POINT('',(-2.443223382713,-1.948405630809));
#3856 = DIRECTION('',(-0.781831482468,-0.623489801859));
#3857 = ( GEOMETRIC_REPRESENTATION_CONTEXT(2) 
PARAMETRIC_REPRESENTATION_CONTEXT() REPRESENTATION_CONTEXT('2D SPACE',''
  ) );
#3858 = PCURVE('',#2723,#3859);
#3859 = DEFINITIONAL_REPRESENTATION('',(#3860),#3864);
#3860 = LINE('',#3861,#3862);
#3861 = CARTESIAN_POINT('',(6.28318530718,0.));
#3862 = VECTOR('',#3863,1.);
#3863 = DIRECTION('',(-1.,0.));
#3864 = ( GEOMETRIC_REPRESENTATION_CONTEXT(2) 
PARAMETRIC_REPRESENTATION_CONTEXT() REPRESENTATION_CONTEXT('2D SPACE',''
  ) );
#3865 = ORIENTED_EDGE('',*,*,#2788,.T.);
#3866 = ORIENTED_EDGE('',*,*,#3867,.F.);
#3867 = EDGE_CURVE('',#2872,#2789,#3868,.T.);
#3868 = SURFACE_CURVE('',#3869,(#3874,#3881),.PCURVE_S1.);
#3869 = CIRCLE('',#3870,0.26);
#3870 = AXIS2_PLACEMENT_3D('',#3871,#3872,#3873);
#3871 = CARTESIAN_POINT('',(19.8,2.443223382713,2.671594369191));
#3872 = DIRECTION('',(1.,-0.,0.));
#3873 = DIRECTION('',(0.,0.781831482468,-0.623489801859));
#3874 = PCURVE('',#304,#3875);
#3875 = DEFINITIONAL_REPRESENTATION('',(#3876),#3880);
#3876 = CIRCLE('',#3877,0.26);
#3877 = AXIS2_PLACEMENT_2D('',#3878,#3879);
#3878 = CARTESIAN_POINT('',(-1.948405630809,-2.443223382713));
#3879 = DIRECTION('',(-0.623489801859,-0.781831482468));
#3880 = ( GEOMETRIC_REPRESENTATION_CONTEXT(2) 
PARAMETRIC_REPRESENTATION_CONTEXT() REPRESENTATION_CONTEXT('2D SPACE',''
  ) );
#3881 = PCURVE('',#2827,#3882);
#3882 = DEFINITIONAL_REPRESENTATION('',(#3883),#3887);
#3883 = LINE('',#3884,#3885);
#3884 = CARTESIAN_POINT('',(6.28318530718,0.));
#3885 = VECTOR('',#3886,1.);
#3886 = DIRECTION('',(-1.,0.));
#3887 = ( GEOMETRIC_REPRESENTATION_CONTEXT(2) 
PARAMETRIC_REPRESENTATION_CONTEXT() REPRESENTATION_CONTEXT('2D SPACE',''
  ) );
#3888 = ORIENTED_EDGE('',*,*,#2892,.T.);
#3889 = ORIENTED_EDGE('',*,*,#3890,.F.);
#3890 = EDGE_CURVE('',#2976,#2893,#3891,.T.);
#3891 = SURFACE_CURVE('',#3892,(#3897,#3904),.PCURVE_S1.);
#3892 = CIRCLE('',#3893,0.26);
#3893 = AXIS2_PLACEMENT_3D('',#3894,#3895,#3896);
#3894 = CARTESIAN_POINT('',(19.8,2.815527712195,3.264113315258));
#3895 = DIRECTION('',(1.,-0.,0.));
#3896 = DIRECTION('',(0.,0.900968867902,-0.433883739118));
#3897 = PCURVE('',#304,#3898);
#3898 = DEFINITIONAL_REPRESENTATION('',(#3899),#3903);
#3899 = CIRCLE('',#3900,0.26);
#3900 = AXIS2_PLACEMENT_2D('',#3901,#3902);
#3901 = CARTESIAN_POINT('',(-1.355886684742,-2.815527712195));
#3902 = DIRECTION('',(-0.433883739118,-0.900968867902));
#3903 = ( GEOMETRIC_REPRESENTATION_CONTEXT(2) 
PARAMETRIC_REPRESENTATION_CONTEXT() REPRESENTATION_CONTEXT('2D SPACE',''
  ) );
#3904 = PCURVE('',#2931,#3905);
#3905 = DEFINITIONAL_REPRESENTATION('',(#3906),#3910);
#3906 = LINE('',#3907,#3908);
#3907 = CARTESIAN_POINT('',(6.28318530718,0.));
#3908 = VECTOR('',#3909,1.);
#3909 = DIRECTION('',(-1.,0.));
#3910 = ( GEOMETRIC_REPRESENTATION_CONTEXT(2) 
PARAMETRIC_REPRESENTATION_CONTEXT() REPRESENTATION_CONTEXT('2D SPACE',''
  ) );
#3911 = ORIENTED_EDGE('',*,*,#2996,.T.);
#3912 = ORIENTED_EDGE('',*,*,#3913,.F.);
#3913 = EDGE_CURVE('',#3080,#2997,#3914,.T.);
#3914 = SURFACE_CURVE('',#3915,(#3920,#3927),.PCURVE_S1.);
#3915 = CIRCLE('',#3916,0.26);
#3916 = AXIS2_PLACEMENT_3D('',#3917,#3918,#3919);
#3917 = CARTESIAN_POINT('',(19.8,3.046649725568,3.924622081387));
#3918 = DIRECTION('',(1.,-0.,0.));
#3919 = DIRECTION('',(0.,0.974927912182,-0.222520933956));
#3920 = PCURVE('',#304,#3921);
#3921 = DEFINITIONAL_REPRESENTATION('',(#3922),#3926);
#3922 = CIRCLE('',#3923,0.26);
#3923 = AXIS2_PLACEMENT_2D('',#3924,#3925);
#3924 = CARTESIAN_POINT('',(-0.695377918613,-3.046649725568));
#3925 = DIRECTION('',(-0.222520933956,-0.974927912182));
#3926 = ( GEOMETRIC_REPRESENTATION_CONTEXT(2) 
PARAMETRIC_REPRESENTATION_CONTEXT() REPRESENTATION_CONTEXT('2D SPACE',''
  ) );
#3927 = PCURVE('',#3035,#3928);
#3928 = DEFINITIONAL_REPRESENTATION('',(#3929),#3933);
#3929 = LINE('',#3930,#3931);
#3930 = CARTESIAN_POINT('',(6.28318530718,0.));
#3931 = VECTOR('',#3932,1.);
#3932 = DIRECTION('',(-1.,0.));
#3933 = ( GEOMETRIC_REPRESENTATION_CONTEXT(2) 
PARAMETRIC_REPRESENTATION_CONTEXT() REPRESENTATION_CONTEXT('2D SPACE',''
  ) );
#3934 = ORIENTED_EDGE('',*,*,#3100,.T.);
#3935 = FACE_BOUND('',#3936,.F.);
#3936 = EDGE_LOOP('',(#3937));
#3937 = ORIENTED_EDGE('',*,*,#3938,.T.);
#3938 = EDGE_CURVE('',#3939,#3939,#3941,.T.);
#3939 = VERTEX_POINT('',#3940);
#3940 = CARTESIAN_POINT('',(19.8,2.3,4.62));
#3941 = SURFACE_CURVE('',#3942,(#3947,#3958),.PCURVE_S1.);
#3942 = CIRCLE('',#3943,2.3);
#3943 = AXIS2_PLACEMENT_3D('',#3944,#3945,#3946);
#3944 = CARTESIAN_POINT('',(19.8,0.,4.62));
#3945 = DIRECTION('',(-1.,0.,0.));
#3946 = DIRECTION('',(0.,1.,0.));
#3947 = PCURVE('',#304,#3948);
#3948 = DEFINITIONAL_REPRESENTATION('',(#3949),#3957);
#3949 = ( BOUNDED_CURVE() B_SPLINE_CURVE(2,(#3950,#3951,#3952,#3953,
#3954,#3955,#3956),.UNSPECIFIED.,.T.,.F.) B_SPLINE_CURVE_WITH_KNOTS((1,2
    ,2,2,2,1),(-2.094395102393,0.,2.094395102393,4.188790204786,
6.28318530718,8.377580409573),.UNSPECIFIED.) CURVE() 
GEOMETRIC_REPRESENTATION_ITEM() RATIONAL_B_SPLINE_CURVE((1.,0.5,1.,0.5,
1.,0.5,1.)) REPRESENTATION_ITEM('') );
#3950 = CARTESIAN_POINT('',(0.,-2.3));
#3951 = CARTESIAN_POINT('',(-3.983716857408,-2.3));
#3952 = CARTESIAN_POINT('',(-1.991858428704,1.15));
#3953 = CARTESIAN_POINT('',(-5.633375276078E-16,4.6));
#3954 = CARTESIAN_POINT('',(1.991858428704,1.15));
#3955 = CARTESIAN_POINT('',(3.983716857408,-2.3));
#3956 = CARTESIAN_POINT('',(0.,-2.3));
#3957 = ( GEOMETRIC_REPRESENTATION_CONTEXT(2) 
PARAMETRIC_REPRESENTATION_CONTEXT() REPRESENTATION_CONTEXT('2D SPACE',''
  ) );
#3958 = PCURVE('',#3959,#3964);
#3959 = CYLINDRICAL_SURFACE('',#3960,2.3);
#3960 = AXIS2_PLACEMENT_3D('',#3961,#3962,#3963);
#3961 = CARTESIAN_POINT('',(19.7,0.,4.62));
#3962 = DIRECTION('',(-1.,-0.,-0.));
#3963 = DIRECTION('',(0.,1.,0.));
#3964 = DEFINITIONAL_REPRESENTATION('',(#3965),#3969);
#3965 = LINE('',#3966,#3967);
#3966 = CARTESIAN_POINT('',(-4.138911435803E-13,-0.1));
#3967 = VECTOR('',#3968,1.);
#3968 = DIRECTION('',(1.,-0.));
#3969 = ( GEOMETRIC_REPRESENTATION_CONTEXT(2) 
PARAMETRIC_REPRESENTATION_CONTEXT() REPRESENTATION_CONTEXT('2D SPACE',''
  ) );
#3970 = ADVANCED_FACE('',(#3971),#331,.F.);
#3971 = FACE_BOUND('',#3972,.F.);
#3972 = EDGE_LOOP('',(#3973,#3974,#3996,#3997));
#3973 = ORIENTED_EDGE('',*,*,#316,.F.);
#3974 = ORIENTED_EDGE('',*,*,#3975,.F.);
#3975 = EDGE_CURVE('',#343,#317,#3976,.T.);
#3976 = SURFACE_CURVE('',#3977,(#3982,#3989),.PCURVE_S1.);
#3977 = CIRCLE('',#3978,0.26);
#3978 = AXIS2_PLACEMENT_3D('',#3979,#3980,#3981);
#3979 = CARTESIAN_POINT('',(22.45,3.046649725568,5.315377918613));
#3980 = DIRECTION('',(1.,0.,-0.));
#3981 = DIRECTION('',(0.,0.974927912182,0.222520933956));
#3982 = PCURVE('',#331,#3983);
#3983 = DEFINITIONAL_REPRESENTATION('',(#3984),#3988);
#3984 = LINE('',#3985,#3986);
#3985 = CARTESIAN_POINT('',(6.28318530718,-2.65));
#3986 = VECTOR('',#3987,1.);
#3987 = DIRECTION('',(-1.,0.));
#3988 = ( GEOMETRIC_REPRESENTATION_CONTEXT(2) 
PARAMETRIC_REPRESENTATION_CONTEXT() REPRESENTATION_CONTEXT('2D SPACE',''
  ) );
#3989 = PCURVE('',#359,#3990);
#3990 = DEFINITIONAL_REPRESENTATION('',(#3991),#3995);
#3991 = CIRCLE('',#3992,0.26);
#3992 = AXIS2_PLACEMENT_2D('',#3993,#3994);
#3993 = CARTESIAN_POINT('',(0.,0.));
#3994 = DIRECTION('',(-2.975000062046E-18,-1.));
#3995 = ( GEOMETRIC_REPRESENTATION_CONTEXT(2) 
PARAMETRIC_REPRESENTATION_CONTEXT() REPRESENTATION_CONTEXT('2D SPACE',''
  ) );
#3996 = ORIENTED_EDGE('',*,*,#375,.T.);
#3997 = ORIENTED_EDGE('',*,*,#3315,.T.);
#3998 = ADVANCED_FACE('',(#3999),#359,.F.);
#3999 = FACE_BOUND('',#4000,.F.);
#4000 = EDGE_LOOP('',(#4001,#4002));
#4001 = ORIENTED_EDGE('',*,*,#342,.F.);
#4002 = ORIENTED_EDGE('',*,*,#3975,.T.);
#4003 = ADVANCED_FACE('',(#4004),#435,.F.);
#4004 = FACE_BOUND('',#4005,.F.);
#4005 = EDGE_LOOP('',(#4006,#4007,#4029,#4030));
#4006 = ORIENTED_EDGE('',*,*,#420,.F.);
#4007 = ORIENTED_EDGE('',*,*,#4008,.F.);
#4008 = EDGE_CURVE('',#447,#421,#4009,.T.);
#4009 = SURFACE_CURVE('',#4010,(#4015,#4022),.PCURVE_S1.);
#4010 = CIRCLE('',#4011,0.26);
#4011 = AXIS2_PLACEMENT_3D('',#4012,#4013,#4014);
#4012 = CARTESIAN_POINT('',(22.45,2.815527712195,5.975886684742));
#4013 = DIRECTION('',(1.,0.,-0.));
#4014 = DIRECTION('',(0.,0.900968867902,0.433883739118));
#4015 = PCURVE('',#435,#4016);
#4016 = DEFINITIONAL_REPRESENTATION('',(#4017),#4021);
#4017 = LINE('',#4018,#4019);
#4018 = CARTESIAN_POINT('',(6.28318530718,-2.65));
#4019 = VECTOR('',#4020,1.);
#4020 = DIRECTION('',(-1.,0.));
#4021 = ( GEOMETRIC_REPRESENTATION_CONTEXT(2) 
PARAMETRIC_REPRESENTATION_CONTEXT() REPRESENTATION_CONTEXT('2D SPACE',''
  ) );
#4022 = PCURVE('',#463,#4023);
#4023 = DEFINITIONAL_REPRESENTATION('',(#4024),#4028);
#4024 = CIRCLE('',#4025,0.26);
#4025 = AXIS2_PLACEMENT_2D('',#4026,#4027);
#4026 = CARTESIAN_POINT('',(0.,0.));
#4027 = DIRECTION('',(-1.715181485509E-17,-1.));
#4028 = ( GEOMETRIC_REPRESENTATION_CONTEXT(2) 
PARAMETRIC_REPRESENTATION_CONTEXT() REPRESENTATION_CONTEXT('2D SPACE',''
  ) );
#4029 = ORIENTED_EDGE('',*,*,#479,.T.);
#4030 = ORIENTED_EDGE('',*,*,#3338,.T.);
#4031 = ADVANCED_FACE('',(#4032),#463,.F.);
#4032 = FACE_BOUND('',#4033,.F.);
#4033 = EDGE_LOOP('',(#4034,#4035));
#4034 = ORIENTED_EDGE('',*,*,#446,.F.);
#4035 = ORIENTED_EDGE('',*,*,#4008,.T.);
#4036 = ADVANCED_FACE('',(#4037),#539,.F.);
#4037 = FACE_BOUND('',#4038,.F.);
#4038 = EDGE_LOOP('',(#4039,#4040,#4062,#4063));
#4039 = ORIENTED_EDGE('',*,*,#524,.F.);
#4040 = ORIENTED_EDGE('',*,*,#4041,.F.);
#4041 = EDGE_CURVE('',#551,#525,#4042,.T.);
#4042 = SURFACE_CURVE('',#4043,(#4048,#4055),.PCURVE_S1.);
#4043 = CIRCLE('',#4044,0.26);
#4044 = AXIS2_PLACEMENT_3D('',#4045,#4046,#4047);
#4045 = CARTESIAN_POINT('',(22.45,2.443223382713,6.568405630809));
#4046 = DIRECTION('',(1.,0.,-0.));
#4047 = DIRECTION('',(0.,0.781831482468,0.623489801859));
#4048 = PCURVE('',#539,#4049);
#4049 = DEFINITIONAL_REPRESENTATION('',(#4050),#4054);
#4050 = LINE('',#4051,#4052);
#4051 = CARTESIAN_POINT('',(6.28318530718,-2.65));
#4052 = VECTOR('',#4053,1.);
#4053 = DIRECTION('',(-1.,0.));
#4054 = ( GEOMETRIC_REPRESENTATION_CONTEXT(2) 
PARAMETRIC_REPRESENTATION_CONTEXT() REPRESENTATION_CONTEXT('2D SPACE',''
  ) );
#4055 = PCURVE('',#567,#4056);
#4056 = DEFINITIONAL_REPRESENTATION('',(#4057),#4061);
#4057 = CIRCLE('',#4058,0.26);
#4058 = AXIS2_PLACEMENT_2D('',#4059,#4060);
#4059 = CARTESIAN_POINT('',(0.,0.));
#4060 = DIRECTION('',(5.883195858806E-17,-1.));
#4061 = ( GEOMETRIC_REPRESENTATION_CONTEXT(2) 
PARAMETRIC_REPRESENTATION_CONTEXT() REPRESENTATION_CONTEXT('2D SPACE',''
  ) );
#4062 = ORIENTED_EDGE('',*,*,#583,.T.);
#4063 = ORIENTED_EDGE('',*,*,#3361,.T.);
#4064 = ADVANCED_FACE('',(#4065),#567,.F.);
#4065 = FACE_BOUND('',#4066,.F.);
#4066 = EDGE_LOOP('',(#4067,#4068));
#4067 = ORIENTED_EDGE('',*,*,#550,.F.);
#4068 = ORIENTED_EDGE('',*,*,#4041,.T.);
#4069 = ADVANCED_FACE('',(#4070),#643,.F.);
#4070 = FACE_BOUND('',#4071,.F.);
#4071 = EDGE_LOOP('',(#4072,#4073,#4095,#4096));
#4072 = ORIENTED_EDGE('',*,*,#628,.F.);
#4073 = ORIENTED_EDGE('',*,*,#4074,.F.);
#4074 = EDGE_CURVE('',#655,#629,#4075,.T.);
#4075 = SURFACE_CURVE('',#4076,(#4081,#4088),.PCURVE_S1.);
#4076 = CIRCLE('',#4077,0.26);
#4077 = AXIS2_PLACEMENT_3D('',#4078,#4079,#4080);
#4078 = CARTESIAN_POINT('',(22.45,1.948405630809,7.063223382713));
#4079 = DIRECTION('',(1.,0.,-0.));
#4080 = DIRECTION('',(0.,0.623489801859,0.781831482468));
#4081 = PCURVE('',#643,#4082);
#4082 = DEFINITIONAL_REPRESENTATION('',(#4083),#4087);
#4083 = LINE('',#4084,#4085);
#4084 = CARTESIAN_POINT('',(6.28318530718,-2.65));
#4085 = VECTOR('',#4086,1.);
#4086 = DIRECTION('',(-1.,0.));
#4087 = ( GEOMETRIC_REPRESENTATION_CONTEXT(2) 
PARAMETRIC_REPRESENTATION_CONTEXT() REPRESENTATION_CONTEXT('2D SPACE',''
  ) );
#4088 = PCURVE('',#671,#4089);
#4089 = DEFINITIONAL_REPRESENTATION('',(#4090),#4094);
#4090 = CIRCLE('',#4091,0.26);
#4091 = AXIS2_PLACEMENT_2D('',#4092,#4093);
#4092 = CARTESIAN_POINT('',(0.,0.));
#4093 = DIRECTION('',(5.883195858806E-17,-1.));
#4094 = ( GEOMETRIC_REPRESENTATION_CONTEXT(2) 
PARAMETRIC_REPRESENTATION_CONTEXT() REPRESENTATION_CONTEXT('2D SPACE',''
  ) );
#4095 = ORIENTED_EDGE('',*,*,#687,.T.);
#4096 = ORIENTED_EDGE('',*,*,#3384,.T.);
#4097 = ADVANCED_FACE('',(#4098),#671,.F.);
#4098 = FACE_BOUND('',#4099,.F.);
#4099 = EDGE_LOOP('',(#4100,#4101));
#4100 = ORIENTED_EDGE('',*,*,#654,.F.);
#4101 = ORIENTED_EDGE('',*,*,#4074,.T.);
#4102 = ADVANCED_FACE('',(#4103),#747,.F.);
#4103 = FACE_BOUND('',#4104,.F.);
#4104 = EDGE_LOOP('',(#4105,#4106,#4128,#4129));
#4105 = ORIENTED_EDGE('',*,*,#732,.F.);
#4106 = ORIENTED_EDGE('',*,*,#4107,.F.);
#4107 = EDGE_CURVE('',#759,#733,#4108,.T.);
#4108 = SURFACE_CURVE('',#4109,(#4114,#4121),.PCURVE_S1.);
#4109 = CIRCLE('',#4110,0.26);
#4110 = AXIS2_PLACEMENT_3D('',#4111,#4112,#4113);
#4111 = CARTESIAN_POINT('',(22.45,1.355886684742,7.435527712195));
#4112 = DIRECTION('',(1.,0.,-0.));
#4113 = DIRECTION('',(0.,0.433883739118,0.900968867902));
#4114 = PCURVE('',#747,#4115);
#4115 = DEFINITIONAL_REPRESENTATION('',(#4116),#4120);
#4116 = LINE('',#4117,#4118);
#4117 = CARTESIAN_POINT('',(6.28318530718,-2.65));
#4118 = VECTOR('',#4119,1.);
#4119 = DIRECTION('',(-1.,0.));
#4120 = ( GEOMETRIC_REPRESENTATION_CONTEXT(2) 
PARAMETRIC_REPRESENTATION_CONTEXT() REPRESENTATION_CONTEXT('2D SPACE',''
  ) );
#4121 = PCURVE('',#775,#4122);
#4122 = DEFINITIONAL_REPRESENTATION('',(#4123),#4127);
#4123 = CIRCLE('',#4124,0.26);
#4124 = AXIS2_PLACEMENT_2D('',#4125,#4126);
#4125 = CARTESIAN_POINT('',(0.,0.));
#4126 = DIRECTION('',(-1.715181485509E-17,-1.));
#4127 = ( GEOMETRIC_REPRESENTATION_CONTEXT(2) 
PARAMETRIC_REPRESENTATION_CONTEXT() REPRESENTATION_CONTEXT('2D SPACE',''
  ) );
#4128 = ORIENTED_EDGE('',*,*,#791,.T.);
#4129 = ORIENTED_EDGE('',*,*,#3407,.T.);
#4130 = ADVANCED_FACE('',(#4131),#775,.F.);
#4131 = FACE_BOUND('',#4132,.F.);
#4132 = EDGE_LOOP('',(#4133,#4134));
#4133 = ORIENTED_EDGE('',*,*,#758,.F.);
#4134 = ORIENTED_EDGE('',*,*,#4107,.T.);
#4135 = ADVANCED_FACE('',(#4136),#851,.F.);
#4136 = FACE_BOUND('',#4137,.F.);
#4137 = EDGE_LOOP('',(#4138,#4139,#4161,#4162));
#4138 = ORIENTED_EDGE('',*,*,#836,.F.);
#4139 = ORIENTED_EDGE('',*,*,#4140,.F.);
#4140 = EDGE_CURVE('',#863,#837,#4141,.T.);
#4141 = SURFACE_CURVE('',#4142,(#4147,#4154),.PCURVE_S1.);
#4142 = CIRCLE('',#4143,0.26);
#4143 = AXIS2_PLACEMENT_3D('',#4144,#4145,#4146);
#4144 = CARTESIAN_POINT('',(22.45,0.695377918613,7.666649725568));
#4145 = DIRECTION('',(1.,0.,-0.));
#4146 = DIRECTION('',(0.,0.222520933956,0.974927912182));
#4147 = PCURVE('',#851,#4148);
#4148 = DEFINITIONAL_REPRESENTATION('',(#4149),#4153);
#4149 = LINE('',#4150,#4151);
#4150 = CARTESIAN_POINT('',(6.28318530718,-2.65));
#4151 = VECTOR('',#4152,1.);
#4152 = DIRECTION('',(-1.,0.));
#4153 = ( GEOMETRIC_REPRESENTATION_CONTEXT(2) 
PARAMETRIC_REPRESENTATION_CONTEXT() REPRESENTATION_CONTEXT('2D SPACE',''
  ) );
#4154 = PCURVE('',#879,#4155);
#4155 = DEFINITIONAL_REPRESENTATION('',(#4156),#4160);
#4156 = CIRCLE('',#4157,0.26);
#4157 = AXIS2_PLACEMENT_2D('',#4158,#4159);
#4158 = CARTESIAN_POINT('',(0.,0.));
#4159 = DIRECTION('',(-2.975000062046E-18,-1.));
#4160 = ( GEOMETRIC_REPRESENTATION_CONTEXT(2) 
PARAMETRIC_REPRESENTATION_CONTEXT() REPRESENTATION_CONTEXT('2D SPACE',''
  ) );
#4161 = ORIENTED_EDGE('',*,*,#895,.T.);
#4162 = ORIENTED_EDGE('',*,*,#3430,.T.);
#4163 = ADVANCED_FACE('',(#4164),#879,.F.);
#4164 = FACE_BOUND('',#4165,.F.);
#4165 = EDGE_LOOP('',(#4166,#4167));
#4166 = ORIENTED_EDGE('',*,*,#862,.F.);
#4167 = ORIENTED_EDGE('',*,*,#4140,.T.);
#4168 = ADVANCED_FACE('',(#4169),#955,.F.);
#4169 = FACE_BOUND('',#4170,.F.);
#4170 = EDGE_LOOP('',(#4171,#4172,#4194,#4195));
#4171 = ORIENTED_EDGE('',*,*,#940,.F.);
#4172 = ORIENTED_EDGE('',*,*,#4173,.F.);
#4173 = EDGE_CURVE('',#967,#941,#4174,.T.);
#4174 = SURFACE_CURVE('',#4175,(#4180,#4187),.PCURVE_S1.);
#4175 = CIRCLE('',#4176,0.26);
#4176 = AXIS2_PLACEMENT_3D('',#4177,#4178,#4179);
#4177 = CARTESIAN_POINT('',(22.45,0.,7.745));
#4178 = DIRECTION('',(1.,0.,-0.));
#4179 = DIRECTION('',(0.,1.110223024625E-16,1.));
#4180 = PCURVE('',#955,#4181);
#4181 = DEFINITIONAL_REPRESENTATION('',(#4182),#4186);
#4182 = LINE('',#4183,#4184);
#4183 = CARTESIAN_POINT('',(6.28318530718,-2.65));
#4184 = VECTOR('',#4185,1.);
#4185 = DIRECTION('',(-1.,0.));
#4186 = ( GEOMETRIC_REPRESENTATION_CONTEXT(2) 
PARAMETRIC_REPRESENTATION_CONTEXT() REPRESENTATION_CONTEXT('2D SPACE',''
  ) );
#4187 = PCURVE('',#983,#4188);
#4188 = DEFINITIONAL_REPRESENTATION('',(#4189),#4193);
#4189 = CIRCLE('',#4190,0.26);
#4190 = AXIS2_PLACEMENT_2D('',#4191,#4192);
#4191 = CARTESIAN_POINT('',(0.,0.));
#4192 = DIRECTION('',(0.,-1.));
#4193 = ( GEOMETRIC_REPRESENTATION_CONTEXT(2) 
PARAMETRIC_REPRESENTATION_CONTEXT() REPRESENTATION_CONTEXT('2D SPACE',''
  ) );
#4194 = ORIENTED_EDGE('',*,*,#999,.T.);
#4195 = ORIENTED_EDGE('',*,*,#3453,.T.);
#4196 = ADVANCED_FACE('',(#4197),#983,.F.);
#4197 = FACE_BOUND('',#4198,.F.);
#4198 = EDGE_LOOP('',(#4199,#4200));
#4199 = ORIENTED_EDGE('',*,*,#966,.F.);
#4200 = ORIENTED_EDGE('',*,*,#4173,.T.);
#4201 = ADVANCED_FACE('',(#4202),#1059,.F.);
#4202 = FACE_BOUND('',#4203,.F.);
#4203 = EDGE_LOOP('',(#4204,#4205,#4227,#4228));
#4204 = ORIENTED_EDGE('',*,*,#1044,.F.);
#4205 = ORIENTED_EDGE('',*,*,#4206,.F.);
#4206 = EDGE_CURVE('',#1071,#1045,#4207,.T.);
#4207 = SURFACE_CURVE('',#4208,(#4213,#4220),.PCURVE_S1.);
#4208 = CIRCLE('',#4209,0.26);
#4209 = AXIS2_PLACEMENT_3D('',#4210,#4211,#4212);
#4210 = CARTESIAN_POINT('',(22.45,-0.695377918613,7.666649725568));
#4211 = DIRECTION('',(1.,0.,0.));
#4212 = DIRECTION('',(0.,-0.222520933956,0.974927912182));
#4213 = PCURVE('',#1059,#4214);
#4214 = DEFINITIONAL_REPRESENTATION('',(#4215),#4219);
#4215 = LINE('',#4216,#4217);
#4216 = CARTESIAN_POINT('',(6.28318530718,-2.65));
#4217 = VECTOR('',#4218,1.);
#4218 = DIRECTION('',(-1.,0.));
#4219 = ( GEOMETRIC_REPRESENTATION_CONTEXT(2) 
PARAMETRIC_REPRESENTATION_CONTEXT() REPRESENTATION_CONTEXT('2D SPACE',''
  ) );
#4220 = PCURVE('',#1087,#4221);
#4221 = DEFINITIONAL_REPRESENTATION('',(#4222),#4226);
#4222 = CIRCLE('',#4223,0.26);
#4223 = AXIS2_PLACEMENT_2D('',#4224,#4225);
#4224 = CARTESIAN_POINT('',(0.,0.));
#4225 = DIRECTION('',(2.975000062046E-18,-1.));
#4226 = ( GEOMETRIC_REPRESENTATION_CONTEXT(2) 
PARAMETRIC_REPRESENTATION_CONTEXT() REPRESENTATION_CONTEXT('2D SPACE',''
  ) );
#4227 = ORIENTED_EDGE('',*,*,#1103,.T.);
#4228 = ORIENTED_EDGE('',*,*,#3476,.T.);
#4229 = ADVANCED_FACE('',(#4230),#1087,.F.);
#4230 = FACE_BOUND('',#4231,.F.);
#4231 = EDGE_LOOP('',(#4232,#4233));
#4232 = ORIENTED_EDGE('',*,*,#1070,.F.);
#4233 = ORIENTED_EDGE('',*,*,#4206,.T.);
#4234 = ADVANCED_FACE('',(#4235),#1163,.F.);
#4235 = FACE_BOUND('',#4236,.F.);
#4236 = EDGE_LOOP('',(#4237,#4238,#4260,#4261));
#4237 = ORIENTED_EDGE('',*,*,#1148,.F.);
#4238 = ORIENTED_EDGE('',*,*,#4239,.F.);
#4239 = EDGE_CURVE('',#1175,#1149,#4240,.T.);
#4240 = SURFACE_CURVE('',#4241,(#4246,#4253),.PCURVE_S1.);
#4241 = CIRCLE('',#4242,0.26);
#4242 = AXIS2_PLACEMENT_3D('',#4243,#4244,#4245);
#4243 = CARTESIAN_POINT('',(22.45,-1.355886684742,7.435527712195));
#4244 = DIRECTION('',(1.,0.,0.));
#4245 = DIRECTION('',(0.,-0.433883739118,0.900968867902));
#4246 = PCURVE('',#1163,#4247);
#4247 = DEFINITIONAL_REPRESENTATION('',(#4248),#4252);
#4248 = LINE('',#4249,#4250);
#4249 = CARTESIAN_POINT('',(6.28318530718,-2.65));
#4250 = VECTOR('',#4251,1.);
#4251 = DIRECTION('',(-1.,0.));
#4252 = ( GEOMETRIC_REPRESENTATION_CONTEXT(2) 
PARAMETRIC_REPRESENTATION_CONTEXT() REPRESENTATION_CONTEXT('2D SPACE',''
  ) );
#4253 = PCURVE('',#1191,#4254);
#4254 = DEFINITIONAL_REPRESENTATION('',(#4255),#4259);
#4255 = CIRCLE('',#4256,0.26);
#4256 = AXIS2_PLACEMENT_2D('',#4257,#4258);
#4257 = CARTESIAN_POINT('',(0.,0.));
#4258 = DIRECTION('',(1.715181485509E-17,-1.));
#4259 = ( GEOMETRIC_REPRESENTATION_CONTEXT(2) 
PARAMETRIC_REPRESENTATION_CONTEXT() REPRESENTATION_CONTEXT('2D SPACE',''
  ) );
#4260 = ORIENTED_EDGE('',*,*,#1207,.T.);
#4261 = ORIENTED_EDGE('',*,*,#3499,.T.);
#4262 = ADVANCED_FACE('',(#4263),#1191,.F.);
#4263 = FACE_BOUND('',#4264,.F.);
#4264 = EDGE_LOOP('',(#4265,#4266));
#4265 = ORIENTED_EDGE('',*,*,#1174,.F.);
#4266 = ORIENTED_EDGE('',*,*,#4239,.T.);
#4267 = ADVANCED_FACE('',(#4268),#1267,.F.);
#4268 = FACE_BOUND('',#4269,.F.);
#4269 = EDGE_LOOP('',(#4270,#4271,#4293,#4294));
#4270 = ORIENTED_EDGE('',*,*,#1252,.F.);
#4271 = ORIENTED_EDGE('',*,*,#4272,.F.);
#4272 = EDGE_CURVE('',#1279,#1253,#4273,.T.);
#4273 = SURFACE_CURVE('',#4274,(#4279,#4286),.PCURVE_S1.);
#4274 = CIRCLE('',#4275,0.26);
#4275 = AXIS2_PLACEMENT_3D('',#4276,#4277,#4278);
#4276 = CARTESIAN_POINT('',(22.45,-1.948405630809,7.063223382713));
#4277 = DIRECTION('',(1.,0.,0.));
#4278 = DIRECTION('',(0.,-0.623489801859,0.781831482468));
#4279 = PCURVE('',#1267,#4280);
#4280 = DEFINITIONAL_REPRESENTATION('',(#4281),#4285);
#4281 = LINE('',#4282,#4283);
#4282 = CARTESIAN_POINT('',(6.28318530718,-2.65));
#4283 = VECTOR('',#4284,1.);
#4284 = DIRECTION('',(-1.,0.));
#4285 = ( GEOMETRIC_REPRESENTATION_CONTEXT(2) 
PARAMETRIC_REPRESENTATION_CONTEXT() REPRESENTATION_CONTEXT('2D SPACE',''
  ) );
#4286 = PCURVE('',#1295,#4287);
#4287 = DEFINITIONAL_REPRESENTATION('',(#4288),#4292);
#4288 = CIRCLE('',#4289,0.26);
#4289 = AXIS2_PLACEMENT_2D('',#4290,#4291);
#4290 = CARTESIAN_POINT('',(0.,0.));
#4291 = DIRECTION('',(-5.883195858806E-17,-1.));
#4292 = ( GEOMETRIC_REPRESENTATION_CONTEXT(2) 
PARAMETRIC_REPRESENTATION_CONTEXT() REPRESENTATION_CONTEXT('2D SPACE',''
  ) );
#4293 = ORIENTED_EDGE('',*,*,#1311,.T.);
#4294 = ORIENTED_EDGE('',*,*,#3522,.T.);
#4295 = ADVANCED_FACE('',(#4296),#1295,.F.);
#4296 = FACE_BOUND('',#4297,.F.);
#4297 = EDGE_LOOP('',(#4298,#4299));
#4298 = ORIENTED_EDGE('',*,*,#1278,.F.);
#4299 = ORIENTED_EDGE('',*,*,#4272,.T.);
#4300 = ADVANCED_FACE('',(#4301),#1371,.F.);
#4301 = FACE_BOUND('',#4302,.F.);
#4302 = EDGE_LOOP('',(#4303,#4304,#4326,#4327));
#4303 = ORIENTED_EDGE('',*,*,#1356,.F.);
#4304 = ORIENTED_EDGE('',*,*,#4305,.F.);
#4305 = EDGE_CURVE('',#1383,#1357,#4306,.T.);
#4306 = SURFACE_CURVE('',#4307,(#4312,#4319),.PCURVE_S1.);
#4307 = CIRCLE('',#4308,0.26);
#4308 = AXIS2_PLACEMENT_3D('',#4309,#4310,#4311);
#4309 = CARTESIAN_POINT('',(22.45,-2.443223382713,6.568405630809));
#4310 = DIRECTION('',(1.,0.,0.));
#4311 = DIRECTION('',(0.,-0.781831482468,0.623489801859));
#4312 = PCURVE('',#1371,#4313);
#4313 = DEFINITIONAL_REPRESENTATION('',(#4314),#4318);
#4314 = LINE('',#4315,#4316);
#4315 = CARTESIAN_POINT('',(6.28318530718,-2.65));
#4316 = VECTOR('',#4317,1.);
#4317 = DIRECTION('',(-1.,0.));
#4318 = ( GEOMETRIC_REPRESENTATION_CONTEXT(2) 
PARAMETRIC_REPRESENTATION_CONTEXT() REPRESENTATION_CONTEXT('2D SPACE',''
  ) );
#4319 = PCURVE('',#1399,#4320);
#4320 = DEFINITIONAL_REPRESENTATION('',(#4321),#4325);
#4321 = CIRCLE('',#4322,0.26);
#4322 = AXIS2_PLACEMENT_2D('',#4323,#4324);
#4323 = CARTESIAN_POINT('',(0.,0.));
#4324 = DIRECTION('',(-5.883195858806E-17,-1.));
#4325 = ( GEOMETRIC_REPRESENTATION_CONTEXT(2) 
PARAMETRIC_REPRESENTATION_CONTEXT() REPRESENTATION_CONTEXT('2D SPACE',''
  ) );
#4326 = ORIENTED_EDGE('',*,*,#1415,.T.);
#4327 = ORIENTED_EDGE('',*,*,#3545,.T.);
#4328 = ADVANCED_FACE('',(#4329),#1399,.F.);
#4329 = FACE_BOUND('',#4330,.F.);
#4330 = EDGE_LOOP('',(#4331,#4332));
#4331 = ORIENTED_EDGE('',*,*,#1382,.F.);
#4332 = ORIENTED_EDGE('',*,*,#4305,.T.);
#4333 = ADVANCED_FACE('',(#4334),#1475,.F.);
#4334 = FACE_BOUND('',#4335,.F.);
#4335 = EDGE_LOOP('',(#4336,#4337,#4359,#4360));
#4336 = ORIENTED_EDGE('',*,*,#1460,.F.);
#4337 = ORIENTED_EDGE('',*,*,#4338,.F.);
#4338 = EDGE_CURVE('',#1487,#1461,#4339,.T.);
#4339 = SURFACE_CURVE('',#4340,(#4345,#4352),.PCURVE_S1.);
#4340 = CIRCLE('',#4341,0.26);
#4341 = AXIS2_PLACEMENT_3D('',#4342,#4343,#4344);
#4342 = CARTESIAN_POINT('',(22.45,-2.815527712195,5.975886684742));
#4343 = DIRECTION('',(1.,0.,0.));
#4344 = DIRECTION('',(0.,-0.900968867902,0.433883739118));
#4345 = PCURVE('',#1475,#4346);
#4346 = DEFINITIONAL_REPRESENTATION('',(#4347),#4351);
#4347 = LINE('',#4348,#4349);
#4348 = CARTESIAN_POINT('',(6.28318530718,-2.65));
#4349 = VECTOR('',#4350,1.);
#4350 = DIRECTION('',(-1.,0.));
#4351 = ( GEOMETRIC_REPRESENTATION_CONTEXT(2) 
PARAMETRIC_REPRESENTATION_CONTEXT() REPRESENTATION_CONTEXT('2D SPACE',''
  ) );
#4352 = PCURVE('',#1503,#4353);
#4353 = DEFINITIONAL_REPRESENTATION('',(#4354),#4358);
#4354 = CIRCLE('',#4355,0.26);
#4355 = AXIS2_PLACEMENT_2D('',#4356,#4357);
#4356 = CARTESIAN_POINT('',(0.,0.));
#4357 = DIRECTION('',(1.715181485509E-17,-1.));
#4358 = ( GEOMETRIC_REPRESENTATION_CONTEXT(2) 
PARAMETRIC_REPRESENTATION_CONTEXT() REPRESENTATION_CONTEXT('2D SPACE',''
  ) );
#4359 = ORIENTED_EDGE('',*,*,#1519,.T.);
#4360 = ORIENTED_EDGE('',*,*,#3568,.T.);
#4361 = ADVANCED_FACE('',(#4362),#1503,.F.);
#4362 = FACE_BOUND('',#4363,.F.);
#4363 = EDGE_LOOP('',(#4364,#4365));
#4364 = ORIENTED_EDGE('',*,*,#1486,.F.);
#4365 = ORIENTED_EDGE('',*,*,#4338,.T.);
#4366 = ADVANCED_FACE('',(#4367),#1579,.F.);
#4367 = FACE_BOUND('',#4368,.F.);
#4368 = EDGE_LOOP('',(#4369,#4370,#4392,#4393));
#4369 = ORIENTED_EDGE('',*,*,#1564,.F.);
#4370 = ORIENTED_EDGE('',*,*,#4371,.F.);
#4371 = EDGE_CURVE('',#1591,#1565,#4372,.T.);
#4372 = SURFACE_CURVE('',#4373,(#4378,#4385),.PCURVE_S1.);
#4373 = CIRCLE('',#4374,0.26);
#4374 = AXIS2_PLACEMENT_3D('',#4375,#4376,#4377);
#4375 = CARTESIAN_POINT('',(22.45,-3.046649725568,5.315377918613));
#4376 = DIRECTION('',(1.,0.,0.));
#4377 = DIRECTION('',(0.,-0.974927912182,0.222520933956));
#4378 = PCURVE('',#1579,#4379);
#4379 = DEFINITIONAL_REPRESENTATION('',(#4380),#4384);
#4380 = LINE('',#4381,#4382);
#4381 = CARTESIAN_POINT('',(6.28318530718,-2.65));
#4382 = VECTOR('',#4383,1.);
#4383 = DIRECTION('',(-1.,0.));
#4384 = ( GEOMETRIC_REPRESENTATION_CONTEXT(2) 
PARAMETRIC_REPRESENTATION_CONTEXT() REPRESENTATION_CONTEXT('2D SPACE',''
  ) );
#4385 = PCURVE('',#1607,#4386);
#4386 = DEFINITIONAL_REPRESENTATION('',(#4387),#4391);
#4387 = CIRCLE('',#4388,0.26);
#4388 = AXIS2_PLACEMENT_2D('',#4389,#4390);
#4389 = CARTESIAN_POINT('',(0.,0.));
#4390 = DIRECTION('',(2.975000062046E-18,-1.));
#4391 = ( GEOMETRIC_REPRESENTATION_CONTEXT(2) 
PARAMETRIC_REPRESENTATION_CONTEXT() REPRESENTATION_CONTEXT('2D SPACE',''
  ) );
#4392 = ORIENTED_EDGE('',*,*,#1623,.T.);
#4393 = ORIENTED_EDGE('',*,*,#3591,.T.);
#4394 = ADVANCED_FACE('',(#4395),#1607,.F.);
#4395 = FACE_BOUND('',#4396,.F.);
#4396 = EDGE_LOOP('',(#4397,#4398));
#4397 = ORIENTED_EDGE('',*,*,#1590,.F.);
#4398 = ORIENTED_EDGE('',*,*,#4371,.T.);
#4399 = ADVANCED_FACE('',(#4400),#1683,.F.);
#4400 = FACE_BOUND('',#4401,.F.);
#4401 = EDGE_LOOP('',(#4402,#4403,#4425,#4426));
#4402 = ORIENTED_EDGE('',*,*,#1668,.F.);
#4403 = ORIENTED_EDGE('',*,*,#4404,.F.);
#4404 = EDGE_CURVE('',#1695,#1669,#4405,.T.);
#4405 = SURFACE_CURVE('',#4406,(#4411,#4418),.PCURVE_S1.);
#4406 = CIRCLE('',#4407,0.26);
#4407 = AXIS2_PLACEMENT_3D('',#4408,#4409,#4410);
#4408 = CARTESIAN_POINT('',(22.45,-3.125,4.62));
#4409 = DIRECTION('',(1.,0.,0.));
#4410 = DIRECTION('',(0.,-1.,1.224646799147E-16));
#4411 = PCURVE('',#1683,#4412);
#4412 = DEFINITIONAL_REPRESENTATION('',(#4413),#4417);
#4413 = LINE('',#4414,#4415);
#4414 = CARTESIAN_POINT('',(6.28318530718,-2.65));
#4415 = VECTOR('',#4416,1.);
#4416 = DIRECTION('',(-1.,0.));
#4417 = ( GEOMETRIC_REPRESENTATION_CONTEXT(2) 
PARAMETRIC_REPRESENTATION_CONTEXT() REPRESENTATION_CONTEXT('2D SPACE',''
  ) );
#4418 = PCURVE('',#1711,#4419);
#4419 = DEFINITIONAL_REPRESENTATION('',(#4420),#4424);
#4420 = CIRCLE('',#4421,0.26);
#4421 = AXIS2_PLACEMENT_2D('',#4422,#4423);
#4422 = CARTESIAN_POINT('',(0.,0.));
#4423 = DIRECTION('',(0.,-1.));
#4424 = ( GEOMETRIC_REPRESENTATION_CONTEXT(2) 
PARAMETRIC_REPRESENTATION_CONTEXT() REPRESENTATION_CONTEXT('2D SPACE',''
  ) );
#4425 = ORIENTED_EDGE('',*,*,#1727,.T.);
#4426 = ORIENTED_EDGE('',*,*,#3614,.T.);
#4427 = ADVANCED_FACE('',(#4428),#1711,.F.);
#4428 = FACE_BOUND('',#4429,.F.);
#4429 = EDGE_LOOP('',(#4430,#4431));
#4430 = ORIENTED_EDGE('',*,*,#1694,.F.);
#4431 = ORIENTED_EDGE('',*,*,#4404,.T.);
#4432 = ADVANCED_FACE('',(#4433),#1787,.F.);
#4433 = FACE_BOUND('',#4434,.F.);
#4434 = EDGE_LOOP('',(#4435,#4436,#4458,#4459));
#4435 = ORIENTED_EDGE('',*,*,#1772,.F.);
#4436 = ORIENTED_EDGE('',*,*,#4437,.F.);
#4437 = EDGE_CURVE('',#1799,#1773,#4438,.T.);
#4438 = SURFACE_CURVE('',#4439,(#4444,#4451),.PCURVE_S1.);
#4439 = CIRCLE('',#4440,0.26);
#4440 = AXIS2_PLACEMENT_3D('',#4441,#4442,#4443);
#4441 = CARTESIAN_POINT('',(22.45,-3.046649725568,3.924622081387));
#4442 = DIRECTION('',(1.,0.,0.));
#4443 = DIRECTION('',(0.,-0.974927912182,-0.222520933956));
#4444 = PCURVE('',#1787,#4445);
#4445 = DEFINITIONAL_REPRESENTATION('',(#4446),#4450);
#4446 = LINE('',#4447,#4448);
#4447 = CARTESIAN_POINT('',(6.28318530718,-2.65));
#4448 = VECTOR('',#4449,1.);
#4449 = DIRECTION('',(-1.,0.));
#4450 = ( GEOMETRIC_REPRESENTATION_CONTEXT(2) 
PARAMETRIC_REPRESENTATION_CONTEXT() REPRESENTATION_CONTEXT('2D SPACE',''
  ) );
#4451 = PCURVE('',#1815,#4452);
#4452 = DEFINITIONAL_REPRESENTATION('',(#4453),#4457);
#4453 = CIRCLE('',#4454,0.26);
#4454 = AXIS2_PLACEMENT_2D('',#4455,#4456);
#4455 = CARTESIAN_POINT('',(0.,0.));
#4456 = DIRECTION('',(-2.975000062046E-18,-1.));
#4457 = ( GEOMETRIC_REPRESENTATION_CONTEXT(2) 
PARAMETRIC_REPRESENTATION_CONTEXT() REPRESENTATION_CONTEXT('2D SPACE',''
  ) );
#4458 = ORIENTED_EDGE('',*,*,#1831,.T.);
#4459 = ORIENTED_EDGE('',*,*,#3637,.T.);
#4460 = ADVANCED_FACE('',(#4461),#1815,.F.);
#4461 = FACE_BOUND('',#4462,.F.);
#4462 = EDGE_LOOP('',(#4463,#4464));
#4463 = ORIENTED_EDGE('',*,*,#1798,.F.);
#4464 = ORIENTED_EDGE('',*,*,#4437,.T.);
#4465 = ADVANCED_FACE('',(#4466),#1891,.F.);
#4466 = FACE_BOUND('',#4467,.F.);
#4467 = EDGE_LOOP('',(#4468,#4469,#4491,#4492));
#4468 = ORIENTED_EDGE('',*,*,#1876,.F.);
#4469 = ORIENTED_EDGE('',*,*,#4470,.F.);
#4470 = EDGE_CURVE('',#1903,#1877,#4471,.T.);
#4471 = SURFACE_CURVE('',#4472,(#4477,#4484),.PCURVE_S1.);
#4472 = CIRCLE('',#4473,0.26);
#4473 = AXIS2_PLACEMENT_3D('',#4474,#4475,#4476);
#4474 = CARTESIAN_POINT('',(22.45,-2.815527712195,3.264113315258));
#4475 = DIRECTION('',(1.,0.,0.));
#4476 = DIRECTION('',(0.,-0.900968867902,-0.433883739118));
#4477 = PCURVE('',#1891,#4478);
#4478 = DEFINITIONAL_REPRESENTATION('',(#4479),#4483);
#4479 = LINE('',#4480,#4481);
#4480 = CARTESIAN_POINT('',(6.28318530718,-2.65));
#4481 = VECTOR('',#4482,1.);
#4482 = DIRECTION('',(-1.,0.));
#4483 = ( GEOMETRIC_REPRESENTATION_CONTEXT(2) 
PARAMETRIC_REPRESENTATION_CONTEXT() REPRESENTATION_CONTEXT('2D SPACE',''
  ) );
#4484 = PCURVE('',#1919,#4485);
#4485 = DEFINITIONAL_REPRESENTATION('',(#4486),#4490);
#4486 = CIRCLE('',#4487,0.26);
#4487 = AXIS2_PLACEMENT_2D('',#4488,#4489);
#4488 = CARTESIAN_POINT('',(0.,0.));
#4489 = DIRECTION('',(-1.715181485509E-17,-1.));
#4490 = ( GEOMETRIC_REPRESENTATION_CONTEXT(2) 
PARAMETRIC_REPRESENTATION_CONTEXT() REPRESENTATION_CONTEXT('2D SPACE',''
  ) );
#4491 = ORIENTED_EDGE('',*,*,#1935,.T.);
#4492 = ORIENTED_EDGE('',*,*,#3660,.T.);
#4493 = ADVANCED_FACE('',(#4494),#1919,.F.);
#4494 = FACE_BOUND('',#4495,.F.);
#4495 = EDGE_LOOP('',(#4496,#4497));
#4496 = ORIENTED_EDGE('',*,*,#1902,.F.);
#4497 = ORIENTED_EDGE('',*,*,#4470,.T.);
#4498 = ADVANCED_FACE('',(#4499),#1995,.F.);
#4499 = FACE_BOUND('',#4500,.F.);
#4500 = EDGE_LOOP('',(#4501,#4502,#4524,#4525));
#4501 = ORIENTED_EDGE('',*,*,#1980,.F.);
#4502 = ORIENTED_EDGE('',*,*,#4503,.F.);
#4503 = EDGE_CURVE('',#2007,#1981,#4504,.T.);
#4504 = SURFACE_CURVE('',#4505,(#4510,#4517),.PCURVE_S1.);
#4505 = CIRCLE('',#4506,0.26);
#4506 = AXIS2_PLACEMENT_3D('',#4507,#4508,#4509);
#4507 = CARTESIAN_POINT('',(22.45,-2.443223382713,2.671594369191));
#4508 = DIRECTION('',(1.,0.,0.));
#4509 = DIRECTION('',(0.,-0.781831482468,-0.623489801859));
#4510 = PCURVE('',#1995,#4511);
#4511 = DEFINITIONAL_REPRESENTATION('',(#4512),#4516);
#4512 = LINE('',#4513,#4514);
#4513 = CARTESIAN_POINT('',(6.28318530718,-2.65));
#4514 = VECTOR('',#4515,1.);
#4515 = DIRECTION('',(-1.,0.));
#4516 = ( GEOMETRIC_REPRESENTATION_CONTEXT(2) 
PARAMETRIC_REPRESENTATION_CONTEXT() REPRESENTATION_CONTEXT('2D SPACE',''
  ) );
#4517 = PCURVE('',#2023,#4518);
#4518 = DEFINITIONAL_REPRESENTATION('',(#4519),#4523);
#4519 = CIRCLE('',#4520,0.26);
#4520 = AXIS2_PLACEMENT_2D('',#4521,#4522);
#4521 = CARTESIAN_POINT('',(0.,0.));
#4522 = DIRECTION('',(5.883195858806E-17,-1.));
#4523 = ( GEOMETRIC_REPRESENTATION_CONTEXT(2) 
PARAMETRIC_REPRESENTATION_CONTEXT() REPRESENTATION_CONTEXT('2D SPACE',''
  ) );
#4524 = ORIENTED_EDGE('',*,*,#2039,.T.);
#4525 = ORIENTED_EDGE('',*,*,#3683,.T.);
#4526 = ADVANCED_FACE('',(#4527),#2023,.F.);
#4527 = FACE_BOUND('',#4528,.F.);
#4528 = EDGE_LOOP('',(#4529,#4530));
#4529 = ORIENTED_EDGE('',*,*,#2006,.F.);
#4530 = ORIENTED_EDGE('',*,*,#4503,.T.);
#4531 = ADVANCED_FACE('',(#4532),#2099,.F.);
#4532 = FACE_BOUND('',#4533,.F.);
#4533 = EDGE_LOOP('',(#4534,#4535,#4557,#4558));
#4534 = ORIENTED_EDGE('',*,*,#2084,.F.);
#4535 = ORIENTED_EDGE('',*,*,#4536,.F.);
#4536 = EDGE_CURVE('',#2111,#2085,#4537,.T.);
#4537 = SURFACE_CURVE('',#4538,(#4543,#4550),.PCURVE_S1.);
#4538 = CIRCLE('',#4539,0.26);
#4539 = AXIS2_PLACEMENT_3D('',#4540,#4541,#4542);
#4540 = CARTESIAN_POINT('',(22.45,-1.948405630809,2.176776617287));
#4541 = DIRECTION('',(1.,0.,0.));
#4542 = DIRECTION('',(0.,-0.623489801859,-0.781831482468));
#4543 = PCURVE('',#2099,#4544);
#4544 = DEFINITIONAL_REPRESENTATION('',(#4545),#4549);
#4545 = LINE('',#4546,#4547);
#4546 = CARTESIAN_POINT('',(6.28318530718,-2.65));
#4547 = VECTOR('',#4548,1.);
#4548 = DIRECTION('',(-1.,0.));
#4549 = ( GEOMETRIC_REPRESENTATION_CONTEXT(2) 
PARAMETRIC_REPRESENTATION_CONTEXT() REPRESENTATION_CONTEXT('2D SPACE',''
  ) );
#4550 = PCURVE('',#2127,#4551);
#4551 = DEFINITIONAL_REPRESENTATION('',(#4552),#4556);
#4552 = CIRCLE('',#4553,0.26);
#4553 = AXIS2_PLACEMENT_2D('',#4554,#4555);
#4554 = CARTESIAN_POINT('',(0.,0.));
#4555 = DIRECTION('',(5.883195858806E-17,-1.));
#4556 = ( GEOMETRIC_REPRESENTATION_CONTEXT(2) 
PARAMETRIC_REPRESENTATION_CONTEXT() REPRESENTATION_CONTEXT('2D SPACE',''
  ) );
#4557 = ORIENTED_EDGE('',*,*,#2143,.T.);
#4558 = ORIENTED_EDGE('',*,*,#3706,.T.);
#4559 = ADVANCED_FACE('',(#4560),#2127,.F.);
#4560 = FACE_BOUND('',#4561,.F.);
#4561 = EDGE_LOOP('',(#4562,#4563));
#4562 = ORIENTED_EDGE('',*,*,#2110,.F.);
#4563 = ORIENTED_EDGE('',*,*,#4536,.T.);
#4564 = ADVANCED_FACE('',(#4565),#2203,.F.);
#4565 = FACE_BOUND('',#4566,.F.);
#4566 = EDGE_LOOP('',(#4567,#4568,#4590,#4591));
#4567 = ORIENTED_EDGE('',*,*,#2188,.F.);
#4568 = ORIENTED_EDGE('',*,*,#4569,.F.);
#4569 = EDGE_CURVE('',#2215,#2189,#4570,.T.);
#4570 = SURFACE_CURVE('',#4571,(#4576,#4583),.PCURVE_S1.);
#4571 = CIRCLE('',#4572,0.26);
#4572 = AXIS2_PLACEMENT_3D('',#4573,#4574,#4575);
#4573 = CARTESIAN_POINT('',(22.45,-1.355886684742,1.804472287805));
#4574 = DIRECTION('',(1.,0.,0.));
#4575 = DIRECTION('',(0.,-0.433883739118,-0.900968867902));
#4576 = PCURVE('',#2203,#4577);
#4577 = DEFINITIONAL_REPRESENTATION('',(#4578),#4582);
#4578 = LINE('',#4579,#4580);
#4579 = CARTESIAN_POINT('',(6.28318530718,-2.65));
#4580 = VECTOR('',#4581,1.);
#4581 = DIRECTION('',(-1.,0.));
#4582 = ( GEOMETRIC_REPRESENTATION_CONTEXT(2) 
PARAMETRIC_REPRESENTATION_CONTEXT() REPRESENTATION_CONTEXT('2D SPACE',''
  ) );
#4583 = PCURVE('',#2231,#4584);
#4584 = DEFINITIONAL_REPRESENTATION('',(#4585),#4589);
#4585 = CIRCLE('',#4586,0.26);
#4586 = AXIS2_PLACEMENT_2D('',#4587,#4588);
#4587 = CARTESIAN_POINT('',(0.,0.));
#4588 = DIRECTION('',(-1.715181485509E-17,-1.));
#4589 = ( GEOMETRIC_REPRESENTATION_CONTEXT(2) 
PARAMETRIC_REPRESENTATION_CONTEXT() REPRESENTATION_CONTEXT('2D SPACE',''
  ) );
#4590 = ORIENTED_EDGE('',*,*,#2247,.T.);
#4591 = ORIENTED_EDGE('',*,*,#3729,.T.);
#4592 = ADVANCED_FACE('',(#4593),#2231,.F.);
#4593 = FACE_BOUND('',#4594,.F.);
#4594 = EDGE_LOOP('',(#4595,#4596));
#4595 = ORIENTED_EDGE('',*,*,#2214,.F.);
#4596 = ORIENTED_EDGE('',*,*,#4569,.T.);
#4597 = ADVANCED_FACE('',(#4598),#2307,.F.);
#4598 = FACE_BOUND('',#4599,.F.);
#4599 = EDGE_LOOP('',(#4600,#4601,#4623,#4624));
#4600 = ORIENTED_EDGE('',*,*,#2292,.F.);
#4601 = ORIENTED_EDGE('',*,*,#4602,.F.);
#4602 = EDGE_CURVE('',#2319,#2293,#4603,.T.);
#4603 = SURFACE_CURVE('',#4604,(#4609,#4616),.PCURVE_S1.);
#4604 = CIRCLE('',#4605,0.26);
#4605 = AXIS2_PLACEMENT_3D('',#4606,#4607,#4608);
#4606 = CARTESIAN_POINT('',(22.45,-0.695377918613,1.573350274432));
#4607 = DIRECTION('',(1.,0.,0.));
#4608 = DIRECTION('',(0.,-0.222520933956,-0.974927912182));
#4609 = PCURVE('',#2307,#4610);
#4610 = DEFINITIONAL_REPRESENTATION('',(#4611),#4615);
#4611 = LINE('',#4612,#4613);
#4612 = CARTESIAN_POINT('',(6.28318530718,-2.65));
#4613 = VECTOR('',#4614,1.);
#4614 = DIRECTION('',(-1.,0.));
#4615 = ( GEOMETRIC_REPRESENTATION_CONTEXT(2) 
PARAMETRIC_REPRESENTATION_CONTEXT() REPRESENTATION_CONTEXT('2D SPACE',''
  ) );
#4616 = PCURVE('',#2335,#4617);
#4617 = DEFINITIONAL_REPRESENTATION('',(#4618),#4622);
#4618 = CIRCLE('',#4619,0.26);
#4619 = AXIS2_PLACEMENT_2D('',#4620,#4621);
#4620 = CARTESIAN_POINT('',(0.,0.));
#4621 = DIRECTION('',(-2.975000062046E-18,-1.));
#4622 = ( GEOMETRIC_REPRESENTATION_CONTEXT(2) 
PARAMETRIC_REPRESENTATION_CONTEXT() REPRESENTATION_CONTEXT('2D SPACE',''
  ) );
#4623 = ORIENTED_EDGE('',*,*,#2351,.T.);
#4624 = ORIENTED_EDGE('',*,*,#3752,.T.);
#4625 = ADVANCED_FACE('',(#4626),#2335,.F.);
#4626 = FACE_BOUND('',#4627,.F.);
#4627 = EDGE_LOOP('',(#4628,#4629));
#4628 = ORIENTED_EDGE('',*,*,#2318,.F.);
#4629 = ORIENTED_EDGE('',*,*,#4602,.T.);
#4630 = ADVANCED_FACE('',(#4631),#2411,.F.);
#4631 = FACE_BOUND('',#4632,.F.);
#4632 = EDGE_LOOP('',(#4633,#4634,#4656,#4657));
#4633 = ORIENTED_EDGE('',*,*,#2396,.F.);
#4634 = ORIENTED_EDGE('',*,*,#4635,.F.);
#4635 = EDGE_CURVE('',#2423,#2397,#4636,.T.);
#4636 = SURFACE_CURVE('',#4637,(#4642,#4649),.PCURVE_S1.);
#4637 = CIRCLE('',#4638,0.26);
#4638 = AXIS2_PLACEMENT_3D('',#4639,#4640,#4641);
#4639 = CARTESIAN_POINT('',(22.45,-8.881784197001E-16,1.495));
#4640 = DIRECTION('',(1.,0.,0.));
#4641 = DIRECTION('',(0.,-2.22044604925E-16,-1.));
#4642 = PCURVE('',#2411,#4643);
#4643 = DEFINITIONAL_REPRESENTATION('',(#4644),#4648);
#4644 = LINE('',#4645,#4646);
#4645 = CARTESIAN_POINT('',(6.28318530718,-2.65));
#4646 = VECTOR('',#4647,1.);
#4647 = DIRECTION('',(-1.,0.));
#4648 = ( GEOMETRIC_REPRESENTATION_CONTEXT(2) 
PARAMETRIC_REPRESENTATION_CONTEXT() REPRESENTATION_CONTEXT('2D SPACE',''
  ) );
#4649 = PCURVE('',#2439,#4650);
#4650 = DEFINITIONAL_REPRESENTATION('',(#4651),#4655);
#4651 = CIRCLE('',#4652,0.26);
#4652 = AXIS2_PLACEMENT_2D('',#4653,#4654);
#4653 = CARTESIAN_POINT('',(0.,0.));
#4654 = DIRECTION('',(0.,-1.));
#4655 = ( GEOMETRIC_REPRESENTATION_CONTEXT(2) 
PARAMETRIC_REPRESENTATION_CONTEXT() REPRESENTATION_CONTEXT('2D SPACE',''
  ) );
#4656 = ORIENTED_EDGE('',*,*,#2455,.T.);
#4657 = ORIENTED_EDGE('',*,*,#3775,.T.);
#4658 = ADVANCED_FACE('',(#4659),#2439,.F.);
#4659 = FACE_BOUND('',#4660,.F.);
#4660 = EDGE_LOOP('',(#4661,#4662));
#4661 = ORIENTED_EDGE('',*,*,#2422,.F.);
#4662 = ORIENTED_EDGE('',*,*,#4635,.T.);
#4663 = ADVANCED_FACE('',(#4664),#2515,.F.);
#4664 = FACE_BOUND('',#4665,.F.);
#4665 = EDGE_LOOP('',(#4666,#4667,#4689,#4690));
#4666 = ORIENTED_EDGE('',*,*,#2500,.F.);
#4667 = ORIENTED_EDGE('',*,*,#4668,.F.);
#4668 = EDGE_CURVE('',#2527,#2501,#4669,.T.);
#4669 = SURFACE_CURVE('',#4670,(#4675,#4682),.PCURVE_S1.);
#4670 = CIRCLE('',#4671,0.26);
#4671 = AXIS2_PLACEMENT_3D('',#4672,#4673,#4674);
#4672 = CARTESIAN_POINT('',(22.45,0.695377918613,1.573350274432));
#4673 = DIRECTION('',(1.,-0.,0.));
#4674 = DIRECTION('',(0.,0.222520933956,-0.974927912182));
#4675 = PCURVE('',#2515,#4676);
#4676 = DEFINITIONAL_REPRESENTATION('',(#4677),#4681);
#4677 = LINE('',#4678,#4679);
#4678 = CARTESIAN_POINT('',(6.28318530718,-2.65));
#4679 = VECTOR('',#4680,1.);
#4680 = DIRECTION('',(-1.,0.));
#4681 = ( GEOMETRIC_REPRESENTATION_CONTEXT(2) 
PARAMETRIC_REPRESENTATION_CONTEXT() REPRESENTATION_CONTEXT('2D SPACE',''
  ) );
#4682 = PCURVE('',#2543,#4683);
#4683 = DEFINITIONAL_REPRESENTATION('',(#4684),#4688);
#4684 = CIRCLE('',#4685,0.26);
#4685 = AXIS2_PLACEMENT_2D('',#4686,#4687);
#4686 = CARTESIAN_POINT('',(0.,0.));
#4687 = DIRECTION('',(2.975000062046E-18,-1.));
#4688 = ( GEOMETRIC_REPRESENTATION_CONTEXT(2) 
PARAMETRIC_REPRESENTATION_CONTEXT() REPRESENTATION_CONTEXT('2D SPACE',''
  ) );
#4689 = ORIENTED_EDGE('',*,*,#2559,.T.);
#4690 = ORIENTED_EDGE('',*,*,#3798,.T.);
#4691 = ADVANCED_FACE('',(#4692),#2543,.F.);
#4692 = FACE_BOUND('',#4693,.F.);
#4693 = EDGE_LOOP('',(#4694,#4695));
#4694 = ORIENTED_EDGE('',*,*,#2526,.F.);
#4695 = ORIENTED_EDGE('',*,*,#4668,.T.);
#4696 = ADVANCED_FACE('',(#4697),#2619,.F.);
#4697 = FACE_BOUND('',#4698,.F.);
#4698 = EDGE_LOOP('',(#4699,#4700,#4722,#4723));
#4699 = ORIENTED_EDGE('',*,*,#2604,.F.);
#4700 = ORIENTED_EDGE('',*,*,#4701,.F.);
#4701 = EDGE_CURVE('',#2631,#2605,#4702,.T.);
#4702 = SURFACE_CURVE('',#4703,(#4708,#4715),.PCURVE_S1.);
#4703 = CIRCLE('',#4704,0.26);
#4704 = AXIS2_PLACEMENT_3D('',#4705,#4706,#4707);
#4705 = CARTESIAN_POINT('',(22.45,1.355886684742,1.804472287805));
#4706 = DIRECTION('',(1.,-0.,0.));
#4707 = DIRECTION('',(0.,0.433883739118,-0.900968867902));
#4708 = PCURVE('',#2619,#4709);
#4709 = DEFINITIONAL_REPRESENTATION('',(#4710),#4714);
#4710 = LINE('',#4711,#4712);
#4711 = CARTESIAN_POINT('',(6.28318530718,-2.65));
#4712 = VECTOR('',#4713,1.);
#4713 = DIRECTION('',(-1.,0.));
#4714 = ( GEOMETRIC_REPRESENTATION_CONTEXT(2) 
PARAMETRIC_REPRESENTATION_CONTEXT() REPRESENTATION_CONTEXT('2D SPACE',''
  ) );
#4715 = PCURVE('',#2647,#4716);
#4716 = DEFINITIONAL_REPRESENTATION('',(#4717),#4721);
#4717 = CIRCLE('',#4718,0.26);
#4718 = AXIS2_PLACEMENT_2D('',#4719,#4720);
#4719 = CARTESIAN_POINT('',(0.,0.));
#4720 = DIRECTION('',(1.715181485509E-17,-1.));
#4721 = ( GEOMETRIC_REPRESENTATION_CONTEXT(2) 
PARAMETRIC_REPRESENTATION_CONTEXT() REPRESENTATION_CONTEXT('2D SPACE',''
  ) );
#4722 = ORIENTED_EDGE('',*,*,#2663,.T.);
#4723 = ORIENTED_EDGE('',*,*,#3821,.T.);
#4724 = ADVANCED_FACE('',(#4725),#2647,.F.);
#4725 = FACE_BOUND('',#4726,.F.);
#4726 = EDGE_LOOP('',(#4727,#4728));
#4727 = ORIENTED_EDGE('',*,*,#2630,.F.);
#4728 = ORIENTED_EDGE('',*,*,#4701,.T.);
#4729 = ADVANCED_FACE('',(#4730),#2723,.F.);
#4730 = FACE_BOUND('',#4731,.F.);
#4731 = EDGE_LOOP('',(#4732,#4733,#4755,#4756));
#4732 = ORIENTED_EDGE('',*,*,#2708,.F.);
#4733 = ORIENTED_EDGE('',*,*,#4734,.F.);
#4734 = EDGE_CURVE('',#2735,#2709,#4735,.T.);
#4735 = SURFACE_CURVE('',#4736,(#4741,#4748),.PCURVE_S1.);
#4736 = CIRCLE('',#4737,0.26);
#4737 = AXIS2_PLACEMENT_3D('',#4738,#4739,#4740);
#4738 = CARTESIAN_POINT('',(22.45,1.948405630809,2.176776617287));
#4739 = DIRECTION('',(1.,-0.,0.));
#4740 = DIRECTION('',(0.,0.623489801859,-0.781831482468));
#4741 = PCURVE('',#2723,#4742);
#4742 = DEFINITIONAL_REPRESENTATION('',(#4743),#4747);
#4743 = LINE('',#4744,#4745);
#4744 = CARTESIAN_POINT('',(6.28318530718,-2.65));
#4745 = VECTOR('',#4746,1.);
#4746 = DIRECTION('',(-1.,0.));
#4747 = ( GEOMETRIC_REPRESENTATION_CONTEXT(2) 
PARAMETRIC_REPRESENTATION_CONTEXT() REPRESENTATION_CONTEXT('2D SPACE',''
  ) );
#4748 = PCURVE('',#2751,#4749);
#4749 = DEFINITIONAL_REPRESENTATION('',(#4750),#4754);
#4750 = CIRCLE('',#4751,0.26);
#4751 = AXIS2_PLACEMENT_2D('',#4752,#4753);
#4752 = CARTESIAN_POINT('',(0.,0.));
#4753 = DIRECTION('',(-5.883195858806E-17,-1.));
#4754 = ( GEOMETRIC_REPRESENTATION_CONTEXT(2) 
PARAMETRIC_REPRESENTATION_CONTEXT() REPRESENTATION_CONTEXT('2D SPACE',''
  ) );
#4755 = ORIENTED_EDGE('',*,*,#2767,.T.);
#4756 = ORIENTED_EDGE('',*,*,#3844,.T.);
#4757 = ADVANCED_FACE('',(#4758),#2751,.F.);
#4758 = FACE_BOUND('',#4759,.F.);
#4759 = EDGE_LOOP('',(#4760,#4761));
#4760 = ORIENTED_EDGE('',*,*,#2734,.F.);
#4761 = ORIENTED_EDGE('',*,*,#4734,.T.);
#4762 = ADVANCED_FACE('',(#4763),#2827,.F.);
#4763 = FACE_BOUND('',#4764,.F.);
#4764 = EDGE_LOOP('',(#4765,#4766,#4788,#4789));
#4765 = ORIENTED_EDGE('',*,*,#2812,.F.);
#4766 = ORIENTED_EDGE('',*,*,#4767,.F.);
#4767 = EDGE_CURVE('',#2839,#2813,#4768,.T.);
#4768 = SURFACE_CURVE('',#4769,(#4774,#4781),.PCURVE_S1.);
#4769 = CIRCLE('',#4770,0.26);
#4770 = AXIS2_PLACEMENT_3D('',#4771,#4772,#4773);
#4771 = CARTESIAN_POINT('',(22.45,2.443223382713,2.671594369191));
#4772 = DIRECTION('',(1.,-0.,0.));
#4773 = DIRECTION('',(0.,0.781831482468,-0.623489801859));
#4774 = PCURVE('',#2827,#4775);
#4775 = DEFINITIONAL_REPRESENTATION('',(#4776),#4780);
#4776 = LINE('',#4777,#4778);
#4777 = CARTESIAN_POINT('',(6.28318530718,-2.65));
#4778 = VECTOR('',#4779,1.);
#4779 = DIRECTION('',(-1.,0.));
#4780 = ( GEOMETRIC_REPRESENTATION_CONTEXT(2) 
PARAMETRIC_REPRESENTATION_CONTEXT() REPRESENTATION_CONTEXT('2D SPACE',''
  ) );
#4781 = PCURVE('',#2855,#4782);
#4782 = DEFINITIONAL_REPRESENTATION('',(#4783),#4787);
#4783 = CIRCLE('',#4784,0.26);
#4784 = AXIS2_PLACEMENT_2D('',#4785,#4786);
#4785 = CARTESIAN_POINT('',(0.,0.));
#4786 = DIRECTION('',(-5.883195858806E-17,-1.));
#4787 = ( GEOMETRIC_REPRESENTATION_CONTEXT(2) 
PARAMETRIC_REPRESENTATION_CONTEXT() REPRESENTATION_CONTEXT('2D SPACE',''
  ) );
#4788 = ORIENTED_EDGE('',*,*,#2871,.T.);
#4789 = ORIENTED_EDGE('',*,*,#3867,.T.);
#4790 = ADVANCED_FACE('',(#4791),#2855,.F.);
#4791 = FACE_BOUND('',#4792,.F.);
#4792 = EDGE_LOOP('',(#4793,#4794));
#4793 = ORIENTED_EDGE('',*,*,#2838,.F.);
#4794 = ORIENTED_EDGE('',*,*,#4767,.T.);
#4795 = ADVANCED_FACE('',(#4796),#2931,.F.);
#4796 = FACE_BOUND('',#4797,.F.);
#4797 = EDGE_LOOP('',(#4798,#4799,#4821,#4822));
#4798 = ORIENTED_EDGE('',*,*,#2916,.F.);
#4799 = ORIENTED_EDGE('',*,*,#4800,.F.);
#4800 = EDGE_CURVE('',#2943,#2917,#4801,.T.);
#4801 = SURFACE_CURVE('',#4802,(#4807,#4814),.PCURVE_S1.);
#4802 = CIRCLE('',#4803,0.26);
#4803 = AXIS2_PLACEMENT_3D('',#4804,#4805,#4806);
#4804 = CARTESIAN_POINT('',(22.45,2.815527712195,3.264113315258));
#4805 = DIRECTION('',(1.,-0.,0.));
#4806 = DIRECTION('',(0.,0.900968867902,-0.433883739118));
#4807 = PCURVE('',#2931,#4808);
#4808 = DEFINITIONAL_REPRESENTATION('',(#4809),#4813);
#4809 = LINE('',#4810,#4811);
#4810 = CARTESIAN_POINT('',(6.28318530718,-2.65));
#4811 = VECTOR('',#4812,1.);
#4812 = DIRECTION('',(-1.,0.));
#4813 = ( GEOMETRIC_REPRESENTATION_CONTEXT(2) 
PARAMETRIC_REPRESENTATION_CONTEXT() REPRESENTATION_CONTEXT('2D SPACE',''
  ) );
#4814 = PCURVE('',#2959,#4815);
#4815 = DEFINITIONAL_REPRESENTATION('',(#4816),#4820);
#4816 = CIRCLE('',#4817,0.26);
#4817 = AXIS2_PLACEMENT_2D('',#4818,#4819);
#4818 = CARTESIAN_POINT('',(0.,0.));
#4819 = DIRECTION('',(1.715181485509E-17,-1.));
#4820 = ( GEOMETRIC_REPRESENTATION_CONTEXT(2) 
PARAMETRIC_REPRESENTATION_CONTEXT() REPRESENTATION_CONTEXT('2D SPACE',''
  ) );
#4821 = ORIENTED_EDGE('',*,*,#2975,.T.);
#4822 = ORIENTED_EDGE('',*,*,#3890,.T.);
#4823 = ADVANCED_FACE('',(#4824),#2959,.F.);
#4824 = FACE_BOUND('',#4825,.F.);
#4825 = EDGE_LOOP('',(#4826,#4827));
#4826 = ORIENTED_EDGE('',*,*,#2942,.F.);
#4827 = ORIENTED_EDGE('',*,*,#4800,.T.);
#4828 = ADVANCED_FACE('',(#4829),#3035,.F.);
#4829 = FACE_BOUND('',#4830,.F.);
#4830 = EDGE_LOOP('',(#4831,#4832,#4854,#4855));
#4831 = ORIENTED_EDGE('',*,*,#3020,.F.);
#4832 = ORIENTED_EDGE('',*,*,#4833,.F.);
#4833 = EDGE_CURVE('',#3047,#3021,#4834,.T.);
#4834 = SURFACE_CURVE('',#4835,(#4840,#4847),.PCURVE_S1.);
#4835 = CIRCLE('',#4836,0.26);
#4836 = AXIS2_PLACEMENT_3D('',#4837,#4838,#4839);
#4837 = CARTESIAN_POINT('',(22.45,3.046649725568,3.924622081387));
#4838 = DIRECTION('',(1.,-0.,0.));
#4839 = DIRECTION('',(0.,0.974927912182,-0.222520933956));
#4840 = PCURVE('',#3035,#4841);
#4841 = DEFINITIONAL_REPRESENTATION('',(#4842),#4846);
#4842 = LINE('',#4843,#4844);
#4843 = CARTESIAN_POINT('',(6.28318530718,-2.65));
#4844 = VECTOR('',#4845,1.);
#4845 = DIRECTION('',(-1.,0.));
#4846 = ( GEOMETRIC_REPRESENTATION_CONTEXT(2) 
PARAMETRIC_REPRESENTATION_CONTEXT() REPRESENTATION_CONTEXT('2D SPACE',''
  ) );
#4847 = PCURVE('',#3063,#4848);
#4848 = DEFINITIONAL_REPRESENTATION('',(#4849),#4853);
#4849 = CIRCLE('',#4850,0.26);
#4850 = AXIS2_PLACEMENT_2D('',#4851,#4852);
#4851 = CARTESIAN_POINT('',(0.,0.));
#4852 = DIRECTION('',(2.975000062046E-18,-1.));
#4853 = ( GEOMETRIC_REPRESENTATION_CONTEXT(2) 
PARAMETRIC_REPRESENTATION_CONTEXT() REPRESENTATION_CONTEXT('2D SPACE',''
  ) );
#4854 = ORIENTED_EDGE('',*,*,#3079,.T.);
#4855 = ORIENTED_EDGE('',*,*,#3913,.T.);
#4856 = ADVANCED_FACE('',(#4857),#3063,.F.);
#4857 = FACE_BOUND('',#4858,.F.);
#4858 = EDGE_LOOP('',(#4859,#4860));
#4859 = ORIENTED_EDGE('',*,*,#3046,.F.);
#4860 = ORIENTED_EDGE('',*,*,#4833,.T.);
#4861 = ADVANCED_FACE('',(#4862,#4865,#5035),#3216,.T.);
#4862 = FACE_BOUND('',#4863,.T.);
#4863 = EDGE_LOOP('',(#4864));
#4864 = ORIENTED_EDGE('',*,*,#3201,.T.);
#4865 = FACE_BOUND('',#4866,.T.);
#4866 = EDGE_LOOP('',(#4867,#4897,#4925,#4953,#4981,#5009));
#4867 = ORIENTED_EDGE('',*,*,#4868,.T.);
#4868 = EDGE_CURVE('',#4869,#4871,#4873,.T.);
#4869 = VERTEX_POINT('',#4870);
#4870 = CARTESIAN_POINT('',(23.65,0.156557987011,4.690386603811));
#4871 = VERTEX_POINT('',#4872);
#4872 = CARTESIAN_POINT('',(23.65,1.234345180448,3.111662987438));
#4873 = SURFACE_CURVE('',#4874,(#4878,#4885),.PCURVE_S1.);
#4874 = LINE('',#4875,#4876);
#4875 = CARTESIAN_POINT('',(23.65,0.156557987011,4.690386603811));
#4876 = VECTOR('',#4877,1.);
#4877 = DIRECTION('',(0.,0.563831238923,-0.825890025375));
#4878 = PCURVE('',#3216,#4879);
#4879 = DEFINITIONAL_REPRESENTATION('',(#4880),#4884);
#4880 = LINE('',#4881,#4882);
#4881 = CARTESIAN_POINT('',(7.0386603811E-02,-0.156557987011));
#4882 = VECTOR('',#4883,1.);
#4883 = DIRECTION('',(-0.825890025375,-0.563831238923));
#4884 = ( GEOMETRIC_REPRESENTATION_CONTEXT(2) 
PARAMETRIC_REPRESENTATION_CONTEXT() REPRESENTATION_CONTEXT('2D SPACE',''
  ) );
#4885 = PCURVE('',#4886,#4891);
#4886 = PLANE('',#4887);
#4887 = AXIS2_PLACEMENT_3D('',#4888,#4889,#4890);
#4888 = CARTESIAN_POINT('',(23.65,0.156557987011,4.690386603811));
#4889 = DIRECTION('',(0.,-0.825890025375,-0.563831238923));
#4890 = DIRECTION('',(0.,0.563831238923,-0.825890025375));
#4891 = DEFINITIONAL_REPRESENTATION('',(#4892),#4896);
#4892 = LINE('',#4893,#4894);
#4893 = CARTESIAN_POINT('',(0.,0.));
#4894 = VECTOR('',#4895,1.);
#4895 = DIRECTION('',(1.,0.));
#4896 = ( GEOMETRIC_REPRESENTATION_CONTEXT(2) 
PARAMETRIC_REPRESENTATION_CONTEXT() REPRESENTATION_CONTEXT('2D SPACE',''
  ) );
#4897 = ORIENTED_EDGE('',*,*,#4898,.T.);
#4898 = EDGE_CURVE('',#4871,#4899,#4901,.T.);
#4899 = VERTEX_POINT('',#4900);
#4900 = CARTESIAN_POINT('',(23.65,0.50038364856,3.111662987438));
#4901 = SURFACE_CURVE('',#4902,(#4906,#4913),.PCURVE_S1.);
#4902 = LINE('',#4903,#4904);
#4903 = CARTESIAN_POINT('',(23.65,1.234345180448,3.111662987438));
#4904 = VECTOR('',#4905,1.);
#4905 = DIRECTION('',(0.,-1.,0.));
#4906 = PCURVE('',#3216,#4907);
#4907 = DEFINITIONAL_REPRESENTATION('',(#4908),#4912);
#4908 = LINE('',#4909,#4910);
#4909 = CARTESIAN_POINT('',(-1.508337012562,-1.234345180448));
#4910 = VECTOR('',#4911,1.);
#4911 = DIRECTION('',(0.,1.));
#4912 = ( GEOMETRIC_REPRESENTATION_CONTEXT(2) 
PARAMETRIC_REPRESENTATION_CONTEXT() REPRESENTATION_CONTEXT('2D SPACE',''
  ) );
#4913 = PCURVE('',#4914,#4919);
#4914 = PLANE('',#4915);
#4915 = AXIS2_PLACEMENT_3D('',#4916,#4917,#4918);
#4916 = CARTESIAN_POINT('',(23.65,1.234345180448,3.111662987438));
#4917 = DIRECTION('',(-0.,0.,1.));
#4918 = DIRECTION('',(0.,-1.,0.));
#4919 = DEFINITIONAL_REPRESENTATION('',(#4920),#4924);
#4920 = LINE('',#4921,#4922);
#4921 = CARTESIAN_POINT('',(0.,0.));
#4922 = VECTOR('',#4923,1.);
#4923 = DIRECTION('',(1.,0.));
#4924 = ( GEOMETRIC_REPRESENTATION_CONTEXT(2) 
PARAMETRIC_REPRESENTATION_CONTEXT() REPRESENTATION_CONTEXT('2D SPACE',''
  ) );
#4925 = ORIENTED_EDGE('',*,*,#4926,.T.);
#4926 = EDGE_CURVE('',#4899,#4927,#4929,.T.);
#4927 = VERTEX_POINT('',#4928);
#4928 = CARTESIAN_POINT('',(23.65,-0.46562028228,4.665204660039));
#4929 = SURFACE_CURVE('',#4930,(#4934,#4941),.PCURVE_S1.);
#4930 = LINE('',#4931,#4932);
#4931 = CARTESIAN_POINT('',(23.65,0.50038364856,3.111662987438));
#4932 = VECTOR('',#4933,1.);
#4933 = DIRECTION('',(0.,-0.528047998269,0.849214526209));
#4934 = PCURVE('',#3216,#4935);
#4935 = DEFINITIONAL_REPRESENTATION('',(#4936),#4940);
#4936 = LINE('',#4937,#4938);
#4937 = CARTESIAN_POINT('',(-1.508337012562,-0.50038364856));
#4938 = VECTOR('',#4939,1.);
#4939 = DIRECTION('',(0.849214526209,0.528047998269));
#4940 = ( GEOMETRIC_REPRESENTATION_CONTEXT(2) 
PARAMETRIC_REPRESENTATION_CONTEXT() REPRESENTATION_CONTEXT('2D SPACE',''
  ) );
#4941 = PCURVE('',#4942,#4947);
#4942 = PLANE('',#4943);
#4943 = AXIS2_PLACEMENT_3D('',#4944,#4945,#4946);
#4944 = CARTESIAN_POINT('',(23.65,0.50038364856,3.111662987438));
#4945 = DIRECTION('',(-0.,0.849214526209,0.528047998269));
#4946 = DIRECTION('',(0.,-0.528047998269,0.849214526209));
#4947 = DEFINITIONAL_REPRESENTATION('',(#4948),#4952);
#4948 = LINE('',#4949,#4950);
#4949 = CARTESIAN_POINT('',(0.,0.));
#4950 = VECTOR('',#4951,1.);
#4951 = DIRECTION('',(1.,0.));
#4952 = ( GEOMETRIC_REPRESENTATION_CONTEXT(2) 
PARAMETRIC_REPRESENTATION_CONTEXT() REPRESENTATION_CONTEXT('2D SPACE',''
  ) );
#4953 = ORIENTED_EDGE('',*,*,#4954,.T.);
#4954 = EDGE_CURVE('',#4927,#4955,#4957,.T.);
#4955 = VERTEX_POINT('',#4956);
#4956 = CARTESIAN_POINT('',(23.65,0.495838614806,6.128337012562));
#4957 = SURFACE_CURVE('',#4958,(#4962,#4969),.PCURVE_S1.);
#4958 = LINE('',#4959,#4960);
#4959 = CARTESIAN_POINT('',(23.65,-0.46562028228,4.665204660039));
#4960 = VECTOR('',#4961,1.);
#4961 = DIRECTION('',(0.,0.549166686115,0.835712839953));
#4962 = PCURVE('',#3216,#4963);
#4963 = DEFINITIONAL_REPRESENTATION('',(#4964),#4968);
#4964 = LINE('',#4965,#4966);
#4965 = CARTESIAN_POINT('',(4.5204660039E-02,0.46562028228));
#4966 = VECTOR('',#4967,1.);
#4967 = DIRECTION('',(0.835712839953,-0.549166686115));
#4968 = ( GEOMETRIC_REPRESENTATION_CONTEXT(2) 
PARAMETRIC_REPRESENTATION_CONTEXT() REPRESENTATION_CONTEXT('2D SPACE',''
  ) );
#4969 = PCURVE('',#4970,#4975);
#4970 = PLANE('',#4971);
#4971 = AXIS2_PLACEMENT_3D('',#4972,#4973,#4974);
#4972 = CARTESIAN_POINT('',(23.65,-0.46562028228,4.665204660039));
#4973 = DIRECTION('',(0.,0.835712839953,-0.549166686115));
#4974 = DIRECTION('',(0.,0.549166686115,0.835712839953));
#4975 = DEFINITIONAL_REPRESENTATION('',(#4976),#4980);
#4976 = LINE('',#4977,#4978);
#4977 = CARTESIAN_POINT('',(0.,0.));
#4978 = VECTOR('',#4979,1.);
#4979 = DIRECTION('',(1.,0.));
#4980 = ( GEOMETRIC_REPRESENTATION_CONTEXT(2) 
PARAMETRIC_REPRESENTATION_CONTEXT() REPRESENTATION_CONTEXT('2D SPACE',''
  ) );
#4981 = ORIENTED_EDGE('',*,*,#4982,.T.);
#4982 = EDGE_CURVE('',#4955,#4983,#4985,.T.);
#4983 = VERTEX_POINT('',#4984);
#4984 = CARTESIAN_POINT('',(23.65,1.181278840402,6.128337012562));
#4985 = SURFACE_CURVE('',#4986,(#4990,#4997),.PCURVE_S1.);
#4986 = LINE('',#4987,#4988);
#4987 = CARTESIAN_POINT('',(23.65,0.495838614806,6.128337012562));
#4988 = VECTOR('',#4989,1.);
#4989 = DIRECTION('',(0.,1.,0.));
#4990 = PCURVE('',#3216,#4991);
#4991 = DEFINITIONAL_REPRESENTATION('',(#4992),#4996);
#4992 = LINE('',#4993,#4994);
#4993 = CARTESIAN_POINT('',(1.508337012562,-0.495838614806));
#4994 = VECTOR('',#4995,1.);
#4995 = DIRECTION('',(0.,-1.));
#4996 = ( GEOMETRIC_REPRESENTATION_CONTEXT(2) 
PARAMETRIC_REPRESENTATION_CONTEXT() REPRESENTATION_CONTEXT('2D SPACE',''
  ) );
#4997 = PCURVE('',#4998,#5003);
#4998 = PLANE('',#4999);
#4999 = AXIS2_PLACEMENT_3D('',#5000,#5001,#5002);
#5000 = CARTESIAN_POINT('',(23.65,0.495838614806,6.128337012562));
#5001 = DIRECTION('',(0.,0.,-1.));
#5002 = DIRECTION('',(0.,1.,0.));
#5003 = DEFINITIONAL_REPRESENTATION('',(#5004),#5008);
#5004 = LINE('',#5005,#5006);
#5005 = CARTESIAN_POINT('',(0.,0.));
#5006 = VECTOR('',#5007,1.);
#5007 = DIRECTION('',(1.,0.));
#5008 = ( GEOMETRIC_REPRESENTATION_CONTEXT(2) 
PARAMETRIC_REPRESENTATION_CONTEXT() REPRESENTATION_CONTEXT('2D SPACE',''
  ) );
#5009 = ORIENTED_EDGE('',*,*,#5010,.T.);
#5010 = EDGE_CURVE('',#4983,#4869,#5011,.T.);
#5011 = SURFACE_CURVE('',#5012,(#5016,#5023),.PCURVE_S1.);
#5012 = LINE('',#5013,#5014);
#5013 = CARTESIAN_POINT('',(23.65,1.181278840402,6.128337012562));
#5014 = VECTOR('',#5015,1.);
#5015 = DIRECTION('',(0.,-0.580342849073,-0.814372259799));
#5016 = PCURVE('',#3216,#5017);
#5017 = DEFINITIONAL_REPRESENTATION('',(#5018),#5022);
#5018 = LINE('',#5019,#5020);
#5019 = CARTESIAN_POINT('',(1.508337012562,-1.181278840402));
#5020 = VECTOR('',#5021,1.);
#5021 = DIRECTION('',(-0.814372259799,0.580342849073));
#5022 = ( GEOMETRIC_REPRESENTATION_CONTEXT(2) 
PARAMETRIC_REPRESENTATION_CONTEXT() REPRESENTATION_CONTEXT('2D SPACE',''
  ) );
#5023 = PCURVE('',#5024,#5029);
#5024 = PLANE('',#5025);
#5025 = AXIS2_PLACEMENT_3D('',#5026,#5027,#5028);
#5026 = CARTESIAN_POINT('',(23.65,1.181278840402,6.128337012562));
#5027 = DIRECTION('',(0.,-0.814372259799,0.580342849073));
#5028 = DIRECTION('',(0.,-0.580342849073,-0.814372259799));
#5029 = DEFINITIONAL_REPRESENTATION('',(#5030),#5034);
#5030 = LINE('',#5031,#5032);
#5031 = CARTESIAN_POINT('',(0.,0.));
#5032 = VECTOR('',#5033,1.);
#5033 = DIRECTION('',(1.,0.));
#5034 = ( GEOMETRIC_REPRESENTATION_CONTEXT(2) 
PARAMETRIC_REPRESENTATION_CONTEXT() REPRESENTATION_CONTEXT('2D SPACE',''
  ) );
#5035 = FACE_BOUND('',#5036,.T.);
#5036 = EDGE_LOOP('',(#5037,#5067,#5095,#5123));
#5037 = ORIENTED_EDGE('',*,*,#5038,.T.);
#5038 = EDGE_CURVE('',#5039,#5041,#5043,.T.);
#5039 = VERTEX_POINT('',#5040);
#5040 = CARTESIAN_POINT('',(23.65,-1.234345180448,3.111662987438));
#5041 = VERTEX_POINT('',#5042);
#5042 = CARTESIAN_POINT('',(23.65,-1.234345180448,3.738386290483));
#5043 = SURFACE_CURVE('',#5044,(#5048,#5055),.PCURVE_S1.);
#5044 = LINE('',#5045,#5046);
#5045 = CARTESIAN_POINT('',(23.65,-1.234345180448,3.111662987438));
#5046 = VECTOR('',#5047,1.);
#5047 = DIRECTION('',(0.,0.,1.));
#5048 = PCURVE('',#3216,#5049);
#5049 = DEFINITIONAL_REPRESENTATION('',(#5050),#5054);
#5050 = LINE('',#5051,#5052);
#5051 = CARTESIAN_POINT('',(-1.508337012562,1.234345180448));
#5052 = VECTOR('',#5053,1.);
#5053 = DIRECTION('',(1.,0.));
#5054 = ( GEOMETRIC_REPRESENTATION_CONTEXT(2) 
PARAMETRIC_REPRESENTATION_CONTEXT() REPRESENTATION_CONTEXT('2D SPACE',''
  ) );
#5055 = PCURVE('',#5056,#5061);
#5056 = PLANE('',#5057);
#5057 = AXIS2_PLACEMENT_3D('',#5058,#5059,#5060);
#5058 = CARTESIAN_POINT('',(23.65,-1.234345180448,3.111662987438));
#5059 = DIRECTION('',(0.,1.,0.));
#5060 = DIRECTION('',(0.,-0.,1.));
#5061 = DEFINITIONAL_REPRESENTATION('',(#5062),#5066);
#5062 = LINE('',#5063,#5064);
#5063 = CARTESIAN_POINT('',(0.,0.));
#5064 = VECTOR('',#5065,1.);
#5065 = DIRECTION('',(1.,0.));
#5066 = ( GEOMETRIC_REPRESENTATION_CONTEXT(2) 
PARAMETRIC_REPRESENTATION_CONTEXT() REPRESENTATION_CONTEXT('2D SPACE',''
  ) );
#5067 = ORIENTED_EDGE('',*,*,#5068,.T.);
#5068 = EDGE_CURVE('',#5041,#5069,#5071,.T.);
#5069 = VERTEX_POINT('',#5070);
#5070 = CARTESIAN_POINT('',(23.65,-0.356907988435,3.738386290483));
#5071 = SURFACE_CURVE('',#5072,(#5076,#5083),.PCURVE_S1.);
#5072 = LINE('',#5073,#5074);
#5073 = CARTESIAN_POINT('',(23.65,-1.234345180448,3.738386290483));
#5074 = VECTOR('',#5075,1.);
#5075 = DIRECTION('',(0.,1.,0.));
#5076 = PCURVE('',#3216,#5077);
#5077 = DEFINITIONAL_REPRESENTATION('',(#5078),#5082);
#5078 = LINE('',#5079,#5080);
#5079 = CARTESIAN_POINT('',(-0.881613709517,1.234345180448));
#5080 = VECTOR('',#5081,1.);
#5081 = DIRECTION('',(0.,-1.));
#5082 = ( GEOMETRIC_REPRESENTATION_CONTEXT(2) 
PARAMETRIC_REPRESENTATION_CONTEXT() REPRESENTATION_CONTEXT('2D SPACE',''
  ) );
#5083 = PCURVE('',#5084,#5089);
#5084 = PLANE('',#5085);
#5085 = AXIS2_PLACEMENT_3D('',#5086,#5087,#5088);
#5086 = CARTESIAN_POINT('',(23.65,-1.234345180448,3.738386290483));
#5087 = DIRECTION('',(0.,0.,-1.));
#5088 = DIRECTION('',(0.,1.,0.));
#5089 = DEFINITIONAL_REPRESENTATION('',(#5090),#5094);
#5090 = LINE('',#5091,#5092);
#5091 = CARTESIAN_POINT('',(0.,0.));
#5092 = VECTOR('',#5093,1.);
#5093 = DIRECTION('',(1.,0.));
#5094 = ( GEOMETRIC_REPRESENTATION_CONTEXT(2) 
PARAMETRIC_REPRESENTATION_CONTEXT() REPRESENTATION_CONTEXT('2D SPACE',''
  ) );
#5095 = ORIENTED_EDGE('',*,*,#5096,.T.);
#5096 = EDGE_CURVE('',#5069,#5097,#5099,.T.);
#5097 = VERTEX_POINT('',#5098);
#5098 = CARTESIAN_POINT('',(23.65,-0.356907988435,3.111662987438));
#5099 = SURFACE_CURVE('',#5100,(#5104,#5111),.PCURVE_S1.);
#5100 = LINE('',#5101,#5102);
#5101 = CARTESIAN_POINT('',(23.65,-0.356907988435,3.738386290483));
#5102 = VECTOR('',#5103,1.);
#5103 = DIRECTION('',(0.,0.,-1.));
#5104 = PCURVE('',#3216,#5105);
#5105 = DEFINITIONAL_REPRESENTATION('',(#5106),#5110);
#5106 = LINE('',#5107,#5108);
#5107 = CARTESIAN_POINT('',(-0.881613709517,0.356907988435));
#5108 = VECTOR('',#5109,1.);
#5109 = DIRECTION('',(-1.,0.));
#5110 = ( GEOMETRIC_REPRESENTATION_CONTEXT(2) 
PARAMETRIC_REPRESENTATION_CONTEXT() REPRESENTATION_CONTEXT('2D SPACE',''
  ) );
#5111 = PCURVE('',#5112,#5117);
#5112 = PLANE('',#5113);
#5113 = AXIS2_PLACEMENT_3D('',#5114,#5115,#5116);
#5114 = CARTESIAN_POINT('',(23.65,-0.356907988435,3.738386290483));
#5115 = DIRECTION('',(0.,-1.,0.));
#5116 = DIRECTION('',(0.,0.,-1.));
#5117 = DEFINITIONAL_REPRESENTATION('',(#5118),#5122);
#5118 = LINE('',#5119,#5120);
#5119 = CARTESIAN_POINT('',(0.,0.));
#5120 = VECTOR('',#5121,1.);
#5121 = DIRECTION('',(1.,0.));
#5122 = ( GEOMETRIC_REPRESENTATION_CONTEXT(2) 
PARAMETRIC_REPRESENTATION_CONTEXT() REPRESENTATION_CONTEXT('2D SPACE',''
  ) );
#5123 = ORIENTED_EDGE('',*,*,#5124,.T.);
#5124 = EDGE_CURVE('',#5097,#5039,#5125,.T.);
#5125 = SURFACE_CURVE('',#5126,(#5130,#5137),.PCURVE_S1.);
#5126 = LINE('',#5127,#5128);
#5127 = CARTESIAN_POINT('',(23.65,-0.356907988435,3.111662987438));
#5128 = VECTOR('',#5129,1.);
#5129 = DIRECTION('',(0.,-1.,0.));
#5130 = PCURVE('',#3216,#5131);
#5131 = DEFINITIONAL_REPRESENTATION('',(#5132),#5136);
#5132 = LINE('',#5133,#5134);
#5133 = CARTESIAN_POINT('',(-1.508337012562,0.356907988435));
#5134 = VECTOR('',#5135,1.);
#5135 = DIRECTION('',(0.,1.));
#5136 = ( GEOMETRIC_REPRESENTATION_CONTEXT(2) 
PARAMETRIC_REPRESENTATION_CONTEXT() REPRESENTATION_CONTEXT('2D SPACE',''
  ) );
#5137 = PCURVE('',#5138,#5143);
#5138 = PLANE('',#5139);
#5139 = AXIS2_PLACEMENT_3D('',#5140,#5141,#5142);
#5140 = CARTESIAN_POINT('',(23.65,-0.356907988435,3.111662987438));
#5141 = DIRECTION('',(-0.,0.,1.));
#5142 = DIRECTION('',(0.,-1.,0.));
#5143 = DEFINITIONAL_REPRESENTATION('',(#5144),#5148);
#5144 = LINE('',#5145,#5146);
#5145 = CARTESIAN_POINT('',(0.,0.));
#5146 = VECTOR('',#5147,1.);
#5147 = DIRECTION('',(1.,0.));
#5148 = ( GEOMETRIC_REPRESENTATION_CONTEXT(2) 
PARAMETRIC_REPRESENTATION_CONTEXT() REPRESENTATION_CONTEXT('2D SPACE',''
  ) );
#5149 = ADVANCED_FACE('',(#5150),#3959,.F.);
#5150 = FACE_BOUND('',#5151,.F.);
#5151 = EDGE_LOOP('',(#5152,#5175,#5202,#5203));
#5152 = ORIENTED_EDGE('',*,*,#5153,.T.);
#5153 = EDGE_CURVE('',#3939,#5154,#5156,.T.);
#5154 = VERTEX_POINT('',#5155);
#5155 = CARTESIAN_POINT('',(20.6,2.3,4.62));
#5156 = SEAM_CURVE('',#5157,(#5161,#5168),.PCURVE_S1.);
#5157 = LINE('',#5158,#5159);
#5158 = CARTESIAN_POINT('',(19.7,2.3,4.62));
#5159 = VECTOR('',#5160,1.);
#5160 = DIRECTION('',(1.,0.,0.));
#5161 = PCURVE('',#3959,#5162);
#5162 = DEFINITIONAL_REPRESENTATION('',(#5163),#5167);
#5163 = LINE('',#5164,#5165);
#5164 = CARTESIAN_POINT('',(-4.138911435803E-13,0.));
#5165 = VECTOR('',#5166,1.);
#5166 = DIRECTION('',(-0.,-1.));
#5167 = ( GEOMETRIC_REPRESENTATION_CONTEXT(2) 
PARAMETRIC_REPRESENTATION_CONTEXT() REPRESENTATION_CONTEXT('2D SPACE',''
  ) );
#5168 = PCURVE('',#3959,#5169);
#5169 = DEFINITIONAL_REPRESENTATION('',(#5170),#5174);
#5170 = LINE('',#5171,#5172);
#5171 = CARTESIAN_POINT('',(6.28318530718,0.));
#5172 = VECTOR('',#5173,1.);
#5173 = DIRECTION('',(-0.,-1.));
#5174 = ( GEOMETRIC_REPRESENTATION_CONTEXT(2) 
PARAMETRIC_REPRESENTATION_CONTEXT() REPRESENTATION_CONTEXT('2D SPACE',''
  ) );
#5175 = ORIENTED_EDGE('',*,*,#5176,.F.);
#5176 = EDGE_CURVE('',#5154,#5154,#5177,.T.);
#5177 = SURFACE_CURVE('',#5178,(#5183,#5190),.PCURVE_S1.);
#5178 = CIRCLE('',#5179,2.3);
#5179 = AXIS2_PLACEMENT_3D('',#5180,#5181,#5182);
#5180 = CARTESIAN_POINT('',(20.6,0.,4.62));
#5181 = DIRECTION('',(1.,0.,0.));
#5182 = DIRECTION('',(-0.,1.,0.));
#5183 = PCURVE('',#3959,#5184);
#5184 = DEFINITIONAL_REPRESENTATION('',(#5185),#5189);
#5185 = LINE('',#5186,#5187);
#5186 = CARTESIAN_POINT('',(6.28318530718,-0.9));
#5187 = VECTOR('',#5188,1.);
#5188 = DIRECTION('',(-1.,0.));
#5189 = ( GEOMETRIC_REPRESENTATION_CONTEXT(2) 
PARAMETRIC_REPRESENTATION_CONTEXT() REPRESENTATION_CONTEXT('2D SPACE',''
  ) );
#5190 = PCURVE('',#5191,#5196);
#5191 = PLANE('',#5192);
#5192 = AXIS2_PLACEMENT_3D('',#5193,#5194,#5195);
#5193 = CARTESIAN_POINT('',(20.6,-2.229521955227E-16,4.62));
#5194 = DIRECTION('',(1.,0.,0.));
#5195 = DIRECTION('',(-0.,0.,1.));
#5196 = DEFINITIONAL_REPRESENTATION('',(#5197),#5201);
#5197 = CIRCLE('',#5198,2.3);
#5198 = AXIS2_PLACEMENT_2D('',#5199,#5200);
#5199 = CARTESIAN_POINT('',(0.,-2.229521955227E-16));
#5200 = DIRECTION('',(0.,-1.));
#5201 = ( GEOMETRIC_REPRESENTATION_CONTEXT(2) 
PARAMETRIC_REPRESENTATION_CONTEXT() REPRESENTATION_CONTEXT('2D SPACE',''
  ) );
#5202 = ORIENTED_EDGE('',*,*,#5153,.F.);
#5203 = ORIENTED_EDGE('',*,*,#3938,.F.);
#5204 = ADVANCED_FACE('',(#5205),#4886,.T.);
#5205 = FACE_BOUND('',#5206,.T.);
#5206 = EDGE_LOOP('',(#5207,#5230,#5258,#5279));
#5207 = ORIENTED_EDGE('',*,*,#5208,.T.);
#5208 = EDGE_CURVE('',#4869,#5209,#5211,.T.);
#5209 = VERTEX_POINT('',#5210);
#5210 = CARTESIAN_POINT('',(23.35,0.156557987011,4.690386603811));
#5211 = SURFACE_CURVE('',#5212,(#5216,#5223),.PCURVE_S1.);
#5212 = LINE('',#5213,#5214);
#5213 = CARTESIAN_POINT('',(23.65,0.156557987011,4.690386603811));
#5214 = VECTOR('',#5215,1.);
#5215 = DIRECTION('',(-1.,-0.,-0.));
#5216 = PCURVE('',#4886,#5217);
#5217 = DEFINITIONAL_REPRESENTATION('',(#5218),#5222);
#5218 = LINE('',#5219,#5220);
#5219 = CARTESIAN_POINT('',(0.,0.));
#5220 = VECTOR('',#5221,1.);
#5221 = DIRECTION('',(0.,-1.));
#5222 = ( GEOMETRIC_REPRESENTATION_CONTEXT(2) 
PARAMETRIC_REPRESENTATION_CONTEXT() REPRESENTATION_CONTEXT('2D SPACE',''
  ) );
#5223 = PCURVE('',#5024,#5224);
#5224 = DEFINITIONAL_REPRESENTATION('',(#5225),#5229);
#5225 = LINE('',#5226,#5227);
#5226 = CARTESIAN_POINT('',(1.765716343415,0.));
#5227 = VECTOR('',#5228,1.);
#5228 = DIRECTION('',(0.,-1.));
#5229 = ( GEOMETRIC_REPRESENTATION_CONTEXT(2) 
PARAMETRIC_REPRESENTATION_CONTEXT() REPRESENTATION_CONTEXT('2D SPACE',''
  ) );
#5230 = ORIENTED_EDGE('',*,*,#5231,.T.);
#5231 = EDGE_CURVE('',#5209,#5232,#5234,.T.);
#5232 = VERTEX_POINT('',#5233);
#5233 = CARTESIAN_POINT('',(23.35,1.234345180448,3.111662987438));
#5234 = SURFACE_CURVE('',#5235,(#5239,#5246),.PCURVE_S1.);
#5235 = LINE('',#5236,#5237);
#5236 = CARTESIAN_POINT('',(23.35,0.156557987011,4.690386603811));
#5237 = VECTOR('',#5238,1.);
#5238 = DIRECTION('',(0.,0.563831238923,-0.825890025375));
#5239 = PCURVE('',#4886,#5240);
#5240 = DEFINITIONAL_REPRESENTATION('',(#5241),#5245);
#5241 = LINE('',#5242,#5243);
#5242 = CARTESIAN_POINT('',(0.,-0.3));
#5243 = VECTOR('',#5244,1.);
#5244 = DIRECTION('',(1.,0.));
#5245 = ( GEOMETRIC_REPRESENTATION_CONTEXT(2) 
PARAMETRIC_REPRESENTATION_CONTEXT() REPRESENTATION_CONTEXT('2D SPACE',''
  ) );
#5246 = PCURVE('',#5247,#5252);
#5247 = PLANE('',#5248);
#5248 = AXIS2_PLACEMENT_3D('',#5249,#5250,#5251);
#5249 = CARTESIAN_POINT('',(23.35,0.43566138261,4.616297352875));
#5250 = DIRECTION('',(-1.,-0.,-0.));
#5251 = DIRECTION('',(0.,0.,-1.));
#5252 = DEFINITIONAL_REPRESENTATION('',(#5253),#5257);
#5253 = LINE('',#5254,#5255);
#5254 = CARTESIAN_POINT('',(-7.4089250936E-02,0.279103395599));
#5255 = VECTOR('',#5256,1.);
#5256 = DIRECTION('',(0.825890025375,-0.563831238923));
#5257 = ( GEOMETRIC_REPRESENTATION_CONTEXT(2) 
PARAMETRIC_REPRESENTATION_CONTEXT() REPRESENTATION_CONTEXT('2D SPACE',''
  ) );
#5258 = ORIENTED_EDGE('',*,*,#5259,.F.);
#5259 = EDGE_CURVE('',#4871,#5232,#5260,.T.);
#5260 = SURFACE_CURVE('',#5261,(#5265,#5272),.PCURVE_S1.);
#5261 = LINE('',#5262,#5263);
#5262 = CARTESIAN_POINT('',(23.65,1.234345180448,3.111662987438));
#5263 = VECTOR('',#5264,1.);
#5264 = DIRECTION('',(-1.,-0.,-0.));
#5265 = PCURVE('',#4886,#5266);
#5266 = DEFINITIONAL_REPRESENTATION('',(#5267),#5271);
#5267 = LINE('',#5268,#5269);
#5268 = CARTESIAN_POINT('',(1.911542176158,0.));
#5269 = VECTOR('',#5270,1.);
#5270 = DIRECTION('',(0.,-1.));
#5271 = ( GEOMETRIC_REPRESENTATION_CONTEXT(2) 
PARAMETRIC_REPRESENTATION_CONTEXT() REPRESENTATION_CONTEXT('2D SPACE',''
  ) );
#5272 = PCURVE('',#4914,#5273);
#5273 = DEFINITIONAL_REPRESENTATION('',(#5274),#5278);
#5274 = LINE('',#5275,#5276);
#5275 = CARTESIAN_POINT('',(0.,0.));
#5276 = VECTOR('',#5277,1.);
#5277 = DIRECTION('',(0.,-1.));
#5278 = ( GEOMETRIC_REPRESENTATION_CONTEXT(2) 
PARAMETRIC_REPRESENTATION_CONTEXT() REPRESENTATION_CONTEXT('2D SPACE',''
  ) );
#5279 = ORIENTED_EDGE('',*,*,#4868,.F.);
#5280 = ADVANCED_FACE('',(#5281),#5024,.T.);
#5281 = FACE_BOUND('',#5282,.T.);
#5282 = EDGE_LOOP('',(#5283,#5306,#5327,#5328));
#5283 = ORIENTED_EDGE('',*,*,#5284,.T.);
#5284 = EDGE_CURVE('',#4983,#5285,#5287,.T.);
#5285 = VERTEX_POINT('',#5286);
#5286 = CARTESIAN_POINT('',(23.35,1.181278840402,6.128337012562));
#5287 = SURFACE_CURVE('',#5288,(#5292,#5299),.PCURVE_S1.);
#5288 = LINE('',#5289,#5290);
#5289 = CARTESIAN_POINT('',(23.65,1.181278840402,6.128337012562));
#5290 = VECTOR('',#5291,1.);
#5291 = DIRECTION('',(-1.,-0.,-0.));
#5292 = PCURVE('',#5024,#5293);
#5293 = DEFINITIONAL_REPRESENTATION('',(#5294),#5298);
#5294 = LINE('',#5295,#5296);
#5295 = CARTESIAN_POINT('',(0.,0.));
#5296 = VECTOR('',#5297,1.);
#5297 = DIRECTION('',(0.,-1.));
#5298 = ( GEOMETRIC_REPRESENTATION_CONTEXT(2) 
PARAMETRIC_REPRESENTATION_CONTEXT() REPRESENTATION_CONTEXT('2D SPACE',''
  ) );
#5299 = PCURVE('',#4998,#5300);
#5300 = DEFINITIONAL_REPRESENTATION('',(#5301),#5305);
#5301 = LINE('',#5302,#5303);
#5302 = CARTESIAN_POINT('',(0.685440225596,0.));
#5303 = VECTOR('',#5304,1.);
#5304 = DIRECTION('',(0.,-1.));
#5305 = ( GEOMETRIC_REPRESENTATION_CONTEXT(2) 
PARAMETRIC_REPRESENTATION_CONTEXT() REPRESENTATION_CONTEXT('2D SPACE',''
  ) );
#5306 = ORIENTED_EDGE('',*,*,#5307,.T.);
#5307 = EDGE_CURVE('',#5285,#5209,#5308,.T.);
#5308 = SURFACE_CURVE('',#5309,(#5313,#5320),.PCURVE_S1.);
#5309 = LINE('',#5310,#5311);
#5310 = CARTESIAN_POINT('',(23.35,1.181278840402,6.128337012562));
#5311 = VECTOR('',#5312,1.);
#5312 = DIRECTION('',(0.,-0.580342849073,-0.814372259799));
#5313 = PCURVE('',#5024,#5314);
#5314 = DEFINITIONAL_REPRESENTATION('',(#5315),#5319);
#5315 = LINE('',#5316,#5317);
#5316 = CARTESIAN_POINT('',(-0.,-0.3));
#5317 = VECTOR('',#5318,1.);
#5318 = DIRECTION('',(1.,0.));
#5319 = ( GEOMETRIC_REPRESENTATION_CONTEXT(2) 
PARAMETRIC_REPRESENTATION_CONTEXT() REPRESENTATION_CONTEXT('2D SPACE',''
  ) );
#5320 = PCURVE('',#5247,#5321);
#5321 = DEFINITIONAL_REPRESENTATION('',(#5322),#5326);
#5322 = LINE('',#5323,#5324);
#5323 = CARTESIAN_POINT('',(-1.512039659687,-0.745617457792));
#5324 = VECTOR('',#5325,1.);
#5325 = DIRECTION('',(0.814372259799,0.580342849073));
#5326 = ( GEOMETRIC_REPRESENTATION_CONTEXT(2) 
PARAMETRIC_REPRESENTATION_CONTEXT() REPRESENTATION_CONTEXT('2D SPACE',''
  ) );
#5327 = ORIENTED_EDGE('',*,*,#5208,.F.);
#5328 = ORIENTED_EDGE('',*,*,#5010,.F.);
#5329 = ADVANCED_FACE('',(#5330),#4914,.T.);
#5330 = FACE_BOUND('',#5331,.T.);
#5331 = EDGE_LOOP('',(#5332,#5333,#5356,#5377));
#5332 = ORIENTED_EDGE('',*,*,#5259,.T.);
#5333 = ORIENTED_EDGE('',*,*,#5334,.T.);
#5334 = EDGE_CURVE('',#5232,#5335,#5337,.T.);
#5335 = VERTEX_POINT('',#5336);
#5336 = CARTESIAN_POINT('',(23.35,0.50038364856,3.111662987438));
#5337 = SURFACE_CURVE('',#5338,(#5342,#5349),.PCURVE_S1.);
#5338 = LINE('',#5339,#5340);
#5339 = CARTESIAN_POINT('',(23.35,1.234345180448,3.111662987438));
#5340 = VECTOR('',#5341,1.);
#5341 = DIRECTION('',(0.,-1.,0.));
#5342 = PCURVE('',#4914,#5343);
#5343 = DEFINITIONAL_REPRESENTATION('',(#5344),#5348);
#5344 = LINE('',#5345,#5346);
#5345 = CARTESIAN_POINT('',(0.,-0.3));
#5346 = VECTOR('',#5347,1.);
#5347 = DIRECTION('',(1.,0.));
#5348 = ( GEOMETRIC_REPRESENTATION_CONTEXT(2) 
PARAMETRIC_REPRESENTATION_CONTEXT() REPRESENTATION_CONTEXT('2D SPACE',''
  ) );
#5349 = PCURVE('',#5247,#5350);
#5350 = DEFINITIONAL_REPRESENTATION('',(#5351),#5355);
#5351 = LINE('',#5352,#5353);
#5352 = CARTESIAN_POINT('',(1.504634365437,-0.798683797838));
#5353 = VECTOR('',#5354,1.);
#5354 = DIRECTION('',(0.,1.));
#5355 = ( GEOMETRIC_REPRESENTATION_CONTEXT(2) 
PARAMETRIC_REPRESENTATION_CONTEXT() REPRESENTATION_CONTEXT('2D SPACE',''
  ) );
#5356 = ORIENTED_EDGE('',*,*,#5357,.F.);
#5357 = EDGE_CURVE('',#4899,#5335,#5358,.T.);
#5358 = SURFACE_CURVE('',#5359,(#5363,#5370),.PCURVE_S1.);
#5359 = LINE('',#5360,#5361);
#5360 = CARTESIAN_POINT('',(23.65,0.50038364856,3.111662987438));
#5361 = VECTOR('',#5362,1.);
#5362 = DIRECTION('',(-1.,-0.,-0.));
#5363 = PCURVE('',#4914,#5364);
#5364 = DEFINITIONAL_REPRESENTATION('',(#5365),#5369);
#5365 = LINE('',#5366,#5367);
#5366 = CARTESIAN_POINT('',(0.733961531888,0.));
#5367 = VECTOR('',#5368,1.);
#5368 = DIRECTION('',(0.,-1.));
#5369 = ( GEOMETRIC_REPRESENTATION_CONTEXT(2) 
PARAMETRIC_REPRESENTATION_CONTEXT() REPRESENTATION_CONTEXT('2D SPACE',''
  ) );
#5370 = PCURVE('',#4942,#5371);
#5371 = DEFINITIONAL_REPRESENTATION('',(#5372),#5376);
#5372 = LINE('',#5373,#5374);
#5373 = CARTESIAN_POINT('',(0.,0.));
#5374 = VECTOR('',#5375,1.);
#5375 = DIRECTION('',(0.,-1.));
#5376 = ( GEOMETRIC_REPRESENTATION_CONTEXT(2) 
PARAMETRIC_REPRESENTATION_CONTEXT() REPRESENTATION_CONTEXT('2D SPACE',''
  ) );
#5377 = ORIENTED_EDGE('',*,*,#4898,.F.);
#5378 = ADVANCED_FACE('',(#5379),#4998,.T.);
#5379 = FACE_BOUND('',#5380,.T.);
#5380 = EDGE_LOOP('',(#5381,#5404,#5425,#5426));
#5381 = ORIENTED_EDGE('',*,*,#5382,.T.);
#5382 = EDGE_CURVE('',#4955,#5383,#5385,.T.);
#5383 = VERTEX_POINT('',#5384);
#5384 = CARTESIAN_POINT('',(23.35,0.495838614806,6.128337012562));
#5385 = SURFACE_CURVE('',#5386,(#5390,#5397),.PCURVE_S1.);
#5386 = LINE('',#5387,#5388);
#5387 = CARTESIAN_POINT('',(23.65,0.495838614806,6.128337012562));
#5388 = VECTOR('',#5389,1.);
#5389 = DIRECTION('',(-1.,-0.,-0.));
#5390 = PCURVE('',#4998,#5391);
#5391 = DEFINITIONAL_REPRESENTATION('',(#5392),#5396);
#5392 = LINE('',#5393,#5394);
#5393 = CARTESIAN_POINT('',(0.,0.));
#5394 = VECTOR('',#5395,1.);
#5395 = DIRECTION('',(0.,-1.));
#5396 = ( GEOMETRIC_REPRESENTATION_CONTEXT(2) 
PARAMETRIC_REPRESENTATION_CONTEXT() REPRESENTATION_CONTEXT('2D SPACE',''
  ) );
#5397 = PCURVE('',#4970,#5398);
#5398 = DEFINITIONAL_REPRESENTATION('',(#5399),#5403);
#5399 = LINE('',#5400,#5401);
#5400 = CARTESIAN_POINT('',(1.750759689902,0.));
#5401 = VECTOR('',#5402,1.);
#5402 = DIRECTION('',(0.,-1.));
#5403 = ( GEOMETRIC_REPRESENTATION_CONTEXT(2) 
PARAMETRIC_REPRESENTATION_CONTEXT() REPRESENTATION_CONTEXT('2D SPACE',''
  ) );
#5404 = ORIENTED_EDGE('',*,*,#5405,.T.);
#5405 = EDGE_CURVE('',#5383,#5285,#5406,.T.);
#5406 = SURFACE_CURVE('',#5407,(#5411,#5418),.PCURVE_S1.);
#5407 = LINE('',#5408,#5409);
#5408 = CARTESIAN_POINT('',(23.35,0.495838614806,6.128337012562));
#5409 = VECTOR('',#5410,1.);
#5410 = DIRECTION('',(0.,1.,0.));
#5411 = PCURVE('',#4998,#5412);
#5412 = DEFINITIONAL_REPRESENTATION('',(#5413),#5417);
#5413 = LINE('',#5414,#5415);
#5414 = CARTESIAN_POINT('',(0.,-0.3));
#5415 = VECTOR('',#5416,1.);
#5416 = DIRECTION('',(1.,0.));
#5417 = ( GEOMETRIC_REPRESENTATION_CONTEXT(2) 
PARAMETRIC_REPRESENTATION_CONTEXT() REPRESENTATION_CONTEXT('2D SPACE',''
  ) );
#5418 = PCURVE('',#5247,#5419);
#5419 = DEFINITIONAL_REPRESENTATION('',(#5420),#5424);
#5420 = LINE('',#5421,#5422);
#5421 = CARTESIAN_POINT('',(-1.512039659687,-6.0177232196E-02));
#5422 = VECTOR('',#5423,1.);
#5423 = DIRECTION('',(0.,-1.));
#5424 = ( GEOMETRIC_REPRESENTATION_CONTEXT(2) 
PARAMETRIC_REPRESENTATION_CONTEXT() REPRESENTATION_CONTEXT('2D SPACE',''
  ) );
#5425 = ORIENTED_EDGE('',*,*,#5284,.F.);
#5426 = ORIENTED_EDGE('',*,*,#4982,.F.);
#5427 = ADVANCED_FACE('',(#5428),#4942,.T.);
#5428 = FACE_BOUND('',#5429,.T.);
#5429 = EDGE_LOOP('',(#5430,#5431,#5454,#5475));
#5430 = ORIENTED_EDGE('',*,*,#5357,.T.);
#5431 = ORIENTED_EDGE('',*,*,#5432,.T.);
#5432 = EDGE_CURVE('',#5335,#5433,#5435,.T.);
#5433 = VERTEX_POINT('',#5434);
#5434 = CARTESIAN_POINT('',(23.35,-0.46562028228,4.665204660039));
#5435 = SURFACE_CURVE('',#5436,(#5440,#5447),.PCURVE_S1.);
#5436 = LINE('',#5437,#5438);
#5437 = CARTESIAN_POINT('',(23.35,0.50038364856,3.111662987438));
#5438 = VECTOR('',#5439,1.);
#5439 = DIRECTION('',(0.,-0.528047998269,0.849214526209));
#5440 = PCURVE('',#4942,#5441);
#5441 = DEFINITIONAL_REPRESENTATION('',(#5442),#5446);
#5442 = LINE('',#5443,#5444);
#5443 = CARTESIAN_POINT('',(0.,-0.3));
#5444 = VECTOR('',#5445,1.);
#5445 = DIRECTION('',(1.,0.));
#5446 = ( GEOMETRIC_REPRESENTATION_CONTEXT(2) 
PARAMETRIC_REPRESENTATION_CONTEXT() REPRESENTATION_CONTEXT('2D SPACE',''
  ) );
#5447 = PCURVE('',#5247,#5448);
#5448 = DEFINITIONAL_REPRESENTATION('',(#5449),#5453);
#5449 = LINE('',#5450,#5451);
#5450 = CARTESIAN_POINT('',(1.504634365437,-6.472226595E-02));
#5451 = VECTOR('',#5452,1.);
#5452 = DIRECTION('',(-0.849214526209,0.528047998269));
#5453 = ( GEOMETRIC_REPRESENTATION_CONTEXT(2) 
PARAMETRIC_REPRESENTATION_CONTEXT() REPRESENTATION_CONTEXT('2D SPACE',''
  ) );
#5454 = ORIENTED_EDGE('',*,*,#5455,.F.);
#5455 = EDGE_CURVE('',#4927,#5433,#5456,.T.);
#5456 = SURFACE_CURVE('',#5457,(#5461,#5468),.PCURVE_S1.);
#5457 = LINE('',#5458,#5459);
#5458 = CARTESIAN_POINT('',(23.65,-0.46562028228,4.665204660039));
#5459 = VECTOR('',#5460,1.);
#5460 = DIRECTION('',(-1.,-0.,-0.));
#5461 = PCURVE('',#4942,#5462);
#5462 = DEFINITIONAL_REPRESENTATION('',(#5463),#5467);
#5463 = LINE('',#5464,#5465);
#5464 = CARTESIAN_POINT('',(1.829386597444,0.));
#5465 = VECTOR('',#5466,1.);
#5466 = DIRECTION('',(0.,-1.));
#5467 = ( GEOMETRIC_REPRESENTATION_CONTEXT(2) 
PARAMETRIC_REPRESENTATION_CONTEXT() REPRESENTATION_CONTEXT('2D SPACE',''
  ) );
#5468 = PCURVE('',#4970,#5469);
#5469 = DEFINITIONAL_REPRESENTATION('',(#5470),#5474);
#5470 = LINE('',#5471,#5472);
#5471 = CARTESIAN_POINT('',(0.,0.));
#5472 = VECTOR('',#5473,1.);
#5473 = DIRECTION('',(0.,-1.));
#5474 = ( GEOMETRIC_REPRESENTATION_CONTEXT(2) 
PARAMETRIC_REPRESENTATION_CONTEXT() REPRESENTATION_CONTEXT('2D SPACE',''
  ) );
#5475 = ORIENTED_EDGE('',*,*,#4926,.F.);
#5476 = ADVANCED_FACE('',(#5477),#4970,.T.);
#5477 = FACE_BOUND('',#5478,.T.);
#5478 = EDGE_LOOP('',(#5479,#5480,#5501,#5502));
#5479 = ORIENTED_EDGE('',*,*,#5455,.T.);
#5480 = ORIENTED_EDGE('',*,*,#5481,.T.);
#5481 = EDGE_CURVE('',#5433,#5383,#5482,.T.);
#5482 = SURFACE_CURVE('',#5483,(#5487,#5494),.PCURVE_S1.);
#5483 = LINE('',#5484,#5485);
#5484 = CARTESIAN_POINT('',(23.35,-0.46562028228,4.665204660039));
#5485 = VECTOR('',#5486,1.);
#5486 = DIRECTION('',(0.,0.549166686115,0.835712839953));
#5487 = PCURVE('',#4970,#5488);
#5488 = DEFINITIONAL_REPRESENTATION('',(#5489),#5493);
#5489 = LINE('',#5490,#5491);
#5490 = CARTESIAN_POINT('',(0.,-0.3));
#5491 = VECTOR('',#5492,1.);
#5492 = DIRECTION('',(1.,0.));
#5493 = ( GEOMETRIC_REPRESENTATION_CONTEXT(2) 
PARAMETRIC_REPRESENTATION_CONTEXT() REPRESENTATION_CONTEXT('2D SPACE',''
  ) );
#5494 = PCURVE('',#5247,#5495);
#5495 = DEFINITIONAL_REPRESENTATION('',(#5496),#5500);
#5496 = LINE('',#5497,#5498);
#5497 = CARTESIAN_POINT('',(-4.8907307164E-02,0.90128166489));
#5498 = VECTOR('',#5499,1.);
#5499 = DIRECTION('',(-0.835712839953,-0.549166686115));
#5500 = ( GEOMETRIC_REPRESENTATION_CONTEXT(2) 
PARAMETRIC_REPRESENTATION_CONTEXT() REPRESENTATION_CONTEXT('2D SPACE',''
  ) );
#5501 = ORIENTED_EDGE('',*,*,#5382,.F.);
#5502 = ORIENTED_EDGE('',*,*,#4954,.F.);
#5503 = ADVANCED_FACE('',(#5504),#5056,.T.);
#5504 = FACE_BOUND('',#5505,.T.);
#5505 = EDGE_LOOP('',(#5506,#5529,#5557,#5578));
#5506 = ORIENTED_EDGE('',*,*,#5507,.T.);
#5507 = EDGE_CURVE('',#5039,#5508,#5510,.T.);
#5508 = VERTEX_POINT('',#5509);
#5509 = CARTESIAN_POINT('',(23.35,-1.234345180448,3.111662987438));
#5510 = SURFACE_CURVE('',#5511,(#5515,#5522),.PCURVE_S1.);
#5511 = LINE('',#5512,#5513);
#5512 = CARTESIAN_POINT('',(23.65,-1.234345180448,3.111662987438));
#5513 = VECTOR('',#5514,1.);
#5514 = DIRECTION('',(-1.,-0.,-0.));
#5515 = PCURVE('',#5056,#5516);
#5516 = DEFINITIONAL_REPRESENTATION('',(#5517),#5521);
#5517 = LINE('',#5518,#5519);
#5518 = CARTESIAN_POINT('',(0.,0.));
#5519 = VECTOR('',#5520,1.);
#5520 = DIRECTION('',(0.,-1.));
#5521 = ( GEOMETRIC_REPRESENTATION_CONTEXT(2) 
PARAMETRIC_REPRESENTATION_CONTEXT() REPRESENTATION_CONTEXT('2D SPACE',''
  ) );
#5522 = PCURVE('',#5138,#5523);
#5523 = DEFINITIONAL_REPRESENTATION('',(#5524),#5528);
#5524 = LINE('',#5525,#5526);
#5525 = CARTESIAN_POINT('',(0.877437192013,0.));
#5526 = VECTOR('',#5527,1.);
#5527 = DIRECTION('',(0.,-1.));
#5528 = ( GEOMETRIC_REPRESENTATION_CONTEXT(2) 
PARAMETRIC_REPRESENTATION_CONTEXT() REPRESENTATION_CONTEXT('2D SPACE',''
  ) );
#5529 = ORIENTED_EDGE('',*,*,#5530,.T.);
#5530 = EDGE_CURVE('',#5508,#5531,#5533,.T.);
#5531 = VERTEX_POINT('',#5532);
#5532 = CARTESIAN_POINT('',(23.35,-1.234345180448,3.738386290483));
#5533 = SURFACE_CURVE('',#5534,(#5538,#5545),.PCURVE_S1.);
#5534 = LINE('',#5535,#5536);
#5535 = CARTESIAN_POINT('',(23.35,-1.234345180448,3.111662987438));
#5536 = VECTOR('',#5537,1.);
#5537 = DIRECTION('',(0.,0.,1.));
#5538 = PCURVE('',#5056,#5539);
#5539 = DEFINITIONAL_REPRESENTATION('',(#5540),#5544);
#5540 = LINE('',#5541,#5542);
#5541 = CARTESIAN_POINT('',(0.,-0.3));
#5542 = VECTOR('',#5543,1.);
#5543 = DIRECTION('',(1.,0.));
#5544 = ( GEOMETRIC_REPRESENTATION_CONTEXT(2) 
PARAMETRIC_REPRESENTATION_CONTEXT() REPRESENTATION_CONTEXT('2D SPACE',''
  ) );
#5545 = PCURVE('',#5546,#5551);
#5546 = PLANE('',#5547);
#5547 = AXIS2_PLACEMENT_3D('',#5548,#5549,#5550);
#5548 = CARTESIAN_POINT('',(23.35,-0.795626584442,3.425024638961));
#5549 = DIRECTION('',(-1.,-0.,-0.));
#5550 = DIRECTION('',(0.,0.,-1.));
#5551 = DEFINITIONAL_REPRESENTATION('',(#5552),#5556);
#5552 = LINE('',#5553,#5554);
#5553 = CARTESIAN_POINT('',(0.313361651523,0.438718596006));
#5554 = VECTOR('',#5555,1.);
#5555 = DIRECTION('',(-1.,0.));
#5556 = ( GEOMETRIC_REPRESENTATION_CONTEXT(2) 
PARAMETRIC_REPRESENTATION_CONTEXT() REPRESENTATION_CONTEXT('2D SPACE',''
  ) );
#5557 = ORIENTED_EDGE('',*,*,#5558,.F.);
#5558 = EDGE_CURVE('',#5041,#5531,#5559,.T.);
#5559 = SURFACE_CURVE('',#5560,(#5564,#5571),.PCURVE_S1.);
#5560 = LINE('',#5561,#5562);
#5561 = CARTESIAN_POINT('',(23.65,-1.234345180448,3.738386290483));
#5562 = VECTOR('',#5563,1.);
#5563 = DIRECTION('',(-1.,-0.,-0.));
#5564 = PCURVE('',#5056,#5565);
#5565 = DEFINITIONAL_REPRESENTATION('',(#5566),#5570);
#5566 = LINE('',#5567,#5568);
#5567 = CARTESIAN_POINT('',(0.626723303045,0.));
#5568 = VECTOR('',#5569,1.);
#5569 = DIRECTION('',(0.,-1.));
#5570 = ( GEOMETRIC_REPRESENTATION_CONTEXT(2) 
PARAMETRIC_REPRESENTATION_CONTEXT() REPRESENTATION_CONTEXT('2D SPACE',''
  ) );
#5571 = PCURVE('',#5084,#5572);
#5572 = DEFINITIONAL_REPRESENTATION('',(#5573),#5577);
#5573 = LINE('',#5574,#5575);
#5574 = CARTESIAN_POINT('',(0.,0.));
#5575 = VECTOR('',#5576,1.);
#5576 = DIRECTION('',(0.,-1.));
#5577 = ( GEOMETRIC_REPRESENTATION_CONTEXT(2) 
PARAMETRIC_REPRESENTATION_CONTEXT() REPRESENTATION_CONTEXT('2D SPACE',''
  ) );
#5578 = ORIENTED_EDGE('',*,*,#5038,.F.);
#5579 = ADVANCED_FACE('',(#5580),#5138,.T.);
#5580 = FACE_BOUND('',#5581,.T.);
#5581 = EDGE_LOOP('',(#5582,#5605,#5626,#5627));
#5582 = ORIENTED_EDGE('',*,*,#5583,.T.);
#5583 = EDGE_CURVE('',#5097,#5584,#5586,.T.);
#5584 = VERTEX_POINT('',#5585);
#5585 = CARTESIAN_POINT('',(23.35,-0.356907988435,3.111662987438));
#5586 = SURFACE_CURVE('',#5587,(#5591,#5598),.PCURVE_S1.);
#5587 = LINE('',#5588,#5589);
#5588 = CARTESIAN_POINT('',(23.65,-0.356907988435,3.111662987438));
#5589 = VECTOR('',#5590,1.);
#5590 = DIRECTION('',(-1.,-0.,-0.));
#5591 = PCURVE('',#5138,#5592);
#5592 = DEFINITIONAL_REPRESENTATION('',(#5593),#5597);
#5593 = LINE('',#5594,#5595);
#5594 = CARTESIAN_POINT('',(0.,0.));
#5595 = VECTOR('',#5596,1.);
#5596 = DIRECTION('',(0.,-1.));
#5597 = ( GEOMETRIC_REPRESENTATION_CONTEXT(2) 
PARAMETRIC_REPRESENTATION_CONTEXT() REPRESENTATION_CONTEXT('2D SPACE',''
  ) );
#5598 = PCURVE('',#5112,#5599);
#5599 = DEFINITIONAL_REPRESENTATION('',(#5600),#5604);
#5600 = LINE('',#5601,#5602);
#5601 = CARTESIAN_POINT('',(0.626723303045,0.));
#5602 = VECTOR('',#5603,1.);
#5603 = DIRECTION('',(0.,-1.));
#5604 = ( GEOMETRIC_REPRESENTATION_CONTEXT(2) 
PARAMETRIC_REPRESENTATION_CONTEXT() REPRESENTATION_CONTEXT('2D SPACE',''
  ) );
#5605 = ORIENTED_EDGE('',*,*,#5606,.T.);
#5606 = EDGE_CURVE('',#5584,#5508,#5607,.T.);
#5607 = SURFACE_CURVE('',#5608,(#5612,#5619),.PCURVE_S1.);
#5608 = LINE('',#5609,#5610);
#5609 = CARTESIAN_POINT('',(23.35,-0.356907988435,3.111662987438));
#5610 = VECTOR('',#5611,1.);
#5611 = DIRECTION('',(0.,-1.,0.));
#5612 = PCURVE('',#5138,#5613);
#5613 = DEFINITIONAL_REPRESENTATION('',(#5614),#5618);
#5614 = LINE('',#5615,#5616);
#5615 = CARTESIAN_POINT('',(0.,-0.3));
#5616 = VECTOR('',#5617,1.);
#5617 = DIRECTION('',(1.,0.));
#5618 = ( GEOMETRIC_REPRESENTATION_CONTEXT(2) 
PARAMETRIC_REPRESENTATION_CONTEXT() REPRESENTATION_CONTEXT('2D SPACE',''
  ) );
#5619 = PCURVE('',#5546,#5620);
#5620 = DEFINITIONAL_REPRESENTATION('',(#5621),#5625);
#5621 = LINE('',#5622,#5623);
#5622 = CARTESIAN_POINT('',(0.313361651523,-0.438718596007));
#5623 = VECTOR('',#5624,1.);
#5624 = DIRECTION('',(0.,1.));
#5625 = ( GEOMETRIC_REPRESENTATION_CONTEXT(2) 
PARAMETRIC_REPRESENTATION_CONTEXT() REPRESENTATION_CONTEXT('2D SPACE',''
  ) );
#5626 = ORIENTED_EDGE('',*,*,#5507,.F.);
#5627 = ORIENTED_EDGE('',*,*,#5124,.F.);
#5628 = ADVANCED_FACE('',(#5629),#5112,.T.);
#5629 = FACE_BOUND('',#5630,.T.);
#5630 = EDGE_LOOP('',(#5631,#5654,#5675,#5676));
#5631 = ORIENTED_EDGE('',*,*,#5632,.T.);
#5632 = EDGE_CURVE('',#5069,#5633,#5635,.T.);
#5633 = VERTEX_POINT('',#5634);
#5634 = CARTESIAN_POINT('',(23.35,-0.356907988435,3.738386290483));
#5635 = SURFACE_CURVE('',#5636,(#5640,#5647),.PCURVE_S1.);
#5636 = LINE('',#5637,#5638);
#5637 = CARTESIAN_POINT('',(23.65,-0.356907988435,3.738386290483));
#5638 = VECTOR('',#5639,1.);
#5639 = DIRECTION('',(-1.,-0.,-0.));
#5640 = PCURVE('',#5112,#5641);
#5641 = DEFINITIONAL_REPRESENTATION('',(#5642),#5646);
#5642 = LINE('',#5643,#5644);
#5643 = CARTESIAN_POINT('',(0.,0.));
#5644 = VECTOR('',#5645,1.);
#5645 = DIRECTION('',(0.,-1.));
#5646 = ( GEOMETRIC_REPRESENTATION_CONTEXT(2) 
PARAMETRIC_REPRESENTATION_CONTEXT() REPRESENTATION_CONTEXT('2D SPACE',''
  ) );
#5647 = PCURVE('',#5084,#5648);
#5648 = DEFINITIONAL_REPRESENTATION('',(#5649),#5653);
#5649 = LINE('',#5650,#5651);
#5650 = CARTESIAN_POINT('',(0.877437192013,0.));
#5651 = VECTOR('',#5652,1.);
#5652 = DIRECTION('',(0.,-1.));
#5653 = ( GEOMETRIC_REPRESENTATION_CONTEXT(2) 
PARAMETRIC_REPRESENTATION_CONTEXT() REPRESENTATION_CONTEXT('2D SPACE',''
  ) );
#5654 = ORIENTED_EDGE('',*,*,#5655,.T.);
#5655 = EDGE_CURVE('',#5633,#5584,#5656,.T.);
#5656 = SURFACE_CURVE('',#5657,(#5661,#5668),.PCURVE_S1.);
#5657 = LINE('',#5658,#5659);
#5658 = CARTESIAN_POINT('',(23.35,-0.356907988435,3.738386290483));
#5659 = VECTOR('',#5660,1.);
#5660 = DIRECTION('',(0.,0.,-1.));
#5661 = PCURVE('',#5112,#5662);
#5662 = DEFINITIONAL_REPRESENTATION('',(#5663),#5667);
#5663 = LINE('',#5664,#5665);
#5664 = CARTESIAN_POINT('',(0.,-0.3));
#5665 = VECTOR('',#5666,1.);
#5666 = DIRECTION('',(1.,0.));
#5667 = ( GEOMETRIC_REPRESENTATION_CONTEXT(2) 
PARAMETRIC_REPRESENTATION_CONTEXT() REPRESENTATION_CONTEXT('2D SPACE',''
  ) );
#5668 = PCURVE('',#5546,#5669);
#5669 = DEFINITIONAL_REPRESENTATION('',(#5670),#5674);
#5670 = LINE('',#5671,#5672);
#5671 = CARTESIAN_POINT('',(-0.313361651522,-0.438718596007));
#5672 = VECTOR('',#5673,1.);
#5673 = DIRECTION('',(1.,0.));
#5674 = ( GEOMETRIC_REPRESENTATION_CONTEXT(2) 
PARAMETRIC_REPRESENTATION_CONTEXT() REPRESENTATION_CONTEXT('2D SPACE',''
  ) );
#5675 = ORIENTED_EDGE('',*,*,#5583,.F.);
#5676 = ORIENTED_EDGE('',*,*,#5096,.F.);
#5677 = ADVANCED_FACE('',(#5678),#5084,.T.);
#5678 = FACE_BOUND('',#5679,.T.);
#5679 = EDGE_LOOP('',(#5680,#5681,#5702,#5703));
#5680 = ORIENTED_EDGE('',*,*,#5558,.T.);
#5681 = ORIENTED_EDGE('',*,*,#5682,.T.);
#5682 = EDGE_CURVE('',#5531,#5633,#5683,.T.);
#5683 = SURFACE_CURVE('',#5684,(#5688,#5695),.PCURVE_S1.);
#5684 = LINE('',#5685,#5686);
#5685 = CARTESIAN_POINT('',(23.35,-1.234345180448,3.738386290483));
#5686 = VECTOR('',#5687,1.);
#5687 = DIRECTION('',(0.,1.,0.));
#5688 = PCURVE('',#5084,#5689);
#5689 = DEFINITIONAL_REPRESENTATION('',(#5690),#5694);
#5690 = LINE('',#5691,#5692);
#5691 = CARTESIAN_POINT('',(0.,-0.3));
#5692 = VECTOR('',#5693,1.);
#5693 = DIRECTION('',(1.,0.));
#5694 = ( GEOMETRIC_REPRESENTATION_CONTEXT(2) 
PARAMETRIC_REPRESENTATION_CONTEXT() REPRESENTATION_CONTEXT('2D SPACE',''
  ) );
#5695 = PCURVE('',#5546,#5696);
#5696 = DEFINITIONAL_REPRESENTATION('',(#5697),#5701);
#5697 = LINE('',#5698,#5699);
#5698 = CARTESIAN_POINT('',(-0.313361651522,0.438718596006));
#5699 = VECTOR('',#5700,1.);
#5700 = DIRECTION('',(0.,-1.));
#5701 = ( GEOMETRIC_REPRESENTATION_CONTEXT(2) 
PARAMETRIC_REPRESENTATION_CONTEXT() REPRESENTATION_CONTEXT('2D SPACE',''
  ) );
#5702 = ORIENTED_EDGE('',*,*,#5632,.F.);
#5703 = ORIENTED_EDGE('',*,*,#5068,.F.);
#5704 = ADVANCED_FACE('',(#5705,#5708),#5191,.F.);
#5705 = FACE_BOUND('',#5706,.F.);
#5706 = EDGE_LOOP('',(#5707));
#5707 = ORIENTED_EDGE('',*,*,#5176,.T.);
#5708 = FACE_BOUND('',#5709,.F.);
#5709 = EDGE_LOOP('',(#5710));
#5710 = ORIENTED_EDGE('',*,*,#5711,.T.);
#5711 = EDGE_CURVE('',#5712,#5712,#5714,.T.);
#5712 = VERTEX_POINT('',#5713);
#5713 = CARTESIAN_POINT('',(20.6,1.975,4.62));
#5714 = SURFACE_CURVE('',#5715,(#5720,#5731),.PCURVE_S1.);
#5715 = CIRCLE('',#5716,1.975);
#5716 = AXIS2_PLACEMENT_3D('',#5717,#5718,#5719);
#5717 = CARTESIAN_POINT('',(20.6,0.,4.62));
#5718 = DIRECTION('',(-1.,0.,0.));
#5719 = DIRECTION('',(0.,1.,0.));
#5720 = PCURVE('',#5191,#5721);
#5721 = DEFINITIONAL_REPRESENTATION('',(#5722),#5730);
#5722 = ( BOUNDED_CURVE() B_SPLINE_CURVE(2,(#5723,#5724,#5725,#5726,
#5727,#5728,#5729),.UNSPECIFIED.,.T.,.F.) B_SPLINE_CURVE_WITH_KNOTS((1,2
    ,2,2,2,1),(-2.094395102393,0.,2.094395102393,4.188790204786,
6.28318530718,8.377580409573),.UNSPECIFIED.) CURVE() 
GEOMETRIC_REPRESENTATION_ITEM() RATIONAL_B_SPLINE_CURVE((1.,0.5,1.,0.5,
1.,0.5,1.)) REPRESENTATION_ITEM('') );
#5723 = CARTESIAN_POINT('',(0.,-1.975));
#5724 = CARTESIAN_POINT('',(-3.420800344949,-1.975));
#5725 = CARTESIAN_POINT('',(-1.710400172474,0.9875));
#5726 = CARTESIAN_POINT('',(-4.837354856632E-16,3.95));
#5727 = CARTESIAN_POINT('',(1.710400172474,0.9875));
#5728 = CARTESIAN_POINT('',(3.420800344949,-1.975));
#5729 = CARTESIAN_POINT('',(0.,-1.975));
#5730 = ( GEOMETRIC_REPRESENTATION_CONTEXT(2) 
PARAMETRIC_REPRESENTATION_CONTEXT() REPRESENTATION_CONTEXT('2D SPACE',''
  ) );
#5731 = PCURVE('',#5732,#5737);
#5732 = CYLINDRICAL_SURFACE('',#5733,1.975);
#5733 = AXIS2_PLACEMENT_3D('',#5734,#5735,#5736);
#5734 = CARTESIAN_POINT('',(19.7,0.,4.62));
#5735 = DIRECTION('',(-1.,-0.,-0.));
#5736 = DIRECTION('',(0.,1.,0.));
#5737 = DEFINITIONAL_REPRESENTATION('',(#5738),#5742);
#5738 = LINE('',#5739,#5740);
#5739 = CARTESIAN_POINT('',(-4.138911435803E-13,-0.9));
#5740 = VECTOR('',#5741,1.);
#5741 = DIRECTION('',(1.,-0.));
#5742 = ( GEOMETRIC_REPRESENTATION_CONTEXT(2) 
PARAMETRIC_REPRESENTATION_CONTEXT() REPRESENTATION_CONTEXT('2D SPACE',''
  ) );
#5743 = ADVANCED_FACE('',(#5744),#5247,.F.);
#5744 = FACE_BOUND('',#5745,.F.);
#5745 = EDGE_LOOP('',(#5746,#5747,#5748,#5749,#5750,#5751));
#5746 = ORIENTED_EDGE('',*,*,#5334,.T.);
#5747 = ORIENTED_EDGE('',*,*,#5432,.T.);
#5748 = ORIENTED_EDGE('',*,*,#5481,.T.);
#5749 = ORIENTED_EDGE('',*,*,#5405,.T.);
#5750 = ORIENTED_EDGE('',*,*,#5307,.T.);
#5751 = ORIENTED_EDGE('',*,*,#5231,.T.);
#5752 = ADVANCED_FACE('',(#5753),#5546,.F.);
#5753 = FACE_BOUND('',#5754,.F.);
#5754 = EDGE_LOOP('',(#5755,#5756,#5757,#5758));
#5755 = ORIENTED_EDGE('',*,*,#5682,.T.);
#5756 = ORIENTED_EDGE('',*,*,#5655,.T.);
#5757 = ORIENTED_EDGE('',*,*,#5606,.T.);
#5758 = ORIENTED_EDGE('',*,*,#5530,.T.);
#5759 = ADVANCED_FACE('',(#5760),#5732,.F.);
#5760 = FACE_BOUND('',#5761,.F.);
#5761 = EDGE_LOOP('',(#5762,#5785,#5812,#5813));
#5762 = ORIENTED_EDGE('',*,*,#5763,.T.);
#5763 = EDGE_CURVE('',#5712,#5764,#5766,.T.);
#5764 = VERTEX_POINT('',#5765);
#5765 = CARTESIAN_POINT('',(22.65,1.975,4.62));
#5766 = SEAM_CURVE('',#5767,(#5771,#5778),.PCURVE_S1.);
#5767 = LINE('',#5768,#5769);
#5768 = CARTESIAN_POINT('',(19.7,1.975,4.62));
#5769 = VECTOR('',#5770,1.);
#5770 = DIRECTION('',(1.,0.,0.));
#5771 = PCURVE('',#5732,#5772);
#5772 = DEFINITIONAL_REPRESENTATION('',(#5773),#5777);
#5773 = LINE('',#5774,#5775);
#5774 = CARTESIAN_POINT('',(-4.138911435803E-13,0.));
#5775 = VECTOR('',#5776,1.);
#5776 = DIRECTION('',(-0.,-1.));
#5777 = ( GEOMETRIC_REPRESENTATION_CONTEXT(2) 
PARAMETRIC_REPRESENTATION_CONTEXT() REPRESENTATION_CONTEXT('2D SPACE',''
  ) );
#5778 = PCURVE('',#5732,#5779);
#5779 = DEFINITIONAL_REPRESENTATION('',(#5780),#5784);
#5780 = LINE('',#5781,#5782);
#5781 = CARTESIAN_POINT('',(6.28318530718,0.));
#5782 = VECTOR('',#5783,1.);
#5783 = DIRECTION('',(-0.,-1.));
#5784 = ( GEOMETRIC_REPRESENTATION_CONTEXT(2) 
PARAMETRIC_REPRESENTATION_CONTEXT() REPRESENTATION_CONTEXT('2D SPACE',''
  ) );
#5785 = ORIENTED_EDGE('',*,*,#5786,.F.);
#5786 = EDGE_CURVE('',#5764,#5764,#5787,.T.);
#5787 = SURFACE_CURVE('',#5788,(#5793,#5800),.PCURVE_S1.);
#5788 = CIRCLE('',#5789,1.975);
#5789 = AXIS2_PLACEMENT_3D('',#5790,#5791,#5792);
#5790 = CARTESIAN_POINT('',(22.65,0.,4.62));
#5791 = DIRECTION('',(1.,0.,0.));
#5792 = DIRECTION('',(-0.,1.,0.));
#5793 = PCURVE('',#5732,#5794);
#5794 = DEFINITIONAL_REPRESENTATION('',(#5795),#5799);
#5795 = LINE('',#5796,#5797);
#5796 = CARTESIAN_POINT('',(6.28318530718,-2.95));
#5797 = VECTOR('',#5798,1.);
#5798 = DIRECTION('',(-1.,0.));
#5799 = ( GEOMETRIC_REPRESENTATION_CONTEXT(2) 
PARAMETRIC_REPRESENTATION_CONTEXT() REPRESENTATION_CONTEXT('2D SPACE',''
  ) );
#5800 = PCURVE('',#5801,#5806);
#5801 = PLANE('',#5802);
#5802 = AXIS2_PLACEMENT_3D('',#5803,#5804,#5805);
#5803 = CARTESIAN_POINT('',(22.65,-1.730936876632E-16,4.62));
#5804 = DIRECTION('',(1.,0.,0.));
#5805 = DIRECTION('',(-0.,0.,1.));
#5806 = DEFINITIONAL_REPRESENTATION('',(#5807),#5811);
#5807 = CIRCLE('',#5808,1.975);
#5808 = AXIS2_PLACEMENT_2D('',#5809,#5810);
#5809 = CARTESIAN_POINT('',(0.,-1.730936876632E-16));
#5810 = DIRECTION('',(0.,-1.));
#5811 = ( GEOMETRIC_REPRESENTATION_CONTEXT(2) 
PARAMETRIC_REPRESENTATION_CONTEXT() REPRESENTATION_CONTEXT('2D SPACE',''
  ) );
#5812 = ORIENTED_EDGE('',*,*,#5763,.F.);
#5813 = ORIENTED_EDGE('',*,*,#5711,.F.);
#5814 = ADVANCED_FACE('',(#5815),#5801,.F.);
#5815 = FACE_BOUND('',#5816,.F.);
#5816 = EDGE_LOOP('',(#5817));
#5817 = ORIENTED_EDGE('',*,*,#5786,.T.);
#5818 = ( GEOMETRIC_REPRESENTATION_CONTEXT(3) 
GLOBAL_UNCERTAINTY_ASSIGNED_CONTEXT((#5822)) 
GLOBAL_UNIT_ASSIGNED_CONTEXT((#5819,#5820,#5821)) REPRESENTATION_CONTEXT
('Context #1','3D Context with UNIT and UNCERTAINTY') );
#5819 = ( LENGTH_UNIT() NAMED_UNIT(*) SI_UNIT(.MILLI.,.METRE.) );
#5820 = ( NAMED_UNIT(*) PLANE_ANGLE_UNIT() SI_UNIT($,.RADIAN.) );
#5821 = ( NAMED_UNIT(*) SI_UNIT($,.STERADIAN.) SOLID_ANGLE_UNIT() );
#5822 = UNCERTAINTY_MEASURE_WITH_UNIT(LENGTH_MEASURE(1.E-07),#5819,
  'distance_accuracy_value','confusion accuracy');
#5823 = CONTEXT_DEPENDENT_SHAPE_REPRESENTATION(#5824,#5826);
#5824 = ( REPRESENTATION_RELATIONSHIP('','',#247,#10) 
REPRESENTATION_RELATIONSHIP_WITH_TRANSFORMATION(#5825) 
SHAPE_REPRESENTATION_RELATIONSHIP() );
#5825 = ITEM_DEFINED_TRANSFORMATION('','',#11,#19);
#5826 = PRODUCT_DEFINITION_SHAPE('Placement','Placement of an item',
  #5827);
#5827 = NEXT_ASSEMBLY_USAGE_OCCURRENCE('2','','',#5,#242,$);
#5828 = PRODUCT_RELATED_PRODUCT_CATEGORY('part',$,(#244));
ENDSEC;
END-ISO-10303-21;
